,proband_id,test_name,trialn,rsp
0,4273,cvlt2,0,truck
1,4273,cvlt2,0,spinach
2,4273,cvlt2,0,boat
3,4273,cvlt2,0,cabbage
4,4273,cvlt2,0,intrusion
5,4273,cvlt2,0,squirrel
6,4273,cvlt2,1,motorcycle
7,4273,cvlt2,1,cabbage
8,4273,cvlt2,1,boat
9,4273,cvlt2,1,truck
10,4273,cvlt2,1,cabinet
11,4273,cvlt2,1,celery
12,4273,cvlt2,2,zebra
13,4273,cvlt2,2,cow
14,4273,cvlt2,2,cabinet
15,4273,cvlt2,2,squirrel
16,4273,cvlt2,2,desk
17,4273,cvlt2,2,boat
18,4273,cvlt2,2,celery
19,4273,cvlt2,3,cabbage
20,4273,cvlt2,3,lamp
21,4273,cvlt2,3,desk
22,4273,cvlt2,3,boat
23,4273,cvlt2,3,zebra
24,4273,cvlt2,3,intrusion
25,4273,cvlt2,3,truck
26,4273,cvlt2,3,lamp
27,4273,cvlt2,3,intrusion
28,4273,cvlt2,4,cabbage
29,4273,cvlt2,4,cabinet
30,4273,cvlt2,4,motorcycle
31,4273,cvlt2,4,zebra
32,4273,cvlt2,4,celery
33,4273,cvlt2,4,boat
34,4273,cvlt2,4,desk
35,4273,cvlt2,4,intrusion
36,4273,cvlt2,4,truck
0,4307,cvlt2,0,truck
1,4307,cvlt2,0,spinach
2,4307,cvlt2,0,giraffe
3,4307,cvlt2,0,bookcase
4,4307,cvlt2,0,subway
5,4307,cvlt2,1,truck
6,4307,cvlt2,1,spinach
7,4307,cvlt2,1,giraffe
8,4307,cvlt2,1,bookcase
9,4307,cvlt2,1,squirrel
10,4307,cvlt2,1,cabbage
11,4307,cvlt2,1,giraffe
12,4307,cvlt2,1,subway
13,4307,cvlt2,2,truck
14,4307,cvlt2,2,spinach
15,4307,cvlt2,2,giraffe
16,4307,cvlt2,2,squirrel
17,4307,cvlt2,2,bookcase
18,4307,cvlt2,2,motorcycle
19,4307,cvlt2,2,onion
20,4307,cvlt2,3,cabbage
21,4307,cvlt2,3,squirrel
22,4307,cvlt2,3,truck
23,4307,cvlt2,3,bookcase
24,4307,cvlt2,3,onion
25,4307,cvlt2,3,celery
26,4307,cvlt2,3,zebra
27,4307,cvlt2,3,giraffe
28,4307,cvlt2,3,subway
29,4307,cvlt2,3,cabinet
30,4307,cvlt2,3,onion
31,4307,cvlt2,3,motorcycle
32,4307,cvlt2,3,spinach
33,4307,cvlt2,4,cabbage
34,4307,cvlt2,4,squirrel
35,4307,cvlt2,4,giraffe
36,4307,cvlt2,4,zebra
37,4307,cvlt2,4,cabinet
38,4307,cvlt2,4,bookcase
39,4307,cvlt2,4,giraffe
40,4307,cvlt2,4,subway
41,4307,cvlt2,4,spinach
42,4307,cvlt2,4,onion
43,4307,cvlt2,4,motorcycle
44,4307,cvlt2,4,celery
45,4307,cvlt2,4,onion
46,4307,cvlt2,4,truck
0,4346,cvlt2,0,truck
1,4346,cvlt2,0,spinach
2,4346,cvlt2,0,boat
3,4346,cvlt2,0,giraffe
4,4346,cvlt2,0,cabbage
5,4346,cvlt2,0,cabinet
6,4346,cvlt2,0,intrusion
7,4346,cvlt2,0,onion
8,4346,cvlt2,1,cabbage
9,4346,cvlt2,1,squirrel
10,4346,cvlt2,1,boat
11,4346,cvlt2,1,bookcase
12,4346,cvlt2,1,onion
13,4346,cvlt2,1,zebra
14,4346,cvlt2,1,boat
15,4346,cvlt2,1,intrusion
16,4346,cvlt2,1,desk
17,4346,cvlt2,2,truck
18,4346,cvlt2,2,spinach
19,4346,cvlt2,2,boat
20,4346,cvlt2,2,cabbage
21,4346,cvlt2,2,squirrel
22,4346,cvlt2,2,giraffe
23,4346,cvlt2,2,lamp
24,4346,cvlt2,2,desk
25,4346,cvlt2,2,celery
26,4346,cvlt2,2,motorcycle
27,4346,cvlt2,2,truck
28,4346,cvlt2,2,giraffe
29,4346,cvlt2,2,boat
30,4346,cvlt2,2,celery
31,4346,cvlt2,2,desk
32,4346,cvlt2,2,zebra
33,4346,cvlt2,3,squirrel
34,4346,cvlt2,3,cabinet
35,4346,cvlt2,3,bookcase
36,4346,cvlt2,3,desk
37,4346,cvlt2,3,subway
38,4346,cvlt2,3,onion
39,4346,cvlt2,3,celery
40,4346,cvlt2,3,zebra
41,4346,cvlt2,3,motorcycle
42,4346,cvlt2,3,boat
43,4346,cvlt2,3,giraffe
44,4346,cvlt2,4,lamp
45,4346,cvlt2,4,cow
46,4346,cvlt2,4,squirrel
47,4346,cvlt2,4,cabbage
48,4346,cvlt2,4,boat
49,4346,cvlt2,4,cabinet
50,4346,cvlt2,4,desk
51,4346,cvlt2,4,zebra
52,4346,cvlt2,4,celery
53,4346,cvlt2,4,cabbage
54,4346,cvlt2,4,truck
55,4346,cvlt2,4,motorcycle
56,4346,cvlt2,4,desk
0,4365,cvlt2,0,cabbage
1,4365,cvlt2,0,squirrel
2,4365,cvlt2,0,spinach
3,4365,cvlt2,0,desk
4,4365,cvlt2,0,subway
5,4365,cvlt2,0,giraffe
6,4365,cvlt2,0,onion
7,4365,cvlt2,0,squirrel
8,4365,cvlt2,0,truck
9,4365,cvlt2,1,cabbage
10,4365,cvlt2,1,boat
11,4365,cvlt2,1,cow
12,4365,cvlt2,1,celery
13,4365,cvlt2,1,subway
14,4365,cvlt2,1,cabinet
15,4365,cvlt2,1,giraffe
16,4365,cvlt2,1,squirrel
17,4365,cvlt2,1,spinach
18,4365,cvlt2,1,intrusion
19,4365,cvlt2,1,celery
20,4365,cvlt2,1,subway
21,4365,cvlt2,1,truck
22,4365,cvlt2,2,zebra
23,4365,cvlt2,2,motorcycle
24,4365,cvlt2,2,cabbage
25,4365,cvlt2,2,spinach
26,4365,cvlt2,2,giraffe
27,4365,cvlt2,2,cow
28,4365,cvlt2,2,truck
29,4365,cvlt2,2,giraffe
30,4365,cvlt2,2,cabinet
31,4365,cvlt2,2,motorcycle
32,4365,cvlt2,2,intrusion
33,4365,cvlt2,2,celery
34,4365,cvlt2,3,squirrel
35,4365,cvlt2,3,cabbage
36,4365,cvlt2,3,bookcase
37,4365,cvlt2,3,onion
38,4365,cvlt2,3,giraffe
39,4365,cvlt2,3,celery
40,4365,cvlt2,3,cabbage
41,4365,cvlt2,3,subway
42,4365,cvlt2,3,motorcycle
43,4365,cvlt2,3,cabinet
44,4365,cvlt2,3,zebra
45,4365,cvlt2,3,giraffe
46,4365,cvlt2,3,cow
47,4365,cvlt2,3,cabbage
48,4365,cvlt2,3,onion
49,4365,cvlt2,3,intrusion
50,4365,cvlt2,3,spinach
51,4365,cvlt2,3,onion
52,4365,cvlt2,3,truck
53,4365,cvlt2,3,cabbage
54,4365,cvlt2,3,celery
55,4365,cvlt2,3,squirrel
56,4365,cvlt2,4,lamp
57,4365,cvlt2,4,boat
58,4365,cvlt2,4,cabbage
59,4365,cvlt2,4,spinach
60,4365,cvlt2,4,celery
61,4365,cvlt2,4,squirrel
62,4365,cvlt2,4,cow
63,4365,cvlt2,4,giraffe
64,4365,cvlt2,4,truck
65,4365,cvlt2,4,motorcycle
66,4365,cvlt2,4,cabinet
67,4365,cvlt2,4,intrusion
68,4365,cvlt2,4,onion
69,4365,cvlt2,4,boat
70,4365,cvlt2,4,lamp
0,4367,cvlt2,0,subway
1,4367,cvlt2,0,bookcase
2,4367,cvlt2,0,truck
3,4367,cvlt2,1,truck
4,4367,cvlt2,1,bookcase
5,4367,cvlt2,1,subway
6,4367,cvlt2,2,truck
7,4367,cvlt2,2,bookcase
8,4367,cvlt2,2,subway
9,4367,cvlt2,2,squirrel
10,4367,cvlt2,3,bookcase
11,4367,cvlt2,3,subway
12,4367,cvlt2,3,squirrel
13,4367,cvlt2,3,cabbage
14,4367,cvlt2,4,truck
15,4367,cvlt2,4,bookcase
16,4367,cvlt2,4,squirrel
17,4367,cvlt2,4,cow
18,4367,cvlt2,4,spinach
0,4368,cvlt2,0,spinach
1,4368,cvlt2,0,boat
2,4368,cvlt2,1,cabbage
3,4368,cvlt2,1,boat
4,4368,cvlt2,1,celery
5,4368,cvlt2,1,spinach
6,4368,cvlt2,1,boat
7,4368,cvlt2,2,boat
8,4368,cvlt2,2,spinach
9,4368,cvlt2,2,cabbage
10,4368,cvlt2,3,cabbage
11,4368,cvlt2,3,spinach
12,4368,cvlt2,3,boat
13,4368,cvlt2,3,celery
14,4368,cvlt2,4,cabbage
15,4368,cvlt2,4,spinach
16,4368,cvlt2,4,boat
17,4368,cvlt2,4,spinach
18,4368,cvlt2,4,celery
0,4369,cvlt2,0,truck
1,4369,cvlt2,0,spinach
2,4369,cvlt2,0,cow
3,4369,cvlt2,0,lamp
4,4369,cvlt2,0,cabbage
5,4369,cvlt2,0,boat
6,4369,cvlt2,0,onion
7,4369,cvlt2,1,truck
8,4369,cvlt2,1,spinach
9,4369,cvlt2,1,bookcase
10,4369,cvlt2,1,onion
11,4369,cvlt2,1,zebra
12,4369,cvlt2,1,desk
13,4369,cvlt2,1,celery
14,4369,cvlt2,2,truck
15,4369,cvlt2,2,spinach
16,4369,cvlt2,2,celery
17,4369,cvlt2,2,desk
18,4369,cvlt2,2,zebra
19,4369,cvlt2,2,subway
20,4369,cvlt2,2,squirrel
21,4369,cvlt2,2,boat
22,4369,cvlt2,3,truck
23,4369,cvlt2,3,spinach
24,4369,cvlt2,3,cow
25,4369,cvlt2,3,giraffe
26,4369,cvlt2,3,celery
27,4369,cvlt2,3,desk
28,4369,cvlt2,3,cabinet
29,4369,cvlt2,3,boat
30,4369,cvlt2,3,zebra
31,4369,cvlt2,4,truck
32,4369,cvlt2,4,spinach
33,4369,cvlt2,4,cow
34,4369,cvlt2,4,giraffe
35,4369,cvlt2,4,celery
36,4369,cvlt2,4,zebra
37,4369,cvlt2,4,boat
38,4369,cvlt2,4,desk
39,4369,cvlt2,4,cabinet
40,4369,cvlt2,4,squirrel
0,4370,cvlt2,0,truck
1,4370,cvlt2,0,spinach
2,4370,cvlt2,0,cabbage
3,4370,cvlt2,0,intrusion
4,4370,cvlt2,1,celery
5,4370,cvlt2,1,onion
6,4370,cvlt2,1,bookcase
7,4370,cvlt2,1,squirrel
8,4370,cvlt2,1,zebra
9,4370,cvlt2,1,spinach
10,4370,cvlt2,1,truck
11,4370,cvlt2,1,squirrel
12,4370,cvlt2,1,cabbage
13,4370,cvlt2,1,bookcase
14,4370,cvlt2,1,zebra
15,4370,cvlt2,1,celery
16,4370,cvlt2,2,desk
17,4370,cvlt2,2,boat
18,4370,cvlt2,2,subway
19,4370,cvlt2,2,giraffe
20,4370,cvlt2,2,zebra
21,4370,cvlt2,2,truck
22,4370,cvlt2,2,cabbage
23,4370,cvlt2,2,spinach
24,4370,cvlt2,2,bookcase
25,4370,cvlt2,3,onion
26,4370,cvlt2,3,truck
27,4370,cvlt2,3,cabbage
28,4370,cvlt2,3,spinach
29,4370,cvlt2,3,zebra
30,4370,cvlt2,3,intrusion
31,4370,cvlt2,3,desk
32,4370,cvlt2,3,onion
33,4370,cvlt2,3,subway
34,4370,cvlt2,4,motorcycle
35,4370,cvlt2,4,intrusion
36,4370,cvlt2,4,spinach
37,4370,cvlt2,4,truck
38,4370,cvlt2,4,cow
39,4370,cvlt2,4,cow
40,4370,cvlt2,4,onion
41,4370,cvlt2,4,spinach
42,4370,cvlt2,4,subway
43,4370,cvlt2,4,intrusion
44,4370,cvlt2,4,zebra
45,4370,cvlt2,4,giraffe
46,4370,cvlt2,4,cow
0,4371,cvlt2,0,subway
1,4371,cvlt2,0,cow
2,4371,cvlt2,0,intrusion
3,4371,cvlt2,0,zebra
4,4371,cvlt2,1,cabbage
5,4371,cvlt2,1,onion
6,4371,cvlt2,1,subway
7,4371,cvlt2,1,intrusion
8,4371,cvlt2,1,celery
9,4371,cvlt2,1,motorcycle
10,4371,cvlt2,2,truck
11,4371,cvlt2,2,intrusion
12,4371,cvlt2,2,subway
13,4371,cvlt2,2,celery
14,4371,cvlt2,2,zebra
15,4371,cvlt2,2,cabbage
16,4371,cvlt2,2,subway
17,4371,cvlt2,2,spinach
18,4371,cvlt2,2,desk
19,4371,cvlt2,2,celery
20,4371,cvlt2,2,onion
21,4371,cvlt2,2,motorcycle
22,4371,cvlt2,3,truck
23,4371,cvlt2,3,motorcycle
24,4371,cvlt2,3,cabbage
25,4371,cvlt2,3,subway
26,4371,cvlt2,3,zebra
27,4371,cvlt2,3,cow
28,4371,cvlt2,3,cabinet
29,4371,cvlt2,3,truck
30,4371,cvlt2,3,motorcycle
31,4371,cvlt2,3,onion
32,4371,cvlt2,3,celery
33,4371,cvlt2,4,truck
34,4371,cvlt2,4,motorcycle
35,4371,cvlt2,4,cabinet
36,4371,cvlt2,4,lamp
37,4371,cvlt2,4,celery
38,4371,cvlt2,4,onion
39,4371,cvlt2,4,zebra
40,4371,cvlt2,4,cow
41,4371,cvlt2,4,cabbage
42,4371,cvlt2,4,spinach
0,4372,cvlt2,0,spinach
1,4372,cvlt2,0,cabbage
2,4372,cvlt2,0,motorcycle
3,4372,cvlt2,0,cabinet
4,4372,cvlt2,0,desk
5,4372,cvlt2,0,giraffe
6,4372,cvlt2,0,onion
7,4372,cvlt2,0,celery
8,4372,cvlt2,1,desk
9,4372,cvlt2,1,boat
10,4372,cvlt2,1,squirrel
11,4372,cvlt2,1,cabbage
12,4372,cvlt2,1,celery
13,4372,cvlt2,1,onion
14,4372,cvlt2,1,giraffe
15,4372,cvlt2,1,cow
16,4372,cvlt2,1,truck
17,4372,cvlt2,1,motorcycle
18,4372,cvlt2,1,spinach
19,4372,cvlt2,1,onion
20,4372,cvlt2,1,bookcase
21,4372,cvlt2,1,lamp
22,4372,cvlt2,1,desk
23,4372,cvlt2,2,celery
24,4372,cvlt2,2,cow
25,4372,cvlt2,2,desk
26,4372,cvlt2,2,boat
27,4372,cvlt2,2,cabbage
28,4372,cvlt2,2,onion
29,4372,cvlt2,2,giraffe
30,4372,cvlt2,2,spinach
31,4372,cvlt2,2,bookcase
32,4372,cvlt2,2,motorcycle
33,4372,cvlt2,2,lamp
34,4372,cvlt2,2,onion
35,4372,cvlt2,2,celery
36,4372,cvlt2,2,truck
37,4372,cvlt2,2,desk
38,4372,cvlt2,2,motorcycle
39,4372,cvlt2,2,zebra
40,4372,cvlt2,2,lamp
41,4372,cvlt2,2,spinach
42,4372,cvlt2,2,celery
43,4372,cvlt2,3,desk
44,4372,cvlt2,3,boat
45,4372,cvlt2,3,squirrel
46,4372,cvlt2,3,cabbage
47,4372,cvlt2,3,celery
48,4372,cvlt2,3,onion
49,4372,cvlt2,3,bookcase
50,4372,cvlt2,3,boat
51,4372,cvlt2,3,motorcycle
52,4372,cvlt2,3,spinach
53,4372,cvlt2,3,cabinet
54,4372,cvlt2,3,zebra
55,4372,cvlt2,3,giraffe
56,4372,cvlt2,3,onion
57,4372,cvlt2,3,celery
58,4372,cvlt2,3,subway
59,4372,cvlt2,3,lamp
60,4372,cvlt2,3,truck
61,4372,cvlt2,3,squirrel
62,4372,cvlt2,3,onion
63,4372,cvlt2,3,motorcycle
64,4372,cvlt2,4,cabbage
65,4372,cvlt2,4,desk
66,4372,cvlt2,4,boat
67,4372,cvlt2,4,squirrel
68,4372,cvlt2,4,zebra
69,4372,cvlt2,4,celery
70,4372,cvlt2,4,onion
71,4372,cvlt2,4,spinach
72,4372,cvlt2,4,cow
73,4372,cvlt2,4,giraffe
74,4372,cvlt2,4,boat
75,4372,cvlt2,4,motorcycle
76,4372,cvlt2,4,truck
77,4372,cvlt2,4,bookcase
78,4372,cvlt2,4,desk
79,4372,cvlt2,4,onion
80,4372,cvlt2,4,cabinet
81,4372,cvlt2,4,cabbage
0,4373,cvlt2,0,truck
1,4373,cvlt2,0,boat
2,4373,cvlt2,0,cabbage
3,4373,cvlt2,0,spinach
4,4373,cvlt2,1,truck
5,4373,cvlt2,1,spinach
6,4373,cvlt2,1,cabbage
7,4373,cvlt2,1,giraffe
8,4373,cvlt2,1,cow
9,4373,cvlt2,1,boat
10,4373,cvlt2,1,celery
11,4373,cvlt2,1,onion
12,4373,cvlt2,1,lamp
13,4373,cvlt2,2,truck
14,4373,cvlt2,2,spinach
15,4373,cvlt2,2,cabbage
16,4373,cvlt2,2,desk
17,4373,cvlt2,2,lamp
18,4373,cvlt2,2,boat
19,4373,cvlt2,2,celery
20,4373,cvlt2,2,onion
21,4373,cvlt2,2,giraffe
22,4373,cvlt2,2,desk
23,4373,cvlt2,2,spinach
24,4373,cvlt2,3,truck
25,4373,cvlt2,3,spinach
26,4373,cvlt2,3,lamp
27,4373,cvlt2,3,boat
28,4373,cvlt2,3,desk
29,4373,cvlt2,3,cabbage
30,4373,cvlt2,3,zebra
31,4373,cvlt2,3,lamp
32,4373,cvlt2,3,cabinet
33,4373,cvlt2,3,boat
34,4373,cvlt2,3,onion
35,4373,cvlt2,3,giraffe
36,4373,cvlt2,4,truck
37,4373,cvlt2,4,giraffe
38,4373,cvlt2,4,lamp
39,4373,cvlt2,4,desk
40,4373,cvlt2,4,boat
41,4373,cvlt2,4,celery
42,4373,cvlt2,4,onion
43,4373,cvlt2,4,cabinet
44,4373,cvlt2,4,zebra
0,4374,cvlt2,0,truck
1,4374,cvlt2,0,cabbage
2,4374,cvlt2,0,boat
3,4374,cvlt2,0,squirrel
4,4374,cvlt2,1,truck
5,4374,cvlt2,1,boat
6,4374,cvlt2,1,cabbage
7,4374,cvlt2,1,subway
8,4374,cvlt2,1,desk
9,4374,cvlt2,2,boat
10,4374,cvlt2,2,squirrel
11,4374,cvlt2,2,cabbage
12,4374,cvlt2,2,subway
13,4374,cvlt2,2,lamp
14,4374,cvlt2,2,spinach
15,4374,cvlt2,3,cabbage
16,4374,cvlt2,3,boat
17,4374,cvlt2,3,lamp
18,4374,cvlt2,3,subway
19,4374,cvlt2,3,onion
20,4374,cvlt2,3,desk
21,4374,cvlt2,3,truck
22,4374,cvlt2,4,cabbage
23,4374,cvlt2,4,desk
24,4374,cvlt2,4,lamp
25,4374,cvlt2,4,subway
26,4374,cvlt2,4,cow
27,4374,cvlt2,4,spinach
28,4374,cvlt2,4,boat
29,4374,cvlt2,4,lamp
0,4375,cvlt2,0,truck
1,4375,cvlt2,0,spinach
2,4375,cvlt2,0,celery
3,4375,cvlt2,0,boat
4,4375,cvlt2,0,intrusion
5,4375,cvlt2,0,desk
6,4375,cvlt2,0,lamp
7,4375,cvlt2,0,onion
8,4375,cvlt2,1,truck
9,4375,cvlt2,1,spinach
10,4375,cvlt2,1,lamp
11,4375,cvlt2,1,bookcase
12,4375,cvlt2,1,intrusion
13,4375,cvlt2,1,motorcycle
14,4375,cvlt2,1,intrusion
15,4375,cvlt2,1,giraffe
16,4375,cvlt2,1,cow
17,4375,cvlt2,1,intrusion
18,4375,cvlt2,1,desk
19,4375,cvlt2,2,boat
20,4375,cvlt2,2,squirrel
21,4375,cvlt2,2,cabbage
22,4375,cvlt2,2,truck
23,4375,cvlt2,2,giraffe
24,4375,cvlt2,2,lamp
25,4375,cvlt2,2,desk
26,4375,cvlt2,2,bookcase
27,4375,cvlt2,2,onion
28,4375,cvlt2,2,spinach
29,4375,cvlt2,2,celery
30,4375,cvlt2,2,cabinet
31,4375,cvlt2,2,onion
32,4375,cvlt2,2,squirrel
33,4375,cvlt2,2,cow
34,4375,cvlt2,3,truck
35,4375,cvlt2,3,spinach
36,4375,cvlt2,3,celery
37,4375,cvlt2,3,motorcycle
38,4375,cvlt2,3,bookcase
39,4375,cvlt2,3,cabinet
40,4375,cvlt2,3,squirrel
41,4375,cvlt2,3,boat
42,4375,cvlt2,3,desk
43,4375,cvlt2,3,onion
44,4375,cvlt2,3,celery
45,4375,cvlt2,3,giraffe
46,4375,cvlt2,3,cow
47,4375,cvlt2,4,truck
48,4375,cvlt2,4,spinach
49,4375,cvlt2,4,bookcase
50,4375,cvlt2,4,squirrel
51,4375,cvlt2,4,giraffe
52,4375,cvlt2,4,lamp
53,4375,cvlt2,4,cow
54,4375,cvlt2,4,celery
55,4375,cvlt2,4,onion
56,4375,cvlt2,4,motorcycle
57,4375,cvlt2,4,boat
58,4375,cvlt2,4,zebra
59,4375,cvlt2,4,squirrel
60,4375,cvlt2,4,onion
61,4375,cvlt2,4,cabbage
0,4376,cvlt2,0,truck
1,4376,cvlt2,0,spinach
2,4376,cvlt2,0,cabbage
3,4376,cvlt2,0,intrusion
4,4376,cvlt2,1,truck
5,4376,cvlt2,1,spinach
6,4376,cvlt2,1,cabbage
7,4376,cvlt2,1,cow
8,4376,cvlt2,1,intrusion
9,4376,cvlt2,1,spinach
10,4376,cvlt2,1,squirrel
11,4376,cvlt2,1,giraffe
12,4376,cvlt2,2,truck
13,4376,cvlt2,2,cabbage
14,4376,cvlt2,2,spinach
15,4376,cvlt2,2,bookcase
16,4376,cvlt2,2,zebra
17,4376,cvlt2,2,giraffe
18,4376,cvlt2,2,squirrel
19,4376,cvlt2,2,motorcycle
20,4376,cvlt2,2,bookcase
21,4376,cvlt2,3,cabbage
22,4376,cvlt2,3,truck
23,4376,cvlt2,3,zebra
24,4376,cvlt2,3,squirrel
25,4376,cvlt2,3,giraffe
26,4376,cvlt2,3,bookcase
27,4376,cvlt2,3,motorcycle
28,4376,cvlt2,3,cabbage
29,4376,cvlt2,3,cow
30,4376,cvlt2,4,truck
31,4376,cvlt2,4,zebra
32,4376,cvlt2,4,cow
33,4376,cvlt2,4,squirrel
34,4376,cvlt2,4,spinach
35,4376,cvlt2,4,subway
36,4376,cvlt2,4,onion
37,4376,cvlt2,4,intrusion
0,4377,cvlt2,0,truck
1,4377,cvlt2,0,spinach
2,4377,cvlt2,0,giraffe
3,4377,cvlt2,0,motorcycle
4,4377,cvlt2,0,cabbage
5,4377,cvlt2,0,squirrel
6,4377,cvlt2,0,subway
7,4377,cvlt2,1,truck
8,4377,cvlt2,1,spinach
9,4377,cvlt2,1,giraffe
10,4377,cvlt2,1,subway
11,4377,cvlt2,1,desk
12,4377,cvlt2,1,lamp
13,4377,cvlt2,1,cabbage
14,4377,cvlt2,1,cow
15,4377,cvlt2,2,truck
16,4377,cvlt2,2,spinach
17,4377,cvlt2,2,giraffe
18,4377,cvlt2,2,celery
19,4377,cvlt2,2,desk
20,4377,cvlt2,2,desk
21,4377,cvlt2,2,squirrel
22,4377,cvlt2,2,spinach
23,4377,cvlt2,2,cabbage
24,4377,cvlt2,2,lamp
25,4377,cvlt2,2,cow
26,4377,cvlt2,3,truck
27,4377,cvlt2,3,spinach
28,4377,cvlt2,3,giraffe
29,4377,cvlt2,3,bookcase
30,4377,cvlt2,3,squirrel
31,4377,cvlt2,3,cabbage
32,4377,cvlt2,3,cow
33,4377,cvlt2,3,lamp
34,4377,cvlt2,3,truck
35,4377,cvlt2,4,boat
36,4377,cvlt2,4,cabbage
37,4377,cvlt2,4,desk
38,4377,cvlt2,4,squirrel
39,4377,cvlt2,4,truck
40,4377,cvlt2,4,spinach
41,4377,cvlt2,4,giraffe
42,4377,cvlt2,4,subway
43,4377,cvlt2,4,motorcycle
44,4377,cvlt2,4,celery
45,4377,cvlt2,4,cabbage
0,4378,cvlt2,0,cabbage
1,4378,cvlt2,0,truck
2,4378,cvlt2,0,spinach
3,4378,cvlt2,0,cabinet
4,4378,cvlt2,0,boat
5,4378,cvlt2,0,onion
6,4378,cvlt2,1,cabbage
7,4378,cvlt2,1,squirrel
8,4378,cvlt2,1,onion
9,4378,cvlt2,1,cow
10,4378,cvlt2,1,truck
11,4378,cvlt2,1,cabbage
12,4378,cvlt2,1,desk
13,4378,cvlt2,2,cabbage
14,4378,cvlt2,2,squirrel
15,4378,cvlt2,2,truck
16,4378,cvlt2,2,onion
17,4378,cvlt2,2,bookcase
18,4378,cvlt2,2,cow
19,4378,cvlt2,2,onion
20,4378,cvlt2,2,giraffe
21,4378,cvlt2,2,intrusion
22,4378,cvlt2,2,truck
23,4378,cvlt2,2,onion
24,4378,cvlt2,2,cow
25,4378,cvlt2,3,squirrel
26,4378,cvlt2,3,cabinet
27,4378,cvlt2,3,bookcase
28,4378,cvlt2,3,lamp
29,4378,cvlt2,3,onion
30,4378,cvlt2,3,truck
31,4378,cvlt2,3,giraffe
32,4378,cvlt2,3,spinach
33,4378,cvlt2,3,cow
34,4378,cvlt2,3,onion
35,4378,cvlt2,4,boat
36,4378,cvlt2,4,squirrel
37,4378,cvlt2,4,cabinet
38,4378,cvlt2,4,cabbage
39,4378,cvlt2,4,truck
40,4378,cvlt2,4,onion
41,4378,cvlt2,4,giraffe
42,4378,cvlt2,4,spinach
43,4378,cvlt2,4,cow
0,4379,cvlt2,0,cabbage
1,4379,cvlt2,0,squirrel
2,4379,cvlt2,0,truck
3,4379,cvlt2,0,spinach
4,4379,cvlt2,0,intrusion
5,4379,cvlt2,0,truck
6,4379,cvlt2,0,intrusion
7,4379,cvlt2,1,desk
8,4379,cvlt2,1,cabbage
9,4379,cvlt2,1,boat
10,4379,cvlt2,1,squirrel
11,4379,cvlt2,1,subway
12,4379,cvlt2,1,spinach
13,4379,cvlt2,1,celery
14,4379,cvlt2,1,squirrel
15,4379,cvlt2,1,intrusion
16,4379,cvlt2,1,truck
17,4379,cvlt2,1,cabbage
18,4379,cvlt2,1,spinach
19,4379,cvlt2,1,giraffe
20,4379,cvlt2,1,desk
21,4379,cvlt2,1,boat
22,4379,cvlt2,2,cabbage
23,4379,cvlt2,2,celery
24,4379,cvlt2,2,boat
25,4379,cvlt2,2,squirrel
26,4379,cvlt2,2,giraffe
27,4379,cvlt2,2,celery
28,4379,cvlt2,2,desk
29,4379,cvlt2,2,truck
30,4379,cvlt2,2,desk
31,4379,cvlt2,2,truck
32,4379,cvlt2,2,spinach
33,4379,cvlt2,2,onion
34,4379,cvlt2,3,desk
35,4379,cvlt2,3,bookcase
36,4379,cvlt2,3,celery
37,4379,cvlt2,3,cow
38,4379,cvlt2,3,lamp
39,4379,cvlt2,3,onion
40,4379,cvlt2,3,giraffe
41,4379,cvlt2,3,spinach
42,4379,cvlt2,3,truck
43,4379,cvlt2,3,spinach
44,4379,cvlt2,3,motorcycle
45,4379,cvlt2,3,boat
46,4379,cvlt2,3,bookcase
47,4379,cvlt2,3,desk
48,4379,cvlt2,3,cow
49,4379,cvlt2,3,lamp
50,4379,cvlt2,4,squirrel
51,4379,cvlt2,4,cabbage
52,4379,cvlt2,4,desk
53,4379,cvlt2,4,truck
54,4379,cvlt2,4,spinach
55,4379,cvlt2,4,onion
56,4379,cvlt2,4,giraffe
57,4379,cvlt2,4,cabbage
58,4379,cvlt2,4,cow
59,4379,cvlt2,4,celery
60,4379,cvlt2,4,zebra
61,4379,cvlt2,4,subway
62,4379,cvlt2,4,bookcase
63,4379,cvlt2,4,onion
64,4379,cvlt2,4,celery
65,4379,cvlt2,4,truck
0,4380,cvlt2,0,cabbage
1,4380,cvlt2,0,spinach
2,4380,cvlt2,0,celery
3,4380,cvlt2,0,zebra
4,4380,cvlt2,0,giraffe
5,4380,cvlt2,0,squirrel
6,4380,cvlt2,0,truck
7,4380,cvlt2,1,cabinet
8,4380,cvlt2,1,desk
9,4380,cvlt2,1,truck
10,4380,cvlt2,1,onion
11,4380,cvlt2,1,celery
12,4380,cvlt2,1,spinach
13,4380,cvlt2,2,cabbage
14,4380,cvlt2,2,celery
15,4380,cvlt2,2,spinach
16,4380,cvlt2,2,cow
17,4380,cvlt2,2,giraffe
18,4380,cvlt2,2,squirrel
19,4380,cvlt2,2,desk
20,4380,cvlt2,2,cabinet
21,4380,cvlt2,2,truck
22,4380,cvlt2,2,motorcycle
23,4380,cvlt2,2,boat
24,4380,cvlt2,2,intrusion
25,4380,cvlt2,2,bookcase
26,4380,cvlt2,2,zebra
27,4380,cvlt2,3,cabbage
28,4380,cvlt2,3,celery
29,4380,cvlt2,3,spinach
30,4380,cvlt2,3,giraffe
31,4380,cvlt2,3,zebra
32,4380,cvlt2,3,cow
33,4380,cvlt2,3,squirrel
34,4380,cvlt2,3,truck
35,4380,cvlt2,3,motorcycle
36,4380,cvlt2,3,boat
37,4380,cvlt2,3,cabinet
38,4380,cvlt2,3,bookcase
39,4380,cvlt2,3,desk
40,4380,cvlt2,3,lamp
41,4380,cvlt2,3,giraffe
42,4380,cvlt2,4,cabinet
43,4380,cvlt2,4,desk
44,4380,cvlt2,4,bookcase
45,4380,cvlt2,4,truck
46,4380,cvlt2,4,boat
47,4380,cvlt2,4,motorcycle
48,4380,cvlt2,4,giraffe
49,4380,cvlt2,4,zebra
50,4380,cvlt2,4,squirrel
51,4380,cvlt2,4,cow
52,4380,cvlt2,4,lamp
53,4380,cvlt2,4,subway
54,4380,cvlt2,4,motorcycle
0,4381,cvlt2,0,truck
1,4381,cvlt2,0,zebra
2,4381,cvlt2,0,spinach
3,4381,cvlt2,0,bookcase
4,4381,cvlt2,0,giraffe
5,4381,cvlt2,0,spinach
6,4381,cvlt2,0,motorcycle
7,4381,cvlt2,0,subway
8,4381,cvlt2,0,intrusion
9,4381,cvlt2,0,squirrel
10,4381,cvlt2,0,cabbage
11,4381,cvlt2,0,boat
12,4381,cvlt2,1,truck
13,4381,cvlt2,1,giraffe
14,4381,cvlt2,1,spinach
15,4381,cvlt2,1,cabinet
16,4381,cvlt2,1,bookcase
17,4381,cvlt2,1,cabinet
18,4381,cvlt2,1,onion
19,4381,cvlt2,1,zebra
20,4381,cvlt2,1,motorcycle
21,4381,cvlt2,1,boat
22,4381,cvlt2,1,squirrel
23,4381,cvlt2,1,cow
24,4381,cvlt2,1,celery
25,4381,cvlt2,1,subway
26,4381,cvlt2,1,cabbage
27,4381,cvlt2,1,intrusion
28,4381,cvlt2,2,cabbage
29,4381,cvlt2,2,boat
30,4381,cvlt2,2,squirrel
31,4381,cvlt2,2,intrusion
32,4381,cvlt2,2,cow
33,4381,cvlt2,2,celery
34,4381,cvlt2,2,subway
35,4381,cvlt2,2,lamp
36,4381,cvlt2,2,motorcycle
37,4381,cvlt2,2,celery
38,4381,cvlt2,2,zebra
39,4381,cvlt2,2,onion
40,4381,cvlt2,2,spinach
41,4381,cvlt2,2,cabinet
42,4381,cvlt2,2,bookcase
43,4381,cvlt2,2,truck
44,4381,cvlt2,2,giraffe
45,4381,cvlt2,2,squirrel
46,4381,cvlt2,3,truck
47,4381,cvlt2,3,spinach
48,4381,cvlt2,3,giraffe
49,4381,cvlt2,3,bookcase
50,4381,cvlt2,3,onion
51,4381,cvlt2,3,motorcycle
52,4381,cvlt2,3,cabinet
53,4381,cvlt2,3,subway
54,4381,cvlt2,3,lamp
55,4381,cvlt2,3,celery
56,4381,cvlt2,3,cow
57,4381,cvlt2,3,squirrel
58,4381,cvlt2,3,intrusion
59,4381,cvlt2,3,boat
60,4381,cvlt2,3,cabbage
61,4381,cvlt2,3,cabinet
62,4381,cvlt2,4,truck
63,4381,cvlt2,4,spinach
64,4381,cvlt2,4,giraffe
65,4381,cvlt2,4,bookcase
66,4381,cvlt2,4,onion
67,4381,cvlt2,4,motorcycle
68,4381,cvlt2,4,zebra
69,4381,cvlt2,4,subway
70,4381,cvlt2,4,lamp
71,4381,cvlt2,4,intrusion
72,4381,cvlt2,4,boat
73,4381,cvlt2,4,cow
74,4381,cvlt2,4,celery
75,4381,cvlt2,4,squirrel
76,4381,cvlt2,4,cabbage
77,4381,cvlt2,4,subway
0,4382,cvlt2,0,celery
1,4382,cvlt2,0,zebra
2,4382,cvlt2,0,cow
3,4382,cvlt2,0,intrusion
4,4382,cvlt2,0,truck
5,4382,cvlt2,0,celery
6,4382,cvlt2,0,zebra
7,4382,cvlt2,0,cow
8,4382,cvlt2,0,truck
9,4382,cvlt2,0,bookcase
10,4382,cvlt2,0,squirrel
11,4382,cvlt2,1,celery
12,4382,cvlt2,1,boat
13,4382,cvlt2,1,cow
14,4382,cvlt2,1,spinach
15,4382,cvlt2,1,desk
16,4382,cvlt2,1,lamp
17,4382,cvlt2,1,zebra
18,4382,cvlt2,1,giraffe
19,4382,cvlt2,1,truck
20,4382,cvlt2,2,truck
21,4382,cvlt2,2,spinach
22,4382,cvlt2,2,cow
23,4382,cvlt2,2,celery
24,4382,cvlt2,2,zebra
25,4382,cvlt2,2,lamp
26,4382,cvlt2,2,boat
27,4382,cvlt2,2,squirrel
28,4382,cvlt2,2,cow
29,4382,cvlt2,2,celery
30,4382,cvlt2,3,subway
31,4382,cvlt2,3,boat
32,4382,cvlt2,3,lamp
33,4382,cvlt2,3,desk
34,4382,cvlt2,3,cow
35,4382,cvlt2,3,truck
36,4382,cvlt2,3,zebra
37,4382,cvlt2,3,desk
38,4382,cvlt2,3,bookcase
39,4382,cvlt2,4,desk
40,4382,cvlt2,4,lamp
41,4382,cvlt2,4,boat
42,4382,cvlt2,4,cabbage
43,4382,cvlt2,4,spinach
44,4382,cvlt2,4,celery
45,4382,cvlt2,4,cabinet
46,4382,cvlt2,4,truck
47,4382,cvlt2,4,subway
48,4382,cvlt2,4,bookcase
49,4382,cvlt2,4,zebra
50,4382,cvlt2,4,cow
0,4383,cvlt2,0,truck
1,4383,cvlt2,0,spinach
2,4383,cvlt2,0,giraffe
3,4383,cvlt2,0,zebra
4,4383,cvlt2,0,subway
5,4383,cvlt2,0,boat
6,4383,cvlt2,1,truck
7,4383,cvlt2,1,zebra
8,4383,cvlt2,1,giraffe
9,4383,cvlt2,1,squirrel
10,4383,cvlt2,1,boat
11,4383,cvlt2,1,spinach
12,4383,cvlt2,1,subway
13,4383,cvlt2,2,spinach
14,4383,cvlt2,2,zebra
15,4383,cvlt2,2,giraffe
16,4383,cvlt2,2,cabbage
17,4383,cvlt2,2,cow
18,4383,cvlt2,2,boat
19,4383,cvlt2,2,onion
20,4383,cvlt2,2,subway
21,4383,cvlt2,3,truck
22,4383,cvlt2,3,zebra
23,4383,cvlt2,3,spinach
24,4383,cvlt2,3,cabbage
25,4383,cvlt2,3,onion
26,4383,cvlt2,3,bookcase
27,4383,cvlt2,3,boat
28,4383,cvlt2,3,squirrel
29,4383,cvlt2,4,truck
30,4383,cvlt2,4,zebra
31,4383,cvlt2,4,spinach
32,4383,cvlt2,4,cabbage
33,4383,cvlt2,4,motorcycle
34,4383,cvlt2,4,subway
35,4383,cvlt2,4,boat
36,4383,cvlt2,4,giraffe
37,4383,cvlt2,4,lamp
38,4383,cvlt2,4,onion
39,4383,cvlt2,4,celery
40,4383,cvlt2,4,bookcase
41,4383,cvlt2,4,motorcycle
42,4383,cvlt2,4,zebra
43,4383,cvlt2,4,celery
0,4384,cvlt2,0,boat
1,4384,cvlt2,0,cabbage
2,4384,cvlt2,0,squirrel
3,4384,cvlt2,0,spinach
4,4384,cvlt2,1,boat
5,4384,cvlt2,1,squirrel
6,4384,cvlt2,1,cabbage
7,4384,cvlt2,1,bookcase
8,4384,cvlt2,1,intrusion
9,4384,cvlt2,1,cow
10,4384,cvlt2,1,giraffe
11,4384,cvlt2,1,spinach
12,4384,cvlt2,1,motorcycle
13,4384,cvlt2,1,truck
14,4384,cvlt2,2,boat
15,4384,cvlt2,2,desk
16,4384,cvlt2,2,squirrel
17,4384,cvlt2,2,cabbage
18,4384,cvlt2,2,spinach
19,4384,cvlt2,2,cow
20,4384,cvlt2,2,giraffe
21,4384,cvlt2,2,bookcase
22,4384,cvlt2,2,subway
23,4384,cvlt2,2,lamp
24,4384,cvlt2,2,motorcycle
25,4384,cvlt2,2,truck
26,4384,cvlt2,2,intrusion
27,4384,cvlt2,2,spinach
28,4384,cvlt2,2,cow
29,4384,cvlt2,2,lamp
30,4384,cvlt2,2,intrusion
31,4384,cvlt2,2,bookcase
32,4384,cvlt2,3,squirrel
33,4384,cvlt2,3,desk
34,4384,cvlt2,3,boat
35,4384,cvlt2,3,cabinet
36,4384,cvlt2,3,subway
37,4384,cvlt2,3,motorcycle
38,4384,cvlt2,3,truck
39,4384,cvlt2,3,onion
40,4384,cvlt2,3,intrusion
41,4384,cvlt2,3,cow
42,4384,cvlt2,3,giraffe
43,4384,cvlt2,3,squirrel
44,4384,cvlt2,4,boat
45,4384,cvlt2,4,lamp
46,4384,cvlt2,4,squirrel
47,4384,cvlt2,4,giraffe
48,4384,cvlt2,4,cabbage
49,4384,cvlt2,4,truck
50,4384,cvlt2,4,motorcycle
51,4384,cvlt2,4,onion
52,4384,cvlt2,4,intrusion
53,4384,cvlt2,4,spinach
54,4384,cvlt2,4,cow
55,4384,cvlt2,4,giraffe
0,4385,cvlt2,0,cabbage
1,4385,cvlt2,0,squirrel
2,4385,cvlt2,0,boat
3,4385,cvlt2,1,cabbage
4,4385,cvlt2,1,spinach
5,4385,cvlt2,1,boat
6,4385,cvlt2,1,cabinet
7,4385,cvlt2,1,squirrel
8,4385,cvlt2,1,truck
9,4385,cvlt2,1,bookcase
10,4385,cvlt2,1,intrusion
11,4385,cvlt2,1,truck
12,4385,cvlt2,1,giraffe
13,4385,cvlt2,1,zebra
14,4385,cvlt2,1,squirrel
15,4385,cvlt2,1,intrusion
16,4385,cvlt2,1,intrusion
17,4385,cvlt2,2,motorcycle
18,4385,cvlt2,2,boat
19,4385,cvlt2,2,subway
20,4385,cvlt2,2,cabbage
21,4385,cvlt2,2,squirrel
22,4385,cvlt2,2,truck
23,4385,cvlt2,2,onion
24,4385,cvlt2,2,bookcase
25,4385,cvlt2,2,giraffe
26,4385,cvlt2,2,spinach
27,4385,cvlt2,2,squirrel
28,4385,cvlt2,2,giraffe
29,4385,cvlt2,2,intrusion
30,4385,cvlt2,3,boat
31,4385,cvlt2,3,celery
32,4385,cvlt2,3,bookcase
33,4385,cvlt2,3,zebra
34,4385,cvlt2,3,giraffe
35,4385,cvlt2,3,subway
36,4385,cvlt2,3,truck
37,4385,cvlt2,3,motorcycle
38,4385,cvlt2,3,onion
39,4385,cvlt2,3,spinach
40,4385,cvlt2,3,intrusion
41,4385,cvlt2,3,boat
42,4385,cvlt2,3,onion
43,4385,cvlt2,3,spinach
44,4385,cvlt2,3,intrusion
45,4385,cvlt2,4,squirrel
46,4385,cvlt2,4,bookcase
47,4385,cvlt2,4,cabbage
48,4385,cvlt2,4,subway
49,4385,cvlt2,4,truck
50,4385,cvlt2,4,boat
51,4385,cvlt2,4,onion
52,4385,cvlt2,4,celery
53,4385,cvlt2,4,spinach
54,4385,cvlt2,4,cow
55,4385,cvlt2,4,giraffe
0,4386,cvlt2,0,cabbage
1,4386,cvlt2,0,squirrel
2,4386,cvlt2,0,spinach
3,4386,cvlt2,0,truck
4,4386,cvlt2,0,desk
5,4386,cvlt2,0,cow
6,4386,cvlt2,0,cabbage
7,4386,cvlt2,1,truck
8,4386,cvlt2,1,spinach
9,4386,cvlt2,1,motorcycle
10,4386,cvlt2,1,subway
11,4386,cvlt2,1,cow
12,4386,cvlt2,1,cabbage
13,4386,cvlt2,1,intrusion
14,4386,cvlt2,1,intrusion
15,4386,cvlt2,1,desk
16,4386,cvlt2,1,zebra
17,4386,cvlt2,1,lamp
18,4386,cvlt2,2,cabbage
19,4386,cvlt2,2,boat
20,4386,cvlt2,2,squirrel
21,4386,cvlt2,2,onion
22,4386,cvlt2,2,desk
23,4386,cvlt2,2,motorcycle
24,4386,cvlt2,2,subway
25,4386,cvlt2,2,zebra
26,4386,cvlt2,2,truck
27,4386,cvlt2,2,cow
28,4386,cvlt2,2,intrusion
29,4386,cvlt2,2,spinach
30,4386,cvlt2,2,lamp
31,4386,cvlt2,2,giraffe
32,4386,cvlt2,2,truck
33,4386,cvlt2,2,motorcycle
34,4386,cvlt2,2,boat
35,4386,cvlt2,3,boat
36,4386,cvlt2,3,squirrel
37,4386,cvlt2,3,cabbage
38,4386,cvlt2,3,celery
39,4386,cvlt2,3,truck
40,4386,cvlt2,3,cow
41,4386,cvlt2,3,desk
42,4386,cvlt2,3,subway
43,4386,cvlt2,3,motorcycle
44,4386,cvlt2,3,lamp
45,4386,cvlt2,3,giraffe
46,4386,cvlt2,3,intrusion
47,4386,cvlt2,3,bookcase
48,4386,cvlt2,3,spinach
49,4386,cvlt2,3,zebra
50,4386,cvlt2,3,boat
51,4386,cvlt2,3,subway
52,4386,cvlt2,4,boat
53,4386,cvlt2,4,squirrel
54,4386,cvlt2,4,cabbage
55,4386,cvlt2,4,desk
56,4386,cvlt2,4,zebra
57,4386,cvlt2,4,truck
58,4386,cvlt2,4,motorcycle
59,4386,cvlt2,4,spinach
60,4386,cvlt2,4,giraffe
61,4386,cvlt2,4,lamp
62,4386,cvlt2,4,intrusion
63,4386,cvlt2,4,subway
64,4386,cvlt2,4,celery
65,4386,cvlt2,4,onion
66,4386,cvlt2,4,cow
67,4386,cvlt2,4,lamp
68,4386,cvlt2,4,zebra
0,4387,cvlt2,0,truck
1,4387,cvlt2,0,spinach
2,4387,cvlt2,0,cabbage
3,4387,cvlt2,0,squirrel
4,4387,cvlt2,1,truck
5,4387,cvlt2,1,spinach
6,4387,cvlt2,1,cabinet
7,4387,cvlt2,1,squirrel
8,4387,cvlt2,1,zebra
9,4387,cvlt2,1,giraffe
10,4387,cvlt2,1,celery
11,4387,cvlt2,1,cabinet
12,4387,cvlt2,1,spinach
13,4387,cvlt2,1,onion
14,4387,cvlt2,1,motorcycle
15,4387,cvlt2,2,squirrel
16,4387,cvlt2,2,cabbage
17,4387,cvlt2,2,truck
18,4387,cvlt2,2,celery
19,4387,cvlt2,2,intrusion
20,4387,cvlt2,2,bookcase
21,4387,cvlt2,2,giraffe
22,4387,cvlt2,3,cabbage
23,4387,cvlt2,3,celery
24,4387,cvlt2,3,lamp
25,4387,cvlt2,3,squirrel
26,4387,cvlt2,3,bookcase
27,4387,cvlt2,3,lamp
28,4387,cvlt2,3,truck
29,4387,cvlt2,3,spinach
30,4387,cvlt2,3,squirrel
31,4387,cvlt2,4,zebra
32,4387,cvlt2,4,squirrel
33,4387,cvlt2,4,motorcycle
34,4387,cvlt2,4,bookcase
35,4387,cvlt2,4,cabbage
36,4387,cvlt2,4,celery
37,4387,cvlt2,4,onion
38,4387,cvlt2,4,zebra
39,4387,cvlt2,4,intrusion
40,4387,cvlt2,4,bookcase
41,4387,cvlt2,4,cabbage
42,4387,cvlt2,4,celery
43,4387,cvlt2,4,motorcycle
44,4387,cvlt2,4,zebra
0,4388,cvlt2,0,truck
1,4388,cvlt2,0,giraffe
2,4388,cvlt2,0,spinach
3,4388,cvlt2,0,desk
4,4388,cvlt2,0,celery
5,4388,cvlt2,0,intrusion
6,4388,cvlt2,1,truck
7,4388,cvlt2,1,cabbage
8,4388,cvlt2,1,spinach
9,4388,cvlt2,1,bookcase
10,4388,cvlt2,1,giraffe
11,4388,cvlt2,1,zebra
12,4388,cvlt2,1,boat
13,4388,cvlt2,1,cabinet
14,4388,cvlt2,1,intrusion
15,4388,cvlt2,2,truck
16,4388,cvlt2,2,zebra
17,4388,cvlt2,2,spinach
18,4388,cvlt2,2,cabbage
19,4388,cvlt2,2,giraffe
20,4388,cvlt2,2,zebra
21,4388,cvlt2,2,onion
22,4388,cvlt2,2,bookcase
23,4388,cvlt2,2,motorcycle
24,4388,cvlt2,2,subway
25,4388,cvlt2,2,boat
26,4388,cvlt2,3,truck
27,4388,cvlt2,3,zebra
28,4388,cvlt2,3,spinach
29,4388,cvlt2,3,cabbage
30,4388,cvlt2,3,zebra
31,4388,cvlt2,3,desk
32,4388,cvlt2,3,onion
33,4388,cvlt2,3,lamp
34,4388,cvlt2,3,cabbage
35,4388,cvlt2,3,cow
36,4388,cvlt2,3,lamp
37,4388,cvlt2,3,cabbage
38,4388,cvlt2,4,truck
39,4388,cvlt2,4,cabbage
40,4388,cvlt2,4,bookcase
41,4388,cvlt2,4,onion
42,4388,cvlt2,4,bookcase
43,4388,cvlt2,4,motorcycle
44,4388,cvlt2,4,cow
45,4388,cvlt2,4,zebra
46,4388,cvlt2,4,spinach
0,4389,cvlt2,0,celery
1,4389,cvlt2,0,onion
2,4389,cvlt2,0,truck
3,4389,cvlt2,1,celery
4,4389,cvlt2,1,truck
5,4389,cvlt2,1,zebra
6,4389,cvlt2,1,cabinet
7,4389,cvlt2,1,subway
8,4389,cvlt2,1,spinach
9,4389,cvlt2,1,onion
10,4389,cvlt2,1,cow
11,4389,cvlt2,2,truck
12,4389,cvlt2,2,spinach
13,4389,cvlt2,2,giraffe
14,4389,cvlt2,2,celery
15,4389,cvlt2,2,zebra
16,4389,cvlt2,2,squirrel
17,4389,cvlt2,2,desk
18,4389,cvlt2,2,onion
19,4389,cvlt2,2,intrusion
20,4389,cvlt2,2,cow
21,4389,cvlt2,2,motorcycle
22,4389,cvlt2,3,truck
23,4389,cvlt2,3,spinach
24,4389,cvlt2,3,giraffe
25,4389,cvlt2,3,onion
26,4389,cvlt2,3,desk
27,4389,cvlt2,3,motorcycle
28,4389,cvlt2,3,squirrel
29,4389,cvlt2,3,lamp
30,4389,cvlt2,3,cow
31,4389,cvlt2,3,celery
32,4389,cvlt2,3,cabbage
33,4389,cvlt2,3,squirrel
34,4389,cvlt2,3,subway
35,4389,cvlt2,4,truck
36,4389,cvlt2,4,spinach
37,4389,cvlt2,4,giraffe
38,4389,cvlt2,4,cabinet
39,4389,cvlt2,4,onion
40,4389,cvlt2,4,motorcycle
41,4389,cvlt2,4,subway
42,4389,cvlt2,4,desk
43,4389,cvlt2,4,lamp
44,4389,cvlt2,4,squirrel
45,4389,cvlt2,4,zebra
46,4389,cvlt2,4,cabbage
47,4389,cvlt2,4,celery
48,4389,cvlt2,4,cow
49,4389,cvlt2,4,bookcase
0,4390,cvlt2,0,truck
1,4390,cvlt2,0,giraffe
2,4390,cvlt2,0,zebra
3,4390,cvlt2,0,squirrel
4,4390,cvlt2,0,boat
5,4390,cvlt2,0,intrusion
6,4390,cvlt2,0,onion
7,4390,cvlt2,0,intrusion
8,4390,cvlt2,0,cabbage
9,4390,cvlt2,0,celery
10,4390,cvlt2,0,zebra
11,4390,cvlt2,1,truck
12,4390,cvlt2,1,zebra
13,4390,cvlt2,1,lamp
14,4390,cvlt2,1,celery
15,4390,cvlt2,1,cabbage
16,4390,cvlt2,1,bookcase
17,4390,cvlt2,1,intrusion
18,4390,cvlt2,1,subway
19,4390,cvlt2,1,spinach
20,4390,cvlt2,1,intrusion
21,4390,cvlt2,1,squirrel
22,4390,cvlt2,2,truck
23,4390,cvlt2,2,squirrel
24,4390,cvlt2,2,celery
25,4390,cvlt2,2,zebra
26,4390,cvlt2,2,cabbage
27,4390,cvlt2,2,spinach
28,4390,cvlt2,2,desk
29,4390,cvlt2,2,lamp
30,4390,cvlt2,2,subway
31,4390,cvlt2,2,boat
32,4390,cvlt2,2,giraffe
33,4390,cvlt2,2,cow
34,4390,cvlt2,3,desk
35,4390,cvlt2,3,lamp
36,4390,cvlt2,3,bookcase
37,4390,cvlt2,3,zebra
38,4390,cvlt2,3,cow
39,4390,cvlt2,3,squirrel
40,4390,cvlt2,3,celery
41,4390,cvlt2,3,cabbage
42,4390,cvlt2,3,spinach
43,4390,cvlt2,3,boat
44,4390,cvlt2,3,truck
45,4390,cvlt2,3,subway
46,4390,cvlt2,3,cow
47,4390,cvlt2,3,onion
48,4390,cvlt2,3,intrusion
49,4390,cvlt2,4,truck
50,4390,cvlt2,4,motorcycle
51,4390,cvlt2,4,subway
52,4390,cvlt2,4,desk
53,4390,cvlt2,4,lamp
54,4390,cvlt2,4,bookcase
55,4390,cvlt2,4,cabbage
56,4390,cvlt2,4,celery
57,4390,cvlt2,4,spinach
58,4390,cvlt2,4,squirrel
59,4390,cvlt2,4,cow
60,4390,cvlt2,4,giraffe
0,4391,cvlt2,0,truck
1,4391,cvlt2,0,spinach
2,4391,cvlt2,0,subway
3,4391,cvlt2,0,giraffe
4,4391,cvlt2,0,zebra
5,4391,cvlt2,0,cow
6,4391,cvlt2,0,onion
7,4391,cvlt2,0,celery
8,4391,cvlt2,0,cabinet
9,4391,cvlt2,0,motorcycle
10,4391,cvlt2,1,bookcase
11,4391,cvlt2,1,lamp
12,4391,cvlt2,1,desk
13,4391,cvlt2,1,squirrel
14,4391,cvlt2,1,zebra
15,4391,cvlt2,1,subway
16,4391,cvlt2,1,cabinet
17,4391,cvlt2,1,truck
18,4391,cvlt2,1,spinach
19,4391,cvlt2,1,celery
20,4391,cvlt2,1,onion
21,4391,cvlt2,1,boat
22,4391,cvlt2,1,giraffe
23,4391,cvlt2,1,zebra
24,4391,cvlt2,2,truck
25,4391,cvlt2,2,spinach
26,4391,cvlt2,2,subway
27,4391,cvlt2,2,zebra
28,4391,cvlt2,2,giraffe
29,4391,cvlt2,2,squirrel
30,4391,cvlt2,2,boat
31,4391,cvlt2,2,cabinet
32,4391,cvlt2,2,bookcase
33,4391,cvlt2,3,truck
34,4391,cvlt2,3,spinach
35,4391,cvlt2,3,zebra
36,4391,cvlt2,3,giraffe
37,4391,cvlt2,3,squirrel
38,4391,cvlt2,3,boat
39,4391,cvlt2,3,bookcase
40,4391,cvlt2,3,desk
41,4391,cvlt2,3,lamp
42,4391,cvlt2,3,cabinet
43,4391,cvlt2,3,celery
44,4391,cvlt2,3,onion
45,4391,cvlt2,3,cabbage
46,4391,cvlt2,3,motorcycle
47,4391,cvlt2,4,cabbage
48,4391,cvlt2,4,celery
49,4391,cvlt2,4,onion
50,4391,cvlt2,4,spinach
51,4391,cvlt2,4,boat
52,4391,cvlt2,4,subway
53,4391,cvlt2,4,truck
54,4391,cvlt2,4,motorcycle
55,4391,cvlt2,4,cabinet
56,4391,cvlt2,4,desk
57,4391,cvlt2,4,lamp
58,4391,cvlt2,4,bookcase
59,4391,cvlt2,4,cow
60,4391,cvlt2,4,giraffe
61,4391,cvlt2,4,squirrel
62,4391,cvlt2,4,zebra
0,4392,cvlt2,0,cabbage
1,4392,cvlt2,0,zebra
2,4392,cvlt2,0,giraffe
3,4392,cvlt2,0,subway
4,4392,cvlt2,0,lamp
5,4392,cvlt2,1,cabbage
6,4392,cvlt2,1,squirrel
7,4392,cvlt2,1,desk
8,4392,cvlt2,1,lamp
9,4392,cvlt2,1,boat
10,4392,cvlt2,1,spinach
11,4392,cvlt2,1,zebra
12,4392,cvlt2,1,giraffe
13,4392,cvlt2,1,spinach
14,4392,cvlt2,1,celery
15,4392,cvlt2,1,bookcase
16,4392,cvlt2,2,truck
17,4392,cvlt2,2,giraffe
18,4392,cvlt2,2,lamp
19,4392,cvlt2,2,onion
20,4392,cvlt2,2,celery
21,4392,cvlt2,2,bookcase
22,4392,cvlt2,2,subway
23,4392,cvlt2,2,zebra
24,4392,cvlt2,2,squirrel
25,4392,cvlt2,2,giraffe
26,4392,cvlt2,2,boat
27,4392,cvlt2,3,spinach
28,4392,cvlt2,3,cabbage
29,4392,cvlt2,3,celery
30,4392,cvlt2,3,lamp
31,4392,cvlt2,3,boat
32,4392,cvlt2,3,cow
33,4392,cvlt2,3,giraffe
34,4392,cvlt2,3,squirrel
35,4392,cvlt2,3,truck
36,4392,cvlt2,3,motorcycle
37,4392,cvlt2,3,subway
38,4392,cvlt2,3,boat
39,4392,cvlt2,3,onion
40,4392,cvlt2,3,spinach
41,4392,cvlt2,3,celery
42,4392,cvlt2,3,bookcase
43,4392,cvlt2,3,cabinet
44,4392,cvlt2,3,desk
45,4392,cvlt2,3,cow
46,4392,cvlt2,4,truck
47,4392,cvlt2,4,motorcycle
48,4392,cvlt2,4,lamp
49,4392,cvlt2,4,bookcase
50,4392,cvlt2,4,desk
51,4392,cvlt2,4,cow
52,4392,cvlt2,4,giraffe
53,4392,cvlt2,4,squirrel
54,4392,cvlt2,4,intrusion
55,4392,cvlt2,4,boat
56,4392,cvlt2,4,zebra
57,4392,cvlt2,4,giraffe
58,4392,cvlt2,4,motorcycle
59,4392,cvlt2,4,subway
60,4392,cvlt2,4,bookcase
61,4392,cvlt2,4,desk
62,4392,cvlt2,4,cabbage
63,4392,cvlt2,4,spinach
64,4392,cvlt2,4,celery
65,4392,cvlt2,4,onion
0,4393,cvlt2,0,cabbage
1,4393,cvlt2,0,spinach
2,4393,cvlt2,0,celery
3,4393,cvlt2,0,zebra
4,4393,cvlt2,0,giraffe
5,4393,cvlt2,0,bookcase
6,4393,cvlt2,0,cabinet
7,4393,cvlt2,0,truck
8,4393,cvlt2,0,motorcycle
9,4393,cvlt2,0,subway
10,4393,cvlt2,0,lamp
11,4393,cvlt2,1,cabbage
12,4393,cvlt2,1,celery
13,4393,cvlt2,1,spinach
14,4393,cvlt2,1,subway
15,4393,cvlt2,1,boat
16,4393,cvlt2,1,truck
17,4393,cvlt2,1,celery
18,4393,cvlt2,1,giraffe
19,4393,cvlt2,1,zebra
20,4393,cvlt2,1,cow
21,4393,cvlt2,1,bookcase
22,4393,cvlt2,1,cabinet
23,4393,cvlt2,2,cabbage
24,4393,cvlt2,2,celery
25,4393,cvlt2,2,spinach
26,4393,cvlt2,2,lamp
27,4393,cvlt2,2,bookcase
28,4393,cvlt2,2,desk
29,4393,cvlt2,2,subway
30,4393,cvlt2,2,motorcycle
31,4393,cvlt2,2,boat
32,4393,cvlt2,2,truck
33,4393,cvlt2,2,cabbage
34,4393,cvlt2,2,cow
35,4393,cvlt2,2,giraffe
36,4393,cvlt2,2,zebra
37,4393,cvlt2,3,motorcycle
38,4393,cvlt2,3,truck
39,4393,cvlt2,3,subway
40,4393,cvlt2,3,boat
41,4393,cvlt2,3,cabbage
42,4393,cvlt2,3,spinach
43,4393,cvlt2,3,celery
44,4393,cvlt2,3,onion
45,4393,cvlt2,3,cow
46,4393,cvlt2,3,zebra
47,4393,cvlt2,3,giraffe
48,4393,cvlt2,3,desk
49,4393,cvlt2,3,bookcase
50,4393,cvlt2,3,lamp
51,4393,cvlt2,4,squirrel
52,4393,cvlt2,4,giraffe
53,4393,cvlt2,4,cow
54,4393,cvlt2,4,zebra
55,4393,cvlt2,4,cabbage
56,4393,cvlt2,4,spinach
57,4393,cvlt2,4,onion
58,4393,cvlt2,4,celery
59,4393,cvlt2,4,motorcycle
60,4393,cvlt2,4,truck
61,4393,cvlt2,4,subway
62,4393,cvlt2,4,boat
63,4393,cvlt2,4,desk
64,4393,cvlt2,4,bookcase
65,4393,cvlt2,4,lamp
66,4393,cvlt2,4,motorcycle
0,4394,cvlt2,0,truck
1,4394,cvlt2,0,spinach
2,4394,cvlt2,0,cabbage
3,4394,cvlt2,0,giraffe
4,4394,cvlt2,0,squirrel
5,4394,cvlt2,0,subway
6,4394,cvlt2,0,cabinet
7,4394,cvlt2,0,desk
8,4394,cvlt2,1,truck
9,4394,cvlt2,1,spinach
10,4394,cvlt2,1,cabbage
11,4394,cvlt2,1,squirrel
12,4394,cvlt2,1,boat
13,4394,cvlt2,1,giraffe
14,4394,cvlt2,1,subway
15,4394,cvlt2,1,celery
16,4394,cvlt2,1,cow
17,4394,cvlt2,1,lamp
18,4394,cvlt2,2,truck
19,4394,cvlt2,2,giraffe
20,4394,cvlt2,2,zebra
21,4394,cvlt2,2,squirrel
22,4394,cvlt2,2,spinach
23,4394,cvlt2,2,celery
24,4394,cvlt2,2,onion
25,4394,cvlt2,2,cabinet
26,4394,cvlt2,2,bookcase
27,4394,cvlt2,2,motorcycle
28,4394,cvlt2,2,boat
29,4394,cvlt2,2,cow
30,4394,cvlt2,2,lamp
31,4394,cvlt2,2,celery
32,4394,cvlt2,3,truck
33,4394,cvlt2,3,giraffe
34,4394,cvlt2,3,zebra
35,4394,cvlt2,3,squirrel
36,4394,cvlt2,3,spinach
37,4394,cvlt2,3,cabbage
38,4394,cvlt2,3,celery
39,4394,cvlt2,3,boat
40,4394,cvlt2,3,motorcycle
41,4394,cvlt2,3,cabinet
42,4394,cvlt2,3,bookcase
43,4394,cvlt2,3,zebra
44,4394,cvlt2,3,onion
45,4394,cvlt2,3,lamp
46,4394,cvlt2,3,giraffe
47,4394,cvlt2,3,subway
48,4394,cvlt2,4,giraffe
49,4394,cvlt2,4,zebra
50,4394,cvlt2,4,squirrel
51,4394,cvlt2,4,cow
52,4394,cvlt2,4,truck
53,4394,cvlt2,4,motorcycle
54,4394,cvlt2,4,boat
55,4394,cvlt2,4,spinach
56,4394,cvlt2,4,cabbage
57,4394,cvlt2,4,celery
58,4394,cvlt2,4,onion
59,4394,cvlt2,4,lamp
60,4394,cvlt2,4,subway
61,4394,cvlt2,4,cabinet
62,4394,cvlt2,4,bookcase
0,4395,cvlt2,0,cabbage
1,4395,cvlt2,0,intrusion
2,4395,cvlt2,0,spinach
3,4395,cvlt2,0,truck
4,4395,cvlt2,0,subway
5,4395,cvlt2,0,giraffe
6,4395,cvlt2,0,desk
7,4395,cvlt2,0,truck
8,4395,cvlt2,1,cow
9,4395,cvlt2,1,desk
10,4395,cvlt2,1,bookcase
11,4395,cvlt2,1,truck
12,4395,cvlt2,1,celery
13,4395,cvlt2,1,spinach
14,4395,cvlt2,1,cabinet
15,4395,cvlt2,1,subway
16,4395,cvlt2,1,zebra
17,4395,cvlt2,1,giraffe
18,4395,cvlt2,1,squirrel
19,4395,cvlt2,1,desk
20,4395,cvlt2,1,lamp
21,4395,cvlt2,2,cabbage
22,4395,cvlt2,2,boat
23,4395,cvlt2,2,motorcycle
24,4395,cvlt2,2,truck
25,4395,cvlt2,2,squirrel
26,4395,cvlt2,2,lamp
27,4395,cvlt2,2,desk
28,4395,cvlt2,2,giraffe
29,4395,cvlt2,2,spinach
30,4395,cvlt2,2,bookcase
31,4395,cvlt2,2,onion
32,4395,cvlt2,2,cow
33,4395,cvlt2,2,celery
34,4395,cvlt2,2,bookcase
35,4395,cvlt2,2,truck
36,4395,cvlt2,2,motorcycle
37,4395,cvlt2,2,subway
38,4395,cvlt2,2,squirrel
39,4395,cvlt2,2,desk
40,4395,cvlt2,3,spinach
41,4395,cvlt2,3,boat
42,4395,cvlt2,3,subway
43,4395,cvlt2,3,giraffe
44,4395,cvlt2,3,squirrel
45,4395,cvlt2,3,cow
46,4395,cvlt2,3,lamp
47,4395,cvlt2,3,desk
48,4395,cvlt2,3,zebra
49,4395,cvlt2,3,onion
50,4395,cvlt2,3,cabbage
51,4395,cvlt2,3,desk
52,4395,cvlt2,3,lamp
53,4395,cvlt2,3,subway
54,4395,cvlt2,3,spinach
55,4395,cvlt2,3,onion
56,4395,cvlt2,3,lamp
57,4395,cvlt2,3,desk
58,4395,cvlt2,3,bookcase
59,4395,cvlt2,3,motorcycle
60,4395,cvlt2,3,subway
61,4395,cvlt2,3,cow
62,4395,cvlt2,4,boat
63,4395,cvlt2,4,truck
64,4395,cvlt2,4,subway
65,4395,cvlt2,4,giraffe
66,4395,cvlt2,4,zebra
67,4395,cvlt2,4,squirrel
68,4395,cvlt2,4,cow
69,4395,cvlt2,4,onion
70,4395,cvlt2,4,spinach
71,4395,cvlt2,4,celery
72,4395,cvlt2,4,bookcase
73,4395,cvlt2,4,lamp
74,4395,cvlt2,4,desk
75,4395,cvlt2,4,truck
76,4395,cvlt2,4,motorcycle
77,4395,cvlt2,4,giraffe
78,4395,cvlt2,4,zebra
79,4395,cvlt2,4,lamp
80,4395,cvlt2,4,desk
81,4395,cvlt2,4,zebra
82,4395,cvlt2,4,onion
0,4396,cvlt2,0,zebra
1,4396,cvlt2,0,cow
2,4396,cvlt2,0,cabbage
3,4396,cvlt2,0,desk
4,4396,cvlt2,0,celery
5,4396,cvlt2,1,boat
6,4396,cvlt2,1,squirrel
7,4396,cvlt2,1,cabbage
8,4396,cvlt2,1,truck
9,4396,cvlt2,1,spinach
10,4396,cvlt2,1,celery
11,4396,cvlt2,1,desk
12,4396,cvlt2,1,zebra
13,4396,cvlt2,1,cow
14,4396,cvlt2,1,lamp
15,4396,cvlt2,2,boat
16,4396,cvlt2,2,squirrel
17,4396,cvlt2,2,cabbage
18,4396,cvlt2,2,bookcase
19,4396,cvlt2,2,celery
20,4396,cvlt2,2,truck
21,4396,cvlt2,2,intrusion
22,4396,cvlt2,2,lamp
23,4396,cvlt2,2,giraffe
24,4396,cvlt2,2,zebra
25,4396,cvlt2,2,desk
26,4396,cvlt2,2,cabinet
27,4396,cvlt2,3,motorcycle
28,4396,cvlt2,3,subway
29,4396,cvlt2,3,cabbage
30,4396,cvlt2,3,cow
31,4396,cvlt2,3,truck
32,4396,cvlt2,3,cabinet
33,4396,cvlt2,3,bookcase
34,4396,cvlt2,3,zebra
35,4396,cvlt2,3,celery
36,4396,cvlt2,3,lamp
37,4396,cvlt2,3,spinach
38,4396,cvlt2,3,giraffe
39,4396,cvlt2,3,zebra
40,4396,cvlt2,4,boat
41,4396,cvlt2,4,squirrel
42,4396,cvlt2,4,cabbage
43,4396,cvlt2,4,zebra
44,4396,cvlt2,4,giraffe
45,4396,cvlt2,4,lamp
46,4396,cvlt2,4,spinach
47,4396,cvlt2,4,cow
48,4396,cvlt2,4,cabinet
49,4396,cvlt2,4,bookcase
50,4396,cvlt2,4,celery
51,4396,cvlt2,4,motorcycle
52,4396,cvlt2,4,subway
53,4396,cvlt2,4,squirrel
0,4397,cvlt2,0,boat
1,4397,cvlt2,0,squirrel
2,4397,cvlt2,0,spinach
3,4397,cvlt2,0,truck
4,4397,cvlt2,0,desk
5,4397,cvlt2,0,subway
6,4397,cvlt2,0,onion
7,4397,cvlt2,0,giraffe
8,4397,cvlt2,0,zebra
9,4397,cvlt2,0,truck
10,4397,cvlt2,1,bookcase
11,4397,cvlt2,1,onion
12,4397,cvlt2,1,lamp
13,4397,cvlt2,1,zebra
14,4397,cvlt2,1,truck
15,4397,cvlt2,1,giraffe
16,4397,cvlt2,1,squirrel
17,4397,cvlt2,1,cabbage
18,4397,cvlt2,1,zebra
19,4397,cvlt2,1,cabinet
20,4397,cvlt2,1,desk
21,4397,cvlt2,1,lamp
22,4397,cvlt2,1,subway
23,4397,cvlt2,2,celery
24,4397,cvlt2,2,lamp
25,4397,cvlt2,2,cow
26,4397,cvlt2,2,boat
27,4397,cvlt2,2,squirrel
28,4397,cvlt2,2,zebra
29,4397,cvlt2,2,giraffe
30,4397,cvlt2,2,truck
31,4397,cvlt2,2,spinach
32,4397,cvlt2,2,cabinet
33,4397,cvlt2,2,subway
34,4397,cvlt2,2,lamp
35,4397,cvlt2,2,intrusion
36,4397,cvlt2,2,bookcase
37,4397,cvlt2,3,motorcycle
38,4397,cvlt2,3,cow
39,4397,cvlt2,3,squirrel
40,4397,cvlt2,3,onion
41,4397,cvlt2,3,boat
42,4397,cvlt2,3,cabinet
43,4397,cvlt2,3,truck
44,4397,cvlt2,3,spinach
45,4397,cvlt2,3,cabbage
46,4397,cvlt2,3,lamp
47,4397,cvlt2,3,bookcase
48,4397,cvlt2,3,celery
49,4397,cvlt2,3,giraffe
50,4397,cvlt2,3,zebra
51,4397,cvlt2,3,squirrel
52,4397,cvlt2,4,truck
53,4397,cvlt2,4,bookcase
54,4397,cvlt2,4,spinach
55,4397,cvlt2,4,motorcycle
56,4397,cvlt2,4,cow
57,4397,cvlt2,4,lamp
58,4397,cvlt2,4,cabinet
59,4397,cvlt2,4,squirrel
60,4397,cvlt2,4,giraffe
61,4397,cvlt2,4,zebra
62,4397,cvlt2,4,celery
63,4397,cvlt2,4,cabbage
64,4397,cvlt2,4,lamp
65,4397,cvlt2,4,onion
66,4397,cvlt2,4,boat
67,4397,cvlt2,4,bookcase
0,4398,cvlt2,0,truck
1,4398,cvlt2,0,motorcycle
2,4398,cvlt2,0,zebra
3,4398,cvlt2,0,giraffe
4,4398,cvlt2,0,spinach
5,4398,cvlt2,0,onion
6,4398,cvlt2,0,celery
7,4398,cvlt2,1,cabbage
8,4398,cvlt2,1,squirrel
9,4398,cvlt2,1,celery
10,4398,cvlt2,1,cabinet
11,4398,cvlt2,1,desk
12,4398,cvlt2,1,giraffe
13,4398,cvlt2,1,zebra
14,4398,cvlt2,1,motorcycle
15,4398,cvlt2,1,spinach
16,4398,cvlt2,1,lamp
17,4398,cvlt2,1,squirrel
18,4398,cvlt2,1,truck
19,4398,cvlt2,1,motorcycle
20,4398,cvlt2,2,cabbage
21,4398,cvlt2,2,squirrel
22,4398,cvlt2,2,boat
23,4398,cvlt2,2,lamp
24,4398,cvlt2,2,spinach
25,4398,cvlt2,2,celery
26,4398,cvlt2,2,bookcase
27,4398,cvlt2,2,desk
28,4398,cvlt2,2,motorcycle
29,4398,cvlt2,2,truck
30,4398,cvlt2,2,zebra
31,4398,cvlt2,2,giraffe
32,4398,cvlt2,2,truck
33,4398,cvlt2,2,subway
34,4398,cvlt2,2,bookcase
35,4398,cvlt2,2,onion
36,4398,cvlt2,2,celery
37,4398,cvlt2,3,cabbage
38,4398,cvlt2,3,celery
39,4398,cvlt2,3,spinach
40,4398,cvlt2,3,onion
41,4398,cvlt2,3,squirrel
42,4398,cvlt2,3,zebra
43,4398,cvlt2,3,giraffe
44,4398,cvlt2,3,truck
45,4398,cvlt2,3,boat
46,4398,cvlt2,3,motorcycle
47,4398,cvlt2,3,cabinet
48,4398,cvlt2,3,desk
49,4398,cvlt2,3,lamp
50,4398,cvlt2,3,cabbage
51,4398,cvlt2,3,truck
52,4398,cvlt2,3,squirrel
53,4398,cvlt2,3,subway
54,4398,cvlt2,3,onion
55,4398,cvlt2,4,desk
56,4398,cvlt2,4,lamp
57,4398,cvlt2,4,cabinet
58,4398,cvlt2,4,bookcase
59,4398,cvlt2,4,squirrel
60,4398,cvlt2,4,giraffe
61,4398,cvlt2,4,zebra
62,4398,cvlt2,4,onion
63,4398,cvlt2,4,celery
64,4398,cvlt2,4,spinach
65,4398,cvlt2,4,cabbage
66,4398,cvlt2,4,truck
67,4398,cvlt2,4,boat
68,4398,cvlt2,4,subway
69,4398,cvlt2,4,motorcycle
70,4398,cvlt2,4,lamp
71,4398,cvlt2,4,cow
0,4401,cvlt2,0,cabbage
1,4401,cvlt2,0,lamp
2,4401,cvlt2,0,giraffe
3,4401,cvlt2,0,spinach
4,4401,cvlt2,0,intrusion
5,4401,cvlt2,0,desk
6,4401,cvlt2,0,intrusion
7,4401,cvlt2,0,onion
8,4401,cvlt2,0,boat
9,4401,cvlt2,0,zebra
10,4401,cvlt2,0,cabbage
11,4401,cvlt2,0,celery
12,4401,cvlt2,1,squirrel
13,4401,cvlt2,1,truck
14,4401,cvlt2,1,subway
15,4401,cvlt2,1,motorcycle
16,4401,cvlt2,1,desk
17,4401,cvlt2,1,cabinet
18,4401,cvlt2,1,celery
19,4401,cvlt2,1,cabbage
20,4401,cvlt2,1,lamp
21,4401,cvlt2,1,onion
22,4401,cvlt2,1,spinach
23,4401,cvlt2,1,giraffe
24,4401,cvlt2,2,cabbage
25,4401,cvlt2,2,cow
26,4401,cvlt2,2,desk
27,4401,cvlt2,2,cabinet
28,4401,cvlt2,2,truck
29,4401,cvlt2,2,giraffe
30,4401,cvlt2,2,spinach
31,4401,cvlt2,2,onion
32,4401,cvlt2,2,motorcycle
33,4401,cvlt2,2,lamp
34,4401,cvlt2,2,celery
35,4401,cvlt2,2,cabbage
36,4401,cvlt2,2,bookcase
37,4401,cvlt2,2,zebra
38,4401,cvlt2,2,motorcycle
39,4401,cvlt2,3,truck
40,4401,cvlt2,3,spinach
41,4401,cvlt2,3,giraffe
42,4401,cvlt2,3,onion
43,4401,cvlt2,3,lamp
44,4401,cvlt2,3,desk
45,4401,cvlt2,3,motorcycle
46,4401,cvlt2,3,onion
47,4401,cvlt2,3,cow
48,4401,cvlt2,3,subway
49,4401,cvlt2,3,desk
50,4401,cvlt2,3,cabinet
51,4401,cvlt2,3,cow
52,4401,cvlt2,3,boat
53,4401,cvlt2,4,cabbage
54,4401,cvlt2,4,squirrel
55,4401,cvlt2,4,lamp
56,4401,cvlt2,4,cow
57,4401,cvlt2,4,giraffe
58,4401,cvlt2,4,zebra
59,4401,cvlt2,4,onion
60,4401,cvlt2,4,bookcase
61,4401,cvlt2,4,desk
62,4401,cvlt2,4,cabinet
63,4401,cvlt2,4,celery
64,4401,cvlt2,4,spinach
65,4401,cvlt2,4,truck
66,4401,cvlt2,4,giraffe
67,4401,cvlt2,4,boat
68,4401,cvlt2,4,lamp
69,4401,cvlt2,4,cow
70,4401,cvlt2,4,motorcycle
0,4402,cvlt2,0,zebra
1,4402,cvlt2,0,subway
2,4402,cvlt2,0,bookcase
3,4402,cvlt2,1,lamp
4,4402,cvlt2,1,celery
5,4402,cvlt2,1,cow
6,4402,cvlt2,1,cabbage
7,4402,cvlt2,1,zebra
8,4402,cvlt2,1,truck
9,4402,cvlt2,1,intrusion
10,4402,cvlt2,2,desk
11,4402,cvlt2,2,boat
12,4402,cvlt2,2,bookcase
13,4402,cvlt2,2,truck
14,4402,cvlt2,2,zebra
15,4402,cvlt2,2,subway
16,4402,cvlt2,2,boat
17,4402,cvlt2,3,onion
18,4402,cvlt2,3,lamp
19,4402,cvlt2,3,squirrel
20,4402,cvlt2,3,cabbage
21,4402,cvlt2,3,zebra
22,4402,cvlt2,3,subway
23,4402,cvlt2,3,truck
24,4402,cvlt2,3,intrusion
25,4402,cvlt2,3,onion
26,4402,cvlt2,3,celery
27,4402,cvlt2,4,cabbage
28,4402,cvlt2,4,spinach
29,4402,cvlt2,4,celery
30,4402,cvlt2,4,subway
31,4402,cvlt2,4,truck
32,4402,cvlt2,4,cabbage
33,4402,cvlt2,4,celery
34,4402,cvlt2,4,truck
35,4402,cvlt2,4,squirrel
0,4403,cvlt2,0,cabbage
1,4403,cvlt2,0,squirrel
2,4403,cvlt2,0,bookcase
3,4403,cvlt2,0,motorcycle
4,4403,cvlt2,0,truck
5,4403,cvlt2,0,bookcase
6,4403,cvlt2,1,cabbage
7,4403,cvlt2,1,squirrel
8,4403,cvlt2,1,onion
9,4403,cvlt2,1,bookcase
10,4403,cvlt2,1,truck
11,4403,cvlt2,1,zebra
12,4403,cvlt2,1,giraffe
13,4403,cvlt2,2,subway
14,4403,cvlt2,2,squirrel
15,4403,cvlt2,2,desk
16,4403,cvlt2,2,cabbage
17,4403,cvlt2,2,truck
18,4403,cvlt2,2,desk
19,4403,cvlt2,2,bookcase
20,4403,cvlt2,2,subway
21,4403,cvlt2,2,motorcycle
22,4403,cvlt2,2,intrusion
23,4403,cvlt2,3,desk
24,4403,cvlt2,3,squirrel
25,4403,cvlt2,3,cabbage
26,4403,cvlt2,3,truck
27,4403,cvlt2,3,bookcase
28,4403,cvlt2,3,cabbage
29,4403,cvlt2,3,spinach
30,4403,cvlt2,3,onion
31,4403,cvlt2,3,desk
32,4403,cvlt2,3,bookcase
33,4403,cvlt2,3,cow
34,4403,cvlt2,4,squirrel
35,4403,cvlt2,4,cabbage
36,4403,cvlt2,4,desk
37,4403,cvlt2,4,subway
38,4403,cvlt2,4,truck
39,4403,cvlt2,4,squirrel
40,4403,cvlt2,4,cow
41,4403,cvlt2,4,bookcase
42,4403,cvlt2,4,desk
43,4403,cvlt2,4,giraffe
0,4404,cvlt2,0,cabbage
1,4404,cvlt2,0,zebra
2,4404,cvlt2,0,spinach
3,4404,cvlt2,0,truck
4,4404,cvlt2,0,giraffe
5,4404,cvlt2,0,cow
6,4404,cvlt2,0,intrusion
7,4404,cvlt2,0,spinach
8,4404,cvlt2,0,motorcycle
9,4404,cvlt2,0,intrusion
10,4404,cvlt2,0,cabbage
11,4404,cvlt2,0,spinach
12,4404,cvlt2,0,intrusion
13,4404,cvlt2,1,squirrel
14,4404,cvlt2,1,cabbage
15,4404,cvlt2,1,celery
16,4404,cvlt2,1,bookcase
17,4404,cvlt2,1,motorcycle
18,4404,cvlt2,1,truck
19,4404,cvlt2,1,spinach
20,4404,cvlt2,1,cow
21,4404,cvlt2,1,zebra
22,4404,cvlt2,1,giraffe
23,4404,cvlt2,1,bookcase
24,4404,cvlt2,1,motorcycle
25,4404,cvlt2,1,truck
26,4404,cvlt2,1,lamp
27,4404,cvlt2,2,boat
28,4404,cvlt2,2,onion
29,4404,cvlt2,2,celery
30,4404,cvlt2,2,cabbage
31,4404,cvlt2,2,truck
32,4404,cvlt2,2,motorcycle
33,4404,cvlt2,2,desk
34,4404,cvlt2,2,bookcase
35,4404,cvlt2,2,giraffe
36,4404,cvlt2,2,squirrel
37,4404,cvlt2,2,zebra
38,4404,cvlt2,2,cow
39,4404,cvlt2,2,spinach
40,4404,cvlt2,3,cabinet
41,4404,cvlt2,3,subway
42,4404,cvlt2,3,onion
43,4404,cvlt2,3,boat
44,4404,cvlt2,3,giraffe
45,4404,cvlt2,3,zebra
46,4404,cvlt2,3,cow
47,4404,cvlt2,3,squirrel
48,4404,cvlt2,3,celery
49,4404,cvlt2,3,spinach
50,4404,cvlt2,3,desk
51,4404,cvlt2,3,bookcase
52,4404,cvlt2,3,truck
53,4404,cvlt2,3,bookcase
54,4404,cvlt2,3,motorcycle
55,4404,cvlt2,3,boat
56,4404,cvlt2,4,lamp
57,4404,cvlt2,4,squirrel
58,4404,cvlt2,4,cabbage
59,4404,cvlt2,4,desk
60,4404,cvlt2,4,bookcase
61,4404,cvlt2,4,onion
62,4404,cvlt2,4,celery
63,4404,cvlt2,4,spinach
64,4404,cvlt2,4,zebra
65,4404,cvlt2,4,giraffe
66,4404,cvlt2,4,boat
67,4404,cvlt2,4,cow
68,4404,cvlt2,4,motorcycle
69,4404,cvlt2,4,truck
70,4404,cvlt2,4,lamp
71,4404,cvlt2,4,truck
72,4404,cvlt2,4,bookcase
0,4406,cvlt2,0,cabbage
1,4406,cvlt2,0,squirrel
2,4406,cvlt2,0,bookcase
3,4406,cvlt2,0,squirrel
4,4406,cvlt2,0,intrusion
5,4406,cvlt2,1,truck
6,4406,cvlt2,1,cabbage
7,4406,cvlt2,1,bookcase
8,4406,cvlt2,1,squirrel
9,4406,cvlt2,1,intrusion
10,4406,cvlt2,1,celery
11,4406,cvlt2,1,truck
12,4406,cvlt2,2,truck
13,4406,cvlt2,2,bookcase
14,4406,cvlt2,2,squirrel
15,4406,cvlt2,2,cabbage
16,4406,cvlt2,2,motorcycle
17,4406,cvlt2,2,onion
18,4406,cvlt2,3,cabbage
19,4406,cvlt2,3,squirrel
20,4406,cvlt2,3,bookcase
21,4406,cvlt2,3,motorcycle
22,4406,cvlt2,3,giraffe
23,4406,cvlt2,3,spinach
24,4406,cvlt2,3,cabbage
25,4406,cvlt2,3,truck
26,4406,cvlt2,3,motorcycle
27,4406,cvlt2,3,intrusion
28,4406,cvlt2,3,onion
29,4406,cvlt2,4,motorcycle
30,4406,cvlt2,4,truck
31,4406,cvlt2,4,spinach
32,4406,cvlt2,4,cow
33,4406,cvlt2,4,bookcase
34,4406,cvlt2,4,subway
35,4406,cvlt2,4,cow
36,4406,cvlt2,4,onion
37,4406,cvlt2,4,celery
38,4406,cvlt2,4,cabbage
0,4409,cvlt2,0,cow
1,4409,cvlt2,0,spinach
2,4409,cvlt2,0,boat
3,4409,cvlt2,0,cabinet
4,4409,cvlt2,0,bookcase
5,4409,cvlt2,0,giraffe
6,4409,cvlt2,0,squirrel
7,4409,cvlt2,0,bookcase
8,4409,cvlt2,1,boat
9,4409,cvlt2,1,squirrel
10,4409,cvlt2,1,cabinet
11,4409,cvlt2,1,bookcase
12,4409,cvlt2,1,giraffe
13,4409,cvlt2,1,celery
14,4409,cvlt2,1,squirrel
15,4409,cvlt2,1,motorcycle
16,4409,cvlt2,1,desk
17,4409,cvlt2,1,cabbage
18,4409,cvlt2,1,truck
19,4409,cvlt2,1,intrusion
20,4409,cvlt2,2,onion
21,4409,cvlt2,2,celery
22,4409,cvlt2,2,cow
23,4409,cvlt2,2,motorcycle
24,4409,cvlt2,2,desk
25,4409,cvlt2,2,subway
26,4409,cvlt2,2,desk
27,4409,cvlt2,2,cabinet
28,4409,cvlt2,2,onion
29,4409,cvlt2,2,squirrel
30,4409,cvlt2,2,zebra
31,4409,cvlt2,2,giraffe
32,4409,cvlt2,2,desk
33,4409,cvlt2,2,cabinet
34,4409,cvlt2,2,zebra
35,4409,cvlt2,3,cabbage
36,4409,cvlt2,3,squirrel
37,4409,cvlt2,3,bookcase
38,4409,cvlt2,3,celery
39,4409,cvlt2,3,truck
40,4409,cvlt2,3,giraffe
41,4409,cvlt2,3,bookcase
42,4409,cvlt2,3,cow
43,4409,cvlt2,3,desk
44,4409,cvlt2,3,cabinet
45,4409,cvlt2,3,boat
46,4409,cvlt2,3,onion
47,4409,cvlt2,3,celery
48,4409,cvlt2,4,spinach
49,4409,cvlt2,4,boat
50,4409,cvlt2,4,subway
51,4409,cvlt2,4,squirrel
52,4409,cvlt2,4,cabbage
53,4409,cvlt2,4,giraffe
54,4409,cvlt2,4,zebra
55,4409,cvlt2,4,subway
56,4409,cvlt2,4,onion
57,4409,cvlt2,4,cabinet
58,4409,cvlt2,4,bookcase
59,4409,cvlt2,4,motorcycle
0,4410,cvlt2,0,desk
1,4410,cvlt2,0,bookcase
2,4410,cvlt2,0,squirrel
3,4410,cvlt2,0,giraffe
4,4410,cvlt2,0,cow
5,4410,cvlt2,0,spinach
6,4410,cvlt2,0,truck
7,4410,cvlt2,1,giraffe
8,4410,cvlt2,1,bookcase
9,4410,cvlt2,1,onion
10,4410,cvlt2,1,truck
11,4410,cvlt2,1,spinach
12,4410,cvlt2,1,cow
13,4410,cvlt2,2,subway
14,4410,cvlt2,2,celery
15,4410,cvlt2,2,cabbage
16,4410,cvlt2,2,squirrel
17,4410,cvlt2,2,cow
18,4410,cvlt2,2,truck
19,4410,cvlt2,2,spinach
20,4410,cvlt2,3,subway
21,4410,cvlt2,3,celery
22,4410,cvlt2,3,desk
23,4410,cvlt2,3,lamp
24,4410,cvlt2,3,cabbage
25,4410,cvlt2,3,cow
26,4410,cvlt2,3,giraffe
27,4410,cvlt2,3,truck
28,4410,cvlt2,3,spinach
29,4410,cvlt2,4,onion
30,4410,cvlt2,4,motorcycle
31,4410,cvlt2,4,zebra
32,4410,cvlt2,4,cabinet
33,4410,cvlt2,4,cow
34,4410,cvlt2,4,desk
35,4410,cvlt2,4,intrusion
36,4410,cvlt2,4,truck
37,4410,cvlt2,4,spinach
38,4410,cvlt2,4,subway
0,4411,cvlt2,0,truck
1,4411,cvlt2,0,zebra
2,4411,cvlt2,0,bookcase
3,4411,cvlt2,0,giraffe
4,4411,cvlt2,0,squirrel
5,4411,cvlt2,0,cabbage
6,4411,cvlt2,0,motorcycle
7,4411,cvlt2,0,desk
8,4411,cvlt2,0,intrusion
9,4411,cvlt2,0,bookcase
10,4411,cvlt2,0,celery
11,4411,cvlt2,1,subway
12,4411,cvlt2,1,squirrel
13,4411,cvlt2,1,truck
14,4411,cvlt2,1,zebra
15,4411,cvlt2,1,onion
16,4411,cvlt2,1,cabbage
17,4411,cvlt2,1,cow
18,4411,cvlt2,1,celery
19,4411,cvlt2,1,bookcase
20,4411,cvlt2,2,truck
21,4411,cvlt2,2,zebra
22,4411,cvlt2,2,bookcase
23,4411,cvlt2,2,lamp
24,4411,cvlt2,2,subway
25,4411,cvlt2,2,celery
26,4411,cvlt2,2,squirrel
27,4411,cvlt2,2,cabbage
28,4411,cvlt2,2,bookcase
29,4411,cvlt2,2,motorcycle
30,4411,cvlt2,2,onion
31,4411,cvlt2,2,cow
32,4411,cvlt2,2,spinach
33,4411,cvlt2,3,truck
34,4411,cvlt2,3,zebra
35,4411,cvlt2,3,lamp
36,4411,cvlt2,3,bookcase
37,4411,cvlt2,3,motorcycle
38,4411,cvlt2,3,boat
39,4411,cvlt2,3,cabbage
40,4411,cvlt2,3,squirrel
41,4411,cvlt2,3,celery
42,4411,cvlt2,3,spinach
43,4411,cvlt2,3,cabinet
44,4411,cvlt2,3,lamp
45,4411,cvlt2,3,giraffe
46,4411,cvlt2,4,truck
47,4411,cvlt2,4,zebra
48,4411,cvlt2,4,bookcase
49,4411,cvlt2,4,lamp
50,4411,cvlt2,4,cabbage
51,4411,cvlt2,4,celery
52,4411,cvlt2,4,onion
53,4411,cvlt2,4,cow
54,4411,cvlt2,4,boat
55,4411,cvlt2,4,zebra
56,4411,cvlt2,4,lamp
57,4411,cvlt2,4,desk
0,4412,cvlt2,0,truck
1,4412,cvlt2,0,spinach
2,4412,cvlt2,0,zebra
3,4412,cvlt2,0,giraffe
4,4412,cvlt2,0,cabbage
5,4412,cvlt2,0,boat
6,4412,cvlt2,0,intrusion
7,4412,cvlt2,1,truck
8,4412,cvlt2,1,spinach
9,4412,cvlt2,1,zebra
10,4412,cvlt2,1,giraffe
11,4412,cvlt2,1,cabbage
12,4412,cvlt2,1,boat
13,4412,cvlt2,1,spinach
14,4412,cvlt2,1,desk
15,4412,cvlt2,1,intrusion
16,4412,cvlt2,2,truck
17,4412,cvlt2,2,zebra
18,4412,cvlt2,2,spinach
19,4412,cvlt2,2,celery
20,4412,cvlt2,2,desk
21,4412,cvlt2,2,boat
22,4412,cvlt2,2,giraffe
23,4412,cvlt2,2,subway
24,4412,cvlt2,2,cow
25,4412,cvlt2,3,truck
26,4412,cvlt2,3,spinach
27,4412,cvlt2,3,celery
28,4412,cvlt2,3,zebra
29,4412,cvlt2,3,giraffe
30,4412,cvlt2,3,motorcycle
31,4412,cvlt2,3,subway
32,4412,cvlt2,3,intrusion
33,4412,cvlt2,3,intrusion
34,4412,cvlt2,3,cow
35,4412,cvlt2,3,bookcase
36,4412,cvlt2,4,truck
37,4412,cvlt2,4,spinach
38,4412,cvlt2,4,giraffe
39,4412,cvlt2,4,boat
40,4412,cvlt2,4,cow
41,4412,cvlt2,4,celery
42,4412,cvlt2,4,intrusion
43,4412,cvlt2,4,cow
44,4412,cvlt2,4,subway
45,4412,cvlt2,4,squirrel
0,4413,cvlt2,0,desk
1,4413,cvlt2,0,bookcase
2,4413,cvlt2,0,boat
3,4413,cvlt2,0,zebra
4,4413,cvlt2,0,cabbage
5,4413,cvlt2,0,bookcase
6,4413,cvlt2,1,onion
7,4413,cvlt2,1,cabbage
8,4413,cvlt2,1,celery
9,4413,cvlt2,1,boat
10,4413,cvlt2,1,motorcycle
11,4413,cvlt2,1,zebra
12,4413,cvlt2,1,giraffe
13,4413,cvlt2,1,desk
14,4413,cvlt2,1,bookcase
15,4413,cvlt2,1,squirrel
16,4413,cvlt2,1,onion
17,4413,cvlt2,1,subway
18,4413,cvlt2,2,zebra
19,4413,cvlt2,2,giraffe
20,4413,cvlt2,2,squirrel
21,4413,cvlt2,2,onion
22,4413,cvlt2,2,spinach
23,4413,cvlt2,2,celery
24,4413,cvlt2,2,cabbage
25,4413,cvlt2,2,boat
26,4413,cvlt2,2,truck
27,4413,cvlt2,2,motorcycle
28,4413,cvlt2,2,bookcase
29,4413,cvlt2,2,desk
30,4413,cvlt2,2,subway
31,4413,cvlt2,3,squirrel
32,4413,cvlt2,3,zebra
33,4413,cvlt2,3,giraffe
34,4413,cvlt2,3,onion
35,4413,cvlt2,3,cabbage
36,4413,cvlt2,3,celery
37,4413,cvlt2,3,desk
38,4413,cvlt2,3,bookcase
39,4413,cvlt2,3,lamp
40,4413,cvlt2,3,cabinet
41,4413,cvlt2,3,squirrel
42,4413,cvlt2,4,desk
43,4413,cvlt2,4,bookcase
44,4413,cvlt2,4,lamp
45,4413,cvlt2,4,zebra
46,4413,cvlt2,4,squirrel
47,4413,cvlt2,4,cow
48,4413,cvlt2,4,onion
49,4413,cvlt2,4,cabbage
50,4413,cvlt2,4,celery
51,4413,cvlt2,4,boat
52,4413,cvlt2,4,truck
53,4413,cvlt2,4,motorcycle
0,4414,cvlt2,0,truck
1,4414,cvlt2,0,cabbage
2,4414,cvlt2,0,cabinet
3,4414,cvlt2,0,truck
4,4414,cvlt2,0,giraffe
5,4414,cvlt2,0,bookcase
6,4414,cvlt2,0,intrusion
7,4414,cvlt2,0,spinach
8,4414,cvlt2,1,boat
9,4414,cvlt2,1,squirrel
10,4414,cvlt2,1,onion
11,4414,cvlt2,1,giraffe
12,4414,cvlt2,1,desk
13,4414,cvlt2,1,bookcase
14,4414,cvlt2,1,onion
15,4414,cvlt2,1,intrusion
16,4414,cvlt2,1,boat
17,4414,cvlt2,2,cabbage
18,4414,cvlt2,2,squirrel
19,4414,cvlt2,2,boat
20,4414,cvlt2,2,cabinet
21,4414,cvlt2,2,desk
22,4414,cvlt2,2,truck
23,4414,cvlt2,2,onion
24,4414,cvlt2,2,giraffe
25,4414,cvlt2,2,subway
26,4414,cvlt2,2,onion
27,4414,cvlt2,2,bookcase
28,4414,cvlt2,2,intrusion
29,4414,cvlt2,3,cabbage
30,4414,cvlt2,3,squirrel
31,4414,cvlt2,3,bookcase
32,4414,cvlt2,3,desk
33,4414,cvlt2,3,onion
34,4414,cvlt2,3,subway
35,4414,cvlt2,3,truck
36,4414,cvlt2,3,subway
37,4414,cvlt2,3,onion
38,4414,cvlt2,3,intrusion
39,4414,cvlt2,3,giraffe
40,4414,cvlt2,3,cow
41,4414,cvlt2,3,zebra
42,4414,cvlt2,4,cabbage
43,4414,cvlt2,4,boat
44,4414,cvlt2,4,squirrel
45,4414,cvlt2,4,desk
46,4414,cvlt2,4,cow
47,4414,cvlt2,4,giraffe
48,4414,cvlt2,4,truck
49,4414,cvlt2,4,subway
50,4414,cvlt2,4,zebra
51,4414,cvlt2,4,cabbage
52,4414,cvlt2,4,spinach
53,4414,cvlt2,4,desk
54,4414,cvlt2,4,bookcase
55,4414,cvlt2,4,truck
0,4415,cvlt2,0,truck
1,4415,cvlt2,0,spinach
2,4415,cvlt2,0,cabbage
3,4415,cvlt2,0,celery
4,4415,cvlt2,0,spinach
5,4415,cvlt2,0,bookcase
6,4415,cvlt2,0,boat
7,4415,cvlt2,0,onion
8,4415,cvlt2,0,subway
9,4415,cvlt2,1,squirrel
10,4415,cvlt2,1,cabbage
11,4415,cvlt2,1,giraffe
12,4415,cvlt2,1,motorcycle
13,4415,cvlt2,1,truck
14,4415,cvlt2,1,bookcase
15,4415,cvlt2,1,cabinet
16,4415,cvlt2,1,subway
17,4415,cvlt2,1,onion
18,4415,cvlt2,1,celery
19,4415,cvlt2,1,spinach
20,4415,cvlt2,1,boat
21,4415,cvlt2,1,desk
22,4415,cvlt2,1,motorcycle
23,4415,cvlt2,1,cabbage
24,4415,cvlt2,2,lamp
25,4415,cvlt2,2,boat
26,4415,cvlt2,2,squirrel
27,4415,cvlt2,2,desk
28,4415,cvlt2,2,truck
29,4415,cvlt2,2,giraffe
30,4415,cvlt2,2,spinach
31,4415,cvlt2,2,cabbage
32,4415,cvlt2,2,motorcycle
33,4415,cvlt2,2,desk
34,4415,cvlt2,2,subway
35,4415,cvlt2,2,squirrel
36,4415,cvlt2,2,zebra
37,4415,cvlt2,2,onion
38,4415,cvlt2,2,celery
39,4415,cvlt2,2,boat
40,4415,cvlt2,2,motorcycle
41,4415,cvlt2,2,lamp
42,4415,cvlt2,2,cabinet
43,4415,cvlt2,2,cow
44,4415,cvlt2,3,desk
45,4415,cvlt2,3,boat
46,4415,cvlt2,3,squirrel
47,4415,cvlt2,3,cabbage
48,4415,cvlt2,3,subway
49,4415,cvlt2,3,lamp
50,4415,cvlt2,3,motorcycle
51,4415,cvlt2,3,cow
52,4415,cvlt2,3,zebra
53,4415,cvlt2,3,onion
54,4415,cvlt2,3,celery
55,4415,cvlt2,3,spinach
56,4415,cvlt2,3,truck
57,4415,cvlt2,3,giraffe
58,4415,cvlt2,3,bookcase
59,4415,cvlt2,3,cabinet
60,4415,cvlt2,3,squirrel
61,4415,cvlt2,3,onion
62,4415,cvlt2,3,desk
63,4415,cvlt2,3,lamp
64,4415,cvlt2,3,cow
65,4415,cvlt2,4,cow
66,4415,cvlt2,4,desk
67,4415,cvlt2,4,boat
68,4415,cvlt2,4,squirrel
69,4415,cvlt2,4,truck
70,4415,cvlt2,4,spinach
71,4415,cvlt2,4,onion
72,4415,cvlt2,4,celery
73,4415,cvlt2,4,cabinet
74,4415,cvlt2,4,bookcase
75,4415,cvlt2,4,lamp
76,4415,cvlt2,4,motorcycle
77,4415,cvlt2,4,truck
78,4415,cvlt2,4,subway
79,4415,cvlt2,4,boat
80,4415,cvlt2,4,zebra
81,4415,cvlt2,4,cow
82,4415,cvlt2,4,squirrel
83,4415,cvlt2,4,bookcase
84,4415,cvlt2,4,lamp
85,4415,cvlt2,4,desk
86,4415,cvlt2,4,onion
87,4415,cvlt2,4,celery
88,4415,cvlt2,4,spinach
89,4415,cvlt2,4,cabbage
0,4416,cvlt2,0,cabbage
1,4416,cvlt2,0,desk
2,4416,cvlt2,0,truck
3,4416,cvlt2,0,celery
4,4416,cvlt2,1,cabbage
5,4416,cvlt2,1,squirrel
6,4416,cvlt2,1,celery
7,4416,cvlt2,1,subway
8,4416,cvlt2,1,truck
9,4416,cvlt2,1,zebra
10,4416,cvlt2,1,squirrel
11,4416,cvlt2,2,cabbage
12,4416,cvlt2,2,spinach
13,4416,cvlt2,2,zebra
14,4416,cvlt2,2,truck
15,4416,cvlt2,2,subway
16,4416,cvlt2,2,squirrel
17,4416,cvlt2,2,onion
18,4416,cvlt2,2,desk
19,4416,cvlt2,2,lamp
20,4416,cvlt2,2,cabinet
21,4416,cvlt2,2,giraffe
22,4416,cvlt2,3,cabbage
23,4416,cvlt2,3,onion
24,4416,cvlt2,3,spinach
25,4416,cvlt2,3,celery
26,4416,cvlt2,3,squirrel
27,4416,cvlt2,3,cow
28,4416,cvlt2,3,giraffe
29,4416,cvlt2,3,zebra
30,4416,cvlt2,3,boat
31,4416,cvlt2,3,truck
32,4416,cvlt2,3,onion
33,4416,cvlt2,3,lamp
34,4416,cvlt2,3,desk
35,4416,cvlt2,3,intrusion
36,4416,cvlt2,3,bookcase
37,4416,cvlt2,3,zebra
38,4416,cvlt2,3,giraffe
39,4416,cvlt2,3,cow
40,4416,cvlt2,4,cabbage
41,4416,cvlt2,4,onion
42,4416,cvlt2,4,celery
43,4416,cvlt2,4,spinach
44,4416,cvlt2,4,motorcycle
45,4416,cvlt2,4,boat
46,4416,cvlt2,4,desk
47,4416,cvlt2,4,lamp
48,4416,cvlt2,4,giraffe
49,4416,cvlt2,4,zebra
50,4416,cvlt2,4,onion
51,4416,cvlt2,4,intrusion
52,4416,cvlt2,4,lamp
53,4416,cvlt2,4,giraffe
54,4416,cvlt2,4,cow
0,4422,cvlt2,0,spinach
1,4422,cvlt2,0,bookcase
2,4422,cvlt2,0,cabbage
3,4422,cvlt2,0,cow
4,4422,cvlt2,1,truck
5,4422,cvlt2,1,spinach
6,4422,cvlt2,1,bookcase
7,4422,cvlt2,1,zebra
8,4422,cvlt2,1,onion
9,4422,cvlt2,2,cabbage
10,4422,cvlt2,2,squirrel
11,4422,cvlt2,2,desk
12,4422,cvlt2,2,bookcase
13,4422,cvlt2,2,spinach
14,4422,cvlt2,2,truck
15,4422,cvlt2,2,onion
16,4422,cvlt2,2,giraffe
17,4422,cvlt2,2,zebra
18,4422,cvlt2,2,subway
19,4422,cvlt2,3,truck
20,4422,cvlt2,3,spinach
21,4422,cvlt2,3,celery
22,4422,cvlt2,3,zebra
23,4422,cvlt2,3,cabbage
24,4422,cvlt2,3,squirrel
25,4422,cvlt2,3,giraffe
26,4422,cvlt2,3,bookcase
27,4422,cvlt2,3,subway
28,4422,cvlt2,3,cow
29,4422,cvlt2,3,cabbage
30,4422,cvlt2,3,truck
31,4422,cvlt2,3,boat
32,4422,cvlt2,4,truck
33,4422,cvlt2,4,spinach
34,4422,cvlt2,4,giraffe
35,4422,cvlt2,4,bookcase
36,4422,cvlt2,4,zebra
37,4422,cvlt2,4,boat
38,4422,cvlt2,4,motorcycle
39,4422,cvlt2,4,cabinet
40,4422,cvlt2,4,desk
41,4422,cvlt2,4,squirrel
42,4422,cvlt2,4,celery
43,4422,cvlt2,4,cabbage
44,4422,cvlt2,4,subway
0,4424,cvlt2,0,truck
1,4424,cvlt2,0,bookcase
2,4424,cvlt2,0,cabinet
3,4424,cvlt2,0,onion
4,4424,cvlt2,1,truck
5,4424,cvlt2,1,bookcase
6,4424,cvlt2,1,spinach
7,4424,cvlt2,1,giraffe
8,4424,cvlt2,1,onion
9,4424,cvlt2,2,truck
10,4424,cvlt2,2,bookcase
11,4424,cvlt2,2,spinach
12,4424,cvlt2,2,giraffe
13,4424,cvlt2,2,onion
14,4424,cvlt2,3,truck
15,4424,cvlt2,3,spinach
16,4424,cvlt2,3,giraffe
17,4424,cvlt2,3,bookcase
18,4424,cvlt2,3,onion
19,4424,cvlt2,4,truck
20,4424,cvlt2,4,spinach
21,4424,cvlt2,4,giraffe
22,4424,cvlt2,4,bookcase
23,4424,cvlt2,4,onion
0,4426,cvlt2,0,squirrel
1,4426,cvlt2,0,cabbage
2,4426,cvlt2,0,giraffe
3,4426,cvlt2,0,boat
4,4426,cvlt2,0,intrusion
5,4426,cvlt2,0,subway
6,4426,cvlt2,0,celery
7,4426,cvlt2,0,giraffe
8,4426,cvlt2,0,cabbage
9,4426,cvlt2,1,truck
10,4426,cvlt2,1,spinach
11,4426,cvlt2,1,giraffe
12,4426,cvlt2,1,onion
13,4426,cvlt2,1,desk
14,4426,cvlt2,1,boat
15,4426,cvlt2,1,spinach
16,4426,cvlt2,1,giraffe
17,4426,cvlt2,1,intrusion
18,4426,cvlt2,1,celery
19,4426,cvlt2,1,subway
20,4426,cvlt2,2,motorcycle
21,4426,cvlt2,2,desk
22,4426,cvlt2,2,zebra
23,4426,cvlt2,2,squirrel
24,4426,cvlt2,2,cabbage
25,4426,cvlt2,2,onion
26,4426,cvlt2,2,celery
27,4426,cvlt2,2,subway
28,4426,cvlt2,2,spinach
29,4426,cvlt2,2,onion
30,4426,cvlt2,2,cabinet
31,4426,cvlt2,2,celery
32,4426,cvlt2,2,zebra
33,4426,cvlt2,3,truck
34,4426,cvlt2,3,spinach
35,4426,cvlt2,3,giraffe
36,4426,cvlt2,3,bookcase
37,4426,cvlt2,3,motorcycle
38,4426,cvlt2,3,cabbage
39,4426,cvlt2,3,squirrel
40,4426,cvlt2,3,cow
41,4426,cvlt2,3,spinach
42,4426,cvlt2,3,onion
43,4426,cvlt2,3,desk
44,4426,cvlt2,3,squirrel
45,4426,cvlt2,3,motorcycle
46,4426,cvlt2,3,lamp
47,4426,cvlt2,4,cabinet
48,4426,cvlt2,4,boat
49,4426,cvlt2,4,zebra
50,4426,cvlt2,4,truck
51,4426,cvlt2,4,lamp
52,4426,cvlt2,4,bookcase
53,4426,cvlt2,4,cabbage
54,4426,cvlt2,4,spinach
55,4426,cvlt2,4,onion
56,4426,cvlt2,4,truck
57,4426,cvlt2,4,celery
58,4426,cvlt2,4,subway
59,4426,cvlt2,4,lamp
0,A109,cvlt2,0,cabbage
1,A109,cvlt2,0,spinach
2,A109,cvlt2,0,truck
3,A109,cvlt2,0,intrusion
4,A109,cvlt2,0,desk
5,A109,cvlt2,0,giraffe
6,A109,cvlt2,0,zebra
7,A109,cvlt2,1,truck
8,A109,cvlt2,1,spinach
9,A109,cvlt2,1,cabbage
10,A109,cvlt2,1,squirrel
11,A109,cvlt2,1,zebra
12,A109,cvlt2,1,motorcycle
13,A109,cvlt2,1,subway
14,A109,cvlt2,1,cabinet
15,A109,cvlt2,1,bookcase
16,A109,cvlt2,1,celery
17,A109,cvlt2,1,onion
18,A109,cvlt2,1,zebra
19,A109,cvlt2,2,truck
20,A109,cvlt2,2,spinach
21,A109,cvlt2,2,onion
22,A109,cvlt2,2,cabbage
23,A109,cvlt2,2,boat
24,A109,cvlt2,2,desk
25,A109,cvlt2,2,cabinet
26,A109,cvlt2,2,celery
27,A109,cvlt2,2,intrusion
28,A109,cvlt2,2,squirrel
29,A109,cvlt2,2,cow
30,A109,cvlt2,2,giraffe
31,A109,cvlt2,2,bookcase
32,A109,cvlt2,2,desk
33,A109,cvlt2,2,subway
34,A109,cvlt2,2,zebra
35,A109,cvlt2,3,truck
36,A109,cvlt2,3,spinach
37,A109,cvlt2,3,giraffe
38,A109,cvlt2,3,cabbage
39,A109,cvlt2,3,celery
40,A109,cvlt2,3,boat
41,A109,cvlt2,3,desk
42,A109,cvlt2,3,bookcase
43,A109,cvlt2,3,cabinet
44,A109,cvlt2,3,motorcycle
45,A109,cvlt2,3,subway
46,A109,cvlt2,3,intrusion
47,A109,cvlt2,3,cow
48,A109,cvlt2,3,squirrel
49,A109,cvlt2,4,truck
50,A109,cvlt2,4,spinach
51,A109,cvlt2,4,giraffe
52,A109,cvlt2,4,cabbage
53,A109,cvlt2,4,onion
54,A109,cvlt2,4,celery
55,A109,cvlt2,4,zebra
56,A109,cvlt2,4,squirrel
57,A109,cvlt2,4,boat
58,A109,cvlt2,4,bookcase
59,A109,cvlt2,4,cabinet
60,A109,cvlt2,4,celery
61,A109,cvlt2,4,subway
62,A109,cvlt2,4,intrusion
63,A109,cvlt2,4,boat
64,A109,cvlt2,4,cow
0,A110,cvlt2,0,truck
1,A110,cvlt2,0,spinach
2,A110,cvlt2,0,giraffe
3,A110,cvlt2,0,bookcase
4,A110,cvlt2,0,desk
5,A110,cvlt2,0,cabinet
6,A110,cvlt2,0,squirrel
7,A110,cvlt2,0,bookcase
8,A110,cvlt2,0,lamp
9,A110,cvlt2,0,subway
10,A110,cvlt2,1,truck
11,A110,cvlt2,1,spinach
12,A110,cvlt2,1,giraffe
13,A110,cvlt2,1,bookcase
14,A110,cvlt2,1,onion
15,A110,cvlt2,1,celery
16,A110,cvlt2,1,spinach
17,A110,cvlt2,1,desk
18,A110,cvlt2,1,lamp
19,A110,cvlt2,1,cow
20,A110,cvlt2,1,subway
21,A110,cvlt2,2,truck
22,A110,cvlt2,2,motorcycle
23,A110,cvlt2,2,subway
24,A110,cvlt2,2,boat
25,A110,cvlt2,2,spinach
26,A110,cvlt2,2,onion
27,A110,cvlt2,2,celery
28,A110,cvlt2,2,cabbage
29,A110,cvlt2,2,desk
30,A110,cvlt2,2,lamp
31,A110,cvlt2,2,cabinet
32,A110,cvlt2,2,bookcase
33,A110,cvlt2,2,giraffe
34,A110,cvlt2,2,cow
35,A110,cvlt2,3,truck
36,A110,cvlt2,3,motorcycle
37,A110,cvlt2,3,boat
38,A110,cvlt2,3,giraffe
39,A110,cvlt2,3,cow
40,A110,cvlt2,3,squirrel
41,A110,cvlt2,3,zebra
42,A110,cvlt2,3,desk
43,A110,cvlt2,3,lamp
44,A110,cvlt2,3,bookcase
45,A110,cvlt2,3,cabinet
46,A110,cvlt2,3,celery
47,A110,cvlt2,3,spinach
48,A110,cvlt2,3,onion
49,A110,cvlt2,3,cabbage
50,A110,cvlt2,4,truck
51,A110,cvlt2,4,motorcycle
52,A110,cvlt2,4,subway
53,A110,cvlt2,4,boat
54,A110,cvlt2,4,zebra
55,A110,cvlt2,4,giraffe
56,A110,cvlt2,4,cow
57,A110,cvlt2,4,squirrel
58,A110,cvlt2,4,desk
59,A110,cvlt2,4,lamp
60,A110,cvlt2,4,cabinet
61,A110,cvlt2,4,bookcase
62,A110,cvlt2,4,celery
63,A110,cvlt2,4,onion
64,A110,cvlt2,4,cabbage
65,A110,cvlt2,4,spinach
0,C102,cvlt2,0,lamp
1,C102,cvlt2,0,desk
2,C102,cvlt2,0,boat
3,C102,cvlt2,0,cow
4,C102,cvlt2,0,onion
5,C102,cvlt2,0,truck
6,C102,cvlt2,0,spinach
7,C102,cvlt2,0,bookcase
8,C102,cvlt2,0,onion
9,C102,cvlt2,1,onion
10,C102,cvlt2,1,celery
11,C102,cvlt2,1,spinach
12,C102,cvlt2,1,truck
13,C102,cvlt2,1,boat
14,C102,cvlt2,1,motorcycle
15,C102,cvlt2,1,squirrel
16,C102,cvlt2,1,cow
17,C102,cvlt2,1,cabinet
18,C102,cvlt2,1,desk
19,C102,cvlt2,1,lamp
20,C102,cvlt2,2,cabbage
21,C102,cvlt2,2,onion
22,C102,cvlt2,2,spinach
23,C102,cvlt2,2,truck
24,C102,cvlt2,2,boat
25,C102,cvlt2,2,motorcycle
26,C102,cvlt2,2,subway
27,C102,cvlt2,2,cabinet
28,C102,cvlt2,2,desk
29,C102,cvlt2,2,lamp
30,C102,cvlt2,2,giraffe
31,C102,cvlt2,2,zebra
32,C102,cvlt2,2,squirrel
33,C102,cvlt2,2,cow
34,C102,cvlt2,3,celery
35,C102,cvlt2,3,cabbage
36,C102,cvlt2,3,spinach
37,C102,cvlt2,3,onion
38,C102,cvlt2,3,desk
39,C102,cvlt2,3,cabinet
40,C102,cvlt2,3,bookcase
41,C102,cvlt2,3,lamp
42,C102,cvlt2,3,squirrel
43,C102,cvlt2,3,giraffe
44,C102,cvlt2,3,zebra
45,C102,cvlt2,3,cow
46,C102,cvlt2,3,truck
47,C102,cvlt2,3,subway
48,C102,cvlt2,3,boat
49,C102,cvlt2,4,truck
50,C102,cvlt2,4,boat
51,C102,cvlt2,4,motorcycle
52,C102,cvlt2,4,subway
53,C102,cvlt2,4,squirrel
54,C102,cvlt2,4,zebra
55,C102,cvlt2,4,giraffe
56,C102,cvlt2,4,cow
57,C102,cvlt2,4,lamp
58,C102,cvlt2,4,desk
59,C102,cvlt2,4,bookcase
60,C102,cvlt2,4,cabinet
61,C102,cvlt2,4,spinach
62,C102,cvlt2,4,onion
63,C102,cvlt2,4,cabbage
64,C102,cvlt2,4,celery
0,F104,cvlt2,0,squirrel
1,F104,cvlt2,0,zebra
2,F104,cvlt2,0,giraffe
3,F104,cvlt2,0,onion
4,F104,cvlt2,0,celery
5,F104,cvlt2,0,cabbage
6,F104,cvlt2,0,cabinet
7,F104,cvlt2,0,bookcase
8,F104,cvlt2,0,desk
9,F104,cvlt2,0,subway
10,F104,cvlt2,0,motorcycle
11,F104,cvlt2,0,truck
12,F104,cvlt2,0,boat
13,F104,cvlt2,0,lamp
14,F104,cvlt2,0,spinach
15,F104,cvlt2,1,desk
16,F104,cvlt2,1,lamp
17,F104,cvlt2,1,cabinet
18,F104,cvlt2,1,bookcase
19,F104,cvlt2,1,spinach
20,F104,cvlt2,1,celery
21,F104,cvlt2,1,onion
22,F104,cvlt2,1,cabbage
23,F104,cvlt2,1,cow
24,F104,cvlt2,1,zebra
25,F104,cvlt2,1,squirrel
26,F104,cvlt2,1,boat
27,F104,cvlt2,1,motorcycle
28,F104,cvlt2,1,truck
29,F104,cvlt2,1,subway
30,F104,cvlt2,2,cabinet
31,F104,cvlt2,2,bookcase
32,F104,cvlt2,2,desk
33,F104,cvlt2,2,lamp
34,F104,cvlt2,2,cabbage
35,F104,cvlt2,2,celery
36,F104,cvlt2,2,onion
37,F104,cvlt2,2,spinach
38,F104,cvlt2,2,zebra
39,F104,cvlt2,2,cow
40,F104,cvlt2,2,giraffe
41,F104,cvlt2,2,squirrel
42,F104,cvlt2,2,boat
43,F104,cvlt2,2,truck
44,F104,cvlt2,2,subway
45,F104,cvlt2,2,motorcycle
46,F104,cvlt2,3,desk
47,F104,cvlt2,3,lamp
48,F104,cvlt2,3,bookcase
49,F104,cvlt2,3,cabinet
50,F104,cvlt2,3,zebra
51,F104,cvlt2,3,giraffe
52,F104,cvlt2,3,squirrel
53,F104,cvlt2,3,cow
54,F104,cvlt2,3,celery
55,F104,cvlt2,3,onion
56,F104,cvlt2,3,spinach
57,F104,cvlt2,3,cabbage
58,F104,cvlt2,3,truck
59,F104,cvlt2,3,boat
60,F104,cvlt2,3,motorcycle
61,F104,cvlt2,3,subway
62,F104,cvlt2,4,cabbage
63,F104,cvlt2,4,celery
64,F104,cvlt2,4,onion
65,F104,cvlt2,4,spinach
66,F104,cvlt2,4,zebra
67,F104,cvlt2,4,cow
68,F104,cvlt2,4,squirrel
69,F104,cvlt2,4,giraffe
70,F104,cvlt2,4,desk
71,F104,cvlt2,4,lamp
72,F104,cvlt2,4,cabinet
73,F104,cvlt2,4,bookcase
74,F104,cvlt2,4,motorcycle
75,F104,cvlt2,4,boat
76,F104,cvlt2,4,truck
77,F104,cvlt2,4,subway
0,J108,cvlt2,0,truck
1,J108,cvlt2,0,spinach
2,J108,cvlt2,0,giraffe
3,J108,cvlt2,0,lamp
4,J108,cvlt2,0,onion
5,J108,cvlt2,0,bookcase
6,J108,cvlt2,0,intrusion
7,J108,cvlt2,1,cabbage
8,J108,cvlt2,1,squirrel
9,J108,cvlt2,1,boat
10,J108,cvlt2,1,truck
11,J108,cvlt2,1,giraffe
12,J108,cvlt2,1,spinach
13,J108,cvlt2,1,bookcase
14,J108,cvlt2,1,cow
15,J108,cvlt2,1,zebra
16,J108,cvlt2,1,lamp
17,J108,cvlt2,1,desk
18,J108,cvlt2,1,cabinet
19,J108,cvlt2,1,celery
20,J108,cvlt2,1,cabbage
21,J108,cvlt2,1,subway
22,J108,cvlt2,2,giraffe
23,J108,cvlt2,2,zebra
24,J108,cvlt2,2,cow
25,J108,cvlt2,2,squirrel
26,J108,cvlt2,2,spinach
27,J108,cvlt2,2,celery
28,J108,cvlt2,2,onion
29,J108,cvlt2,2,desk
30,J108,cvlt2,2,lamp
31,J108,cvlt2,2,bookcase
32,J108,cvlt2,2,cabinet
33,J108,cvlt2,2,subway
34,J108,cvlt2,2,motorcycle
35,J108,cvlt2,2,spinach
36,J108,cvlt2,2,truck
37,J108,cvlt2,2,giraffe
38,J108,cvlt2,3,truck
39,J108,cvlt2,3,subway
40,J108,cvlt2,3,boat
41,J108,cvlt2,3,cabinet
42,J108,cvlt2,3,lamp
43,J108,cvlt2,3,desk
44,J108,cvlt2,3,squirrel
45,J108,cvlt2,3,zebra
46,J108,cvlt2,3,cow
47,J108,cvlt2,3,giraffe
48,J108,cvlt2,3,motorcycle
49,J108,cvlt2,3,celery
50,J108,cvlt2,3,onion
51,J108,cvlt2,3,cabbage
52,J108,cvlt2,3,spinach
53,J108,cvlt2,4,giraffe
54,J108,cvlt2,4,zebra
55,J108,cvlt2,4,cow
56,J108,cvlt2,4,squirrel
57,J108,cvlt2,4,desk
58,J108,cvlt2,4,lamp
59,J108,cvlt2,4,cabinet
60,J108,cvlt2,4,boat
61,J108,cvlt2,4,subway
62,J108,cvlt2,4,truck
63,J108,cvlt2,4,motorcycle
64,J108,cvlt2,4,onion
65,J108,cvlt2,4,celery
66,J108,cvlt2,4,spinach
67,J108,cvlt2,4,cabbage
68,J108,cvlt2,4,zebra
0,K106,cvlt2,0,spinach
1,K106,cvlt2,0,desk
2,K106,cvlt2,0,cow
3,K106,cvlt2,0,celery
4,K106,cvlt2,0,subway
5,K106,cvlt2,0,onion
6,K106,cvlt2,0,giraffe
7,K106,cvlt2,0,zebra
8,K106,cvlt2,0,bookcase
9,K106,cvlt2,1,zebra
10,K106,cvlt2,1,giraffe
11,K106,cvlt2,1,desk
12,K106,cvlt2,1,spinach
13,K106,cvlt2,1,cow
14,K106,cvlt2,1,subway
15,K106,cvlt2,1,intrusion
16,K106,cvlt2,1,bookcase
17,K106,cvlt2,1,cabinet
18,K106,cvlt2,1,cabbage
19,K106,cvlt2,1,boat
20,K106,cvlt2,1,truck
21,K106,cvlt2,2,truck
22,K106,cvlt2,2,spinach
23,K106,cvlt2,2,giraffe
24,K106,cvlt2,2,bookcase
25,K106,cvlt2,2,motorcycle
26,K106,cvlt2,2,celery
27,K106,cvlt2,2,desk
28,K106,cvlt2,2,lamp
29,K106,cvlt2,2,boat
30,K106,cvlt2,2,cabbage
31,K106,cvlt2,2,giraffe
32,K106,cvlt2,2,zebra
33,K106,cvlt2,2,onion
34,K106,cvlt2,2,subway
35,K106,cvlt2,2,celery
36,K106,cvlt2,2,desk
37,K106,cvlt2,3,squirrel
38,K106,cvlt2,3,cabbage
39,K106,cvlt2,3,truck
40,K106,cvlt2,3,spinach
41,K106,cvlt2,3,giraffe
42,K106,cvlt2,3,bookcase
43,K106,cvlt2,3,motorcycle
44,K106,cvlt2,3,intrusion
45,K106,cvlt2,3,subway
46,K106,cvlt2,3,boat
47,K106,cvlt2,3,desk
48,K106,cvlt2,3,celery
49,K106,cvlt2,4,truck
50,K106,cvlt2,4,spinach
51,K106,cvlt2,4,giraffe
52,K106,cvlt2,4,bookcase
53,K106,cvlt2,4,onion
54,K106,cvlt2,4,motorcycle
55,K106,cvlt2,4,cabinet
56,K106,cvlt2,4,cow
57,K106,cvlt2,4,desk
58,K106,cvlt2,4,lamp
59,K106,cvlt2,4,zebra
60,K106,cvlt2,4,squirrel
61,K106,cvlt2,4,cabbage
62,K106,cvlt2,4,celery
63,K106,cvlt2,4,boat
64,K106,cvlt2,4,desk
0,KK107,cvlt2,0,cabbage
1,KK107,cvlt2,0,spinach
2,KK107,cvlt2,0,celery
3,KK107,cvlt2,0,cow
4,KK107,cvlt2,0,giraffe
5,KK107,cvlt2,0,zebra
6,KK107,cvlt2,0,motorcycle
7,KK107,cvlt2,0,boat
8,KK107,cvlt2,0,truck
9,KK107,cvlt2,0,cabinet
10,KK107,cvlt2,0,lamp
11,KK107,cvlt2,0,bookcase
12,KK107,cvlt2,0,cow
13,KK107,cvlt2,1,onion
14,KK107,cvlt2,1,subway
15,KK107,cvlt2,1,boat
16,KK107,cvlt2,1,giraffe
17,KK107,cvlt2,1,spinach
18,KK107,cvlt2,1,squirrel
19,KK107,cvlt2,1,cow
20,KK107,cvlt2,1,motorcycle
21,KK107,cvlt2,1,truck
22,KK107,cvlt2,1,spinach
23,KK107,cvlt2,1,cabbage
24,KK107,cvlt2,1,celery
25,KK107,cvlt2,1,cabinet
26,KK107,cvlt2,1,lamp
27,KK107,cvlt2,1,bookcase
28,KK107,cvlt2,1,truck
29,KK107,cvlt2,2,cabbage
30,KK107,cvlt2,2,celery
31,KK107,cvlt2,2,spinach
32,KK107,cvlt2,2,zebra
33,KK107,cvlt2,2,giraffe
34,KK107,cvlt2,2,cow
35,KK107,cvlt2,2,zebra
36,KK107,cvlt2,2,truck
37,KK107,cvlt2,2,onion
38,KK107,cvlt2,2,bookcase
39,KK107,cvlt2,2,boat
40,KK107,cvlt2,2,intrusion
41,KK107,cvlt2,2,motorcycle
42,KK107,cvlt2,2,lamp
43,KK107,cvlt2,2,onion
44,KK107,cvlt2,2,subway
45,KK107,cvlt2,2,bookcase
46,KK107,cvlt2,2,desk
47,KK107,cvlt2,2,zebra
48,KK107,cvlt2,2,squirrel
49,KK107,cvlt2,2,cow
50,KK107,cvlt2,2,cabbage
51,KK107,cvlt2,2,celery
52,KK107,cvlt2,2,spinach
53,KK107,cvlt2,3,onion
54,KK107,cvlt2,3,celery
55,KK107,cvlt2,3,spinach
56,KK107,cvlt2,3,cabbage
57,KK107,cvlt2,3,cow
58,KK107,cvlt2,3,giraffe
59,KK107,cvlt2,3,zebra
60,KK107,cvlt2,3,squirrel
61,KK107,cvlt2,3,cabinet
62,KK107,cvlt2,3,lamp
63,KK107,cvlt2,3,desk
64,KK107,cvlt2,3,bookcase
65,KK107,cvlt2,3,truck
66,KK107,cvlt2,3,motorcycle
67,KK107,cvlt2,3,intrusion
68,KK107,cvlt2,3,boat
69,KK107,cvlt2,4,truck
70,KK107,cvlt2,4,motorcycle
71,KK107,cvlt2,4,subway
72,KK107,cvlt2,4,cow
73,KK107,cvlt2,4,giraffe
74,KK107,cvlt2,4,squirrel
75,KK107,cvlt2,4,zebra
76,KK107,cvlt2,4,cabinet
77,KK107,cvlt2,4,desk
78,KK107,cvlt2,4,lamp
79,KK107,cvlt2,4,bookcase
80,KK107,cvlt2,4,onion
81,KK107,cvlt2,4,subway
82,KK107,cvlt2,4,onion
83,KK107,cvlt2,4,cabbage
84,KK107,cvlt2,4,celery
85,KK107,cvlt2,4,spinach
0,L105,cvlt2,0,truck
1,L105,cvlt2,0,motorcycle
2,L105,cvlt2,0,boat
3,L105,cvlt2,0,bookcase
4,L105,cvlt2,0,cabbage
5,L105,cvlt2,0,celery
6,L105,cvlt2,0,onion
7,L105,cvlt2,0,zebra
8,L105,cvlt2,0,giraffe
9,L105,cvlt2,1,truck
10,L105,cvlt2,1,spinach
11,L105,cvlt2,1,giraffe
12,L105,cvlt2,1,squirrel
13,L105,cvlt2,1,cabinet
14,L105,cvlt2,1,motorcycle
15,L105,cvlt2,1,bookcase
16,L105,cvlt2,1,onion
17,L105,cvlt2,1,celery
18,L105,cvlt2,1,spinach
19,L105,cvlt2,1,lamp
20,L105,cvlt2,1,celery
21,L105,cvlt2,1,subway
22,L105,cvlt2,1,onion
23,L105,cvlt2,2,truck
24,L105,cvlt2,2,spinach
25,L105,cvlt2,2,giraffe
26,L105,cvlt2,2,celery
27,L105,cvlt2,2,subway
28,L105,cvlt2,2,onion
29,L105,cvlt2,2,cabbage
30,L105,cvlt2,2,desk
31,L105,cvlt2,2,lamp
32,L105,cvlt2,2,zebra
33,L105,cvlt2,2,boat
34,L105,cvlt2,2,bookcase
35,L105,cvlt2,2,desk
36,L105,cvlt2,2,lamp
37,L105,cvlt2,2,boat
38,L105,cvlt2,2,spinach
39,L105,cvlt2,2,zebra
40,L105,cvlt2,3,truck
41,L105,cvlt2,3,spinach
42,L105,cvlt2,3,giraffe
43,L105,cvlt2,3,squirrel
44,L105,cvlt2,3,boat
45,L105,cvlt2,3,bookcase
46,L105,cvlt2,3,celery
47,L105,cvlt2,3,onion
48,L105,cvlt2,3,cabbage
49,L105,cvlt2,3,cabinet
50,L105,cvlt2,3,subway
51,L105,cvlt2,3,zebra
52,L105,cvlt2,3,desk
53,L105,cvlt2,3,lamp
54,L105,cvlt2,4,truck
55,L105,cvlt2,4,spinach
56,L105,cvlt2,4,cow
57,L105,cvlt2,4,zebra
58,L105,cvlt2,4,squirrel
59,L105,cvlt2,4,boat
60,L105,cvlt2,4,subway
61,L105,cvlt2,4,bookcase
62,L105,cvlt2,4,cabinet
63,L105,cvlt2,4,cabbage
64,L105,cvlt2,4,onion
65,L105,cvlt2,4,celery
66,L105,cvlt2,4,desk
67,L105,cvlt2,4,lamp
0,S103,cvlt2,0,cabbage
1,S103,cvlt2,0,zebra
2,S103,cvlt2,0,giraffe
3,S103,cvlt2,0,bookcase
4,S103,cvlt2,0,intrusion
5,S103,cvlt2,0,lamp
6,S103,cvlt2,0,cow
7,S103,cvlt2,0,subway
8,S103,cvlt2,1,cabbage
9,S103,cvlt2,1,spinach
10,S103,cvlt2,1,celery
11,S103,cvlt2,1,giraffe
12,S103,cvlt2,1,squirrel
13,S103,cvlt2,1,zebra
14,S103,cvlt2,1,subway
15,S103,cvlt2,1,boat
16,S103,cvlt2,1,motorcycle
17,S103,cvlt2,1,intrusion
18,S103,cvlt2,1,cabinet
19,S103,cvlt2,1,lamp
20,S103,cvlt2,2,cabbage
21,S103,cvlt2,2,spinach
22,S103,cvlt2,2,onion
23,S103,cvlt2,2,celery
24,S103,cvlt2,2,squirrel
25,S103,cvlt2,2,cow
26,S103,cvlt2,2,giraffe
27,S103,cvlt2,2,zebra
28,S103,cvlt2,2,motorcycle
29,S103,cvlt2,2,boat
30,S103,cvlt2,2,cabinet
31,S103,cvlt2,2,lamp
32,S103,cvlt2,2,truck
33,S103,cvlt2,2,cow
34,S103,cvlt2,2,onion
35,S103,cvlt2,2,celery
36,S103,cvlt2,2,cabbage
37,S103,cvlt2,2,spinach
38,S103,cvlt2,2,squirrel
39,S103,cvlt2,3,bookcase
40,S103,cvlt2,3,cabinet
41,S103,cvlt2,3,lamp
42,S103,cvlt2,3,squirrel
43,S103,cvlt2,3,giraffe
44,S103,cvlt2,3,zebra
45,S103,cvlt2,3,cow
46,S103,cvlt2,3,boat
47,S103,cvlt2,3,truck
48,S103,cvlt2,3,motorcycle
49,S103,cvlt2,3,subway
50,S103,cvlt2,3,cabbage
51,S103,cvlt2,3,spinach
52,S103,cvlt2,3,onion
53,S103,cvlt2,3,celery
54,S103,cvlt2,4,cabbage
55,S103,cvlt2,4,spinach
56,S103,cvlt2,4,celery
57,S103,cvlt2,4,onion
58,S103,cvlt2,4,squirrel
59,S103,cvlt2,4,cow
60,S103,cvlt2,4,giraffe
61,S103,cvlt2,4,zebra
62,S103,cvlt2,4,motorcycle
63,S103,cvlt2,4,boat
64,S103,cvlt2,4,truck
65,S103,cvlt2,4,subway
66,S103,cvlt2,4,bookcase
67,S103,cvlt2,4,lamp
68,S103,cvlt2,4,intrusion
