,proband_id,test_name,trialn,ans,f,rsp,rt
0,4273,digit_symbol_delay,0,6,C:\Users\Jbarrett\Charlie\charlie\stimuli\visual\digit_symbol_delay\sym6.bmp,5,13291
1,4273,digit_symbol_delay,1,7,C:\Users\Jbarrett\Charlie\charlie\stimuli\visual\digit_symbol_delay\sym7.bmp,8,2050
2,4273,digit_symbol_delay,2,4,C:\Users\Jbarrett\Charlie\charlie\stimuli\visual\digit_symbol_delay\sym4.bmp,2,1630
3,4273,digit_symbol_delay,3,8,C:\Users\Jbarrett\Charlie\charlie\stimuli\visual\digit_symbol_delay\sym8.bmp,4,1760
4,4273,digit_symbol_delay,4,5,C:\Users\Jbarrett\Charlie\charlie\stimuli\visual\digit_symbol_delay\sym5.bmp,6,1940
5,4273,digit_symbol_delay,5,1,C:\Users\Jbarrett\Charlie\charlie\stimuli\visual\digit_symbol_delay\sym1.bmp,8,1361
6,4273,digit_symbol_delay,6,9,C:\Users\Jbarrett\Charlie\charlie\stimuli\visual\digit_symbol_delay\sym9.bmp,9,1600
7,4273,digit_symbol_delay,7,2,C:\Users\Jbarrett\Charlie\charlie\stimuli\visual\digit_symbol_delay\sym2.bmp,1,1870
8,4273,digit_symbol_delay,8,3,C:\Users\Jbarrett\Charlie\charlie\stimuli\visual\digit_symbol_delay\sym3.bmp,2,2460
0,4307,digit_symbol_delay,0,6,C:\Users\Jbarrett\Charlie\charlie\stimuli\visual\digit_symbol_delay\sym6.bmp,5,9421
1,4307,digit_symbol_delay,1,7,C:\Users\Jbarrett\Charlie\charlie\stimuli\visual\digit_symbol_delay\sym7.bmp,7,3650
2,4307,digit_symbol_delay,2,4,C:\Users\Jbarrett\Charlie\charlie\stimuli\visual\digit_symbol_delay\sym4.bmp,8,4020
3,4307,digit_symbol_delay,3,8,C:\Users\Jbarrett\Charlie\charlie\stimuli\visual\digit_symbol_delay\sym8.bmp,8,1060
4,4307,digit_symbol_delay,4,5,C:\Users\Jbarrett\Charlie\charlie\stimuli\visual\digit_symbol_delay\sym5.bmp,3,1010
5,4307,digit_symbol_delay,5,1,C:\Users\Jbarrett\Charlie\charlie\stimuli\visual\digit_symbol_delay\sym1.bmp,4,1821
6,4307,digit_symbol_delay,6,9,C:\Users\Jbarrett\Charlie\charlie\stimuli\visual\digit_symbol_delay\sym9.bmp,5,1770
7,4307,digit_symbol_delay,7,2,C:\Users\Jbarrett\Charlie\charlie\stimuli\visual\digit_symbol_delay\sym2.bmp,2,5510
8,4307,digit_symbol_delay,8,3,C:\Users\Jbarrett\Charlie\charlie\stimuli\visual\digit_symbol_delay\sym3.bmp,9,2280
0,4346,digit_symbol_delay,0,6,C:\Users\Jbarrett\Charlie\charlie\stimuli\visual\digit_symbol_delay\sym6.bmp,4,11471
1,4346,digit_symbol_delay,1,7,C:\Users\Jbarrett\Charlie\charlie\stimuli\visual\digit_symbol_delay\sym7.bmp,4,2810
2,4346,digit_symbol_delay,2,4,C:\Users\Jbarrett\Charlie\charlie\stimuli\visual\digit_symbol_delay\sym4.bmp,6,10911
3,4346,digit_symbol_delay,3,8,C:\Users\Jbarrett\Charlie\charlie\stimuli\visual\digit_symbol_delay\sym8.bmp,7,2350
4,4346,digit_symbol_delay,4,5,C:\Users\Jbarrett\Charlie\charlie\stimuli\visual\digit_symbol_delay\sym5.bmp,8,2260
5,4346,digit_symbol_delay,5,1,C:\Users\Jbarrett\Charlie\charlie\stimuli\visual\digit_symbol_delay\sym1.bmp,1,2540
6,4346,digit_symbol_delay,6,9,C:\Users\Jbarrett\Charlie\charlie\stimuli\visual\digit_symbol_delay\sym9.bmp,9,2390
7,4346,digit_symbol_delay,7,2,C:\Users\Jbarrett\Charlie\charlie\stimuli\visual\digit_symbol_delay\sym2.bmp,1,2180
8,4346,digit_symbol_delay,8,3,C:\Users\Jbarrett\Charlie\charlie\stimuli\visual\digit_symbol_delay\sym3.bmp,3,2210
0,4365,digit_symbol_delay,0,6,c:\Charlie\charlie\stimuli\visual\digit_symbol_delay\sym6.bmp,5,4560
1,4365,digit_symbol_delay,1,7,c:\Charlie\charlie\stimuli\visual\digit_symbol_delay\sym7.bmp,7,3430
2,4365,digit_symbol_delay,2,4,c:\Charlie\charlie\stimuli\visual\digit_symbol_delay\sym4.bmp,4,3261
3,4365,digit_symbol_delay,3,8,c:\Charlie\charlie\stimuli\visual\digit_symbol_delay\sym8.bmp,8,3970
4,4365,digit_symbol_delay,4,5,c:\Charlie\charlie\stimuli\visual\digit_symbol_delay\sym5.bmp,3,3560
5,4365,digit_symbol_delay,5,1,c:\Charlie\charlie\stimuli\visual\digit_symbol_delay\sym1.bmp,2,4400
6,4365,digit_symbol_delay,6,9,c:\Charlie\charlie\stimuli\visual\digit_symbol_delay\sym9.bmp,9,2110
7,4365,digit_symbol_delay,7,2,c:\Charlie\charlie\stimuli\visual\digit_symbol_delay\sym2.bmp,2,2581
8,4365,digit_symbol_delay,8,3,c:\Charlie\charlie\stimuli\visual\digit_symbol_delay\sym3.bmp,3,1640
0,4367,digit_symbol_delay,0,6,c:\Charlie\charlie\stimuli\visual\digit_symbol_delay\sym6.bmp,4,28532
1,4367,digit_symbol_delay,1,7,c:\Charlie\charlie\stimuli\visual\digit_symbol_delay\sym7.bmp,6,5780
2,4367,digit_symbol_delay,2,4,c:\Charlie\charlie\stimuli\visual\digit_symbol_delay\sym4.bmp,3,5431
3,4367,digit_symbol_delay,3,8,c:\Charlie\charlie\stimuli\visual\digit_symbol_delay\sym8.bmp,7,3940
4,4367,digit_symbol_delay,4,5,c:\Charlie\charlie\stimuli\visual\digit_symbol_delay\sym5.bmp,5,4030
5,4367,digit_symbol_delay,5,1,c:\Charlie\charlie\stimuli\visual\digit_symbol_delay\sym1.bmp,1,7131
6,4367,digit_symbol_delay,6,9,c:\Charlie\charlie\stimuli\visual\digit_symbol_delay\sym9.bmp,3,3690
7,4367,digit_symbol_delay,7,2,c:\Charlie\charlie\stimuli\visual\digit_symbol_delay\sym2.bmp,6,2730
8,4367,digit_symbol_delay,8,3,c:\Charlie\charlie\stimuli\visual\digit_symbol_delay\sym3.bmp,4,2460
0,4368,digit_symbol_delay,0,6,C:\Users\Jbarrett\Charlie\charlie\stimuli\visual\digit_symbol_delay\sym6.bmp,6,560
1,4368,digit_symbol_delay,1,7,C:\Users\Jbarrett\Charlie\charlie\stimuli\visual\digit_symbol_delay\sym7.bmp,7,850
2,4368,digit_symbol_delay,2,4,C:\Users\Jbarrett\Charlie\charlie\stimuli\visual\digit_symbol_delay\sym4.bmp,6,4880
3,4368,digit_symbol_delay,3,8,C:\Users\Jbarrett\Charlie\charlie\stimuli\visual\digit_symbol_delay\sym8.bmp,8,720
4,4368,digit_symbol_delay,4,5,C:\Users\Jbarrett\Charlie\charlie\stimuli\visual\digit_symbol_delay\sym5.bmp,4,4001
5,4368,digit_symbol_delay,5,1,C:\Users\Jbarrett\Charlie\charlie\stimuli\visual\digit_symbol_delay\sym1.bmp,3,4000
6,4368,digit_symbol_delay,6,9,C:\Users\Jbarrett\Charlie\charlie\stimuli\visual\digit_symbol_delay\sym9.bmp,6,4680
7,4368,digit_symbol_delay,7,2,C:\Users\Jbarrett\Charlie\charlie\stimuli\visual\digit_symbol_delay\sym2.bmp,2,4200
8,4368,digit_symbol_delay,8,3,C:\Users\Jbarrett\Charlie\charlie\stimuli\visual\digit_symbol_delay\sym3.bmp,3,400
0,4369,digit_symbol_delay,0,6,C:\Users\Jbarrett\Charlie\charlie\stimuli\visual\digit_symbol_delay\sym6.bmp,6,10101
1,4369,digit_symbol_delay,1,7,C:\Users\Jbarrett\Charlie\charlie\stimuli\visual\digit_symbol_delay\sym7.bmp,7,1960
2,4369,digit_symbol_delay,2,4,C:\Users\Jbarrett\Charlie\charlie\stimuli\visual\digit_symbol_delay\sym4.bmp,4,1500
3,4369,digit_symbol_delay,3,8,C:\Users\Jbarrett\Charlie\charlie\stimuli\visual\digit_symbol_delay\sym8.bmp,8,1330
4,4369,digit_symbol_delay,4,5,C:\Users\Jbarrett\Charlie\charlie\stimuli\visual\digit_symbol_delay\sym5.bmp,9,1800
5,4369,digit_symbol_delay,5,1,C:\Users\Jbarrett\Charlie\charlie\stimuli\visual\digit_symbol_delay\sym1.bmp,1,2651
6,4369,digit_symbol_delay,6,9,C:\Users\Jbarrett\Charlie\charlie\stimuli\visual\digit_symbol_delay\sym9.bmp,6,1770
7,4369,digit_symbol_delay,7,2,C:\Users\Jbarrett\Charlie\charlie\stimuli\visual\digit_symbol_delay\sym2.bmp,4,1990
8,4369,digit_symbol_delay,8,3,C:\Users\Jbarrett\Charlie\charlie\stimuli\visual\digit_symbol_delay\sym3.bmp,1,490
0,4370,digit_symbol_delay,0,6,C:\Users\Jbarrett\Charlie\charlie\stimuli\visual\digit_symbol_delay\sym6.bmp,8,7630
1,4370,digit_symbol_delay,1,7,C:\Users\Jbarrett\Charlie\charlie\stimuli\visual\digit_symbol_delay\sym7.bmp,4,10771
2,4370,digit_symbol_delay,2,4,C:\Users\Jbarrett\Charlie\charlie\stimuli\visual\digit_symbol_delay\sym4.bmp,6,9750
3,4370,digit_symbol_delay,3,8,C:\Users\Jbarrett\Charlie\charlie\stimuli\visual\digit_symbol_delay\sym8.bmp,9,4761
4,4370,digit_symbol_delay,4,5,C:\Users\Jbarrett\Charlie\charlie\stimuli\visual\digit_symbol_delay\sym5.bmp,3,2880
5,4370,digit_symbol_delay,5,1,C:\Users\Jbarrett\Charlie\charlie\stimuli\visual\digit_symbol_delay\sym1.bmp,7,6641
6,4370,digit_symbol_delay,6,9,C:\Users\Jbarrett\Charlie\charlie\stimuli\visual\digit_symbol_delay\sym9.bmp,9,6730
7,4370,digit_symbol_delay,7,2,C:\Users\Jbarrett\Charlie\charlie\stimuli\visual\digit_symbol_delay\sym2.bmp,2,1030
8,4370,digit_symbol_delay,8,3,C:\Users\Jbarrett\Charlie\charlie\stimuli\visual\digit_symbol_delay\sym3.bmp,1,1541
0,4371,digit_symbol_delay,0,6,C:\Users\Jbarrett\Charlie\charlie\stimuli\visual\digit_symbol_delay\sym6.bmp,5,11971
1,4371,digit_symbol_delay,1,7,C:\Users\Jbarrett\Charlie\charlie\stimuli\visual\digit_symbol_delay\sym7.bmp,6,5630
2,4371,digit_symbol_delay,2,4,C:\Users\Jbarrett\Charlie\charlie\stimuli\visual\digit_symbol_delay\sym4.bmp,4,3051
3,4371,digit_symbol_delay,3,8,C:\Users\Jbarrett\Charlie\charlie\stimuli\visual\digit_symbol_delay\sym8.bmp,3,720
4,4371,digit_symbol_delay,4,5,C:\Users\Jbarrett\Charlie\charlie\stimuli\visual\digit_symbol_delay\sym5.bmp,8,3430
5,4371,digit_symbol_delay,5,1,C:\Users\Jbarrett\Charlie\charlie\stimuli\visual\digit_symbol_delay\sym1.bmp,1,4020
6,4371,digit_symbol_delay,6,9,C:\Users\Jbarrett\Charlie\charlie\stimuli\visual\digit_symbol_delay\sym9.bmp,2,5241
7,4371,digit_symbol_delay,7,2,C:\Users\Jbarrett\Charlie\charlie\stimuli\visual\digit_symbol_delay\sym2.bmp,5,3100
8,4371,digit_symbol_delay,8,3,C:\Users\Jbarrett\Charlie\charlie\stimuli\visual\digit_symbol_delay\sym3.bmp,8,3910
0,4372,digit_symbol_delay,0,6,c:\Charlie\charlie\stimuli\visual\digit_symbol_delay\sym6.bmp,2,6020
1,4372,digit_symbol_delay,1,7,c:\Charlie\charlie\stimuli\visual\digit_symbol_delay\sym7.bmp,7,2260
2,4372,digit_symbol_delay,2,4,c:\Charlie\charlie\stimuli\visual\digit_symbol_delay\sym4.bmp,4,1000
3,4372,digit_symbol_delay,3,8,c:\Charlie\charlie\stimuli\visual\digit_symbol_delay\sym8.bmp,8,3590
4,4372,digit_symbol_delay,4,5,c:\Charlie\charlie\stimuli\visual\digit_symbol_delay\sym5.bmp,9,4800
5,4372,digit_symbol_delay,5,1,c:\Charlie\charlie\stimuli\visual\digit_symbol_delay\sym1.bmp,1,1760
6,4372,digit_symbol_delay,6,9,c:\Charlie\charlie\stimuli\visual\digit_symbol_delay\sym9.bmp,9,930
7,4372,digit_symbol_delay,7,2,c:\Charlie\charlie\stimuli\visual\digit_symbol_delay\sym2.bmp,5,4111
8,4372,digit_symbol_delay,8,3,c:\Charlie\charlie\stimuli\visual\digit_symbol_delay\sym3.bmp,3,1930
0,4373,digit_symbol_delay,0,6,C:\Users\jbarrett\Charlie-master\charlie\stimuli\visual\digit_symbol_delay\sym6.bmp,4,17661
1,4373,digit_symbol_delay,1,7,C:\Users\jbarrett\Charlie-master\charlie\stimuli\visual\digit_symbol_delay\sym7.bmp,7,8420
2,4373,digit_symbol_delay,2,4,C:\Users\jbarrett\Charlie-master\charlie\stimuli\visual\digit_symbol_delay\sym4.bmp,8,760
3,4373,digit_symbol_delay,3,8,C:\Users\jbarrett\Charlie-master\charlie\stimuli\visual\digit_symbol_delay\sym8.bmp,3,3260
4,4373,digit_symbol_delay,4,5,C:\Users\jbarrett\Charlie-master\charlie\stimuli\visual\digit_symbol_delay\sym5.bmp,6,4030
5,4373,digit_symbol_delay,5,1,C:\Users\jbarrett\Charlie-master\charlie\stimuli\visual\digit_symbol_delay\sym1.bmp,2,2360
6,4373,digit_symbol_delay,6,9,C:\Users\jbarrett\Charlie-master\charlie\stimuli\visual\digit_symbol_delay\sym9.bmp,5,11541
7,4373,digit_symbol_delay,7,2,C:\Users\jbarrett\Charlie-master\charlie\stimuli\visual\digit_symbol_delay\sym2.bmp,9,9751
8,4373,digit_symbol_delay,8,3,C:\Users\jbarrett\Charlie-master\charlie\stimuli\visual\digit_symbol_delay\sym3.bmp,3,3350
0,4374,digit_symbol_delay,0,6,c:\Charlie\charlie\stimuli\visual\digit_symbol_delay\sym6.bmp,3,13160
1,4374,digit_symbol_delay,1,7,c:\Charlie\charlie\stimuli\visual\digit_symbol_delay\sym7.bmp,3,200
2,4374,digit_symbol_delay,2,4,c:\Charlie\charlie\stimuli\visual\digit_symbol_delay\sym4.bmp,8,4651
3,4374,digit_symbol_delay,3,8,c:\Charlie\charlie\stimuli\visual\digit_symbol_delay\sym8.bmp,9,3060
4,4374,digit_symbol_delay,4,5,c:\Charlie\charlie\stimuli\visual\digit_symbol_delay\sym5.bmp,8,3770
5,4374,digit_symbol_delay,5,1,c:\Charlie\charlie\stimuli\visual\digit_symbol_delay\sym1.bmp,2,2770
6,4374,digit_symbol_delay,6,9,c:\Charlie\charlie\stimuli\visual\digit_symbol_delay\sym9.bmp,3,2290
7,4374,digit_symbol_delay,7,2,c:\Charlie\charlie\stimuli\visual\digit_symbol_delay\sym2.bmp,2,2581
8,4374,digit_symbol_delay,8,3,c:\Charlie\charlie\stimuli\visual\digit_symbol_delay\sym3.bmp,1,4940
0,4375,digit_symbol_delay,0,6,c:\Charlie\charlie\stimuli\visual\digit_symbol_delay\sym6.bmp,6,2910
1,4375,digit_symbol_delay,1,7,c:\Charlie\charlie\stimuli\visual\digit_symbol_delay\sym7.bmp,7,2190
2,4375,digit_symbol_delay,2,4,c:\Charlie\charlie\stimuli\visual\digit_symbol_delay\sym4.bmp,4,1031
3,4375,digit_symbol_delay,3,8,c:\Charlie\charlie\stimuli\visual\digit_symbol_delay\sym8.bmp,8,3070
4,4375,digit_symbol_delay,4,5,c:\Charlie\charlie\stimuli\visual\digit_symbol_delay\sym5.bmp,9,2700
5,4375,digit_symbol_delay,5,1,c:\Charlie\charlie\stimuli\visual\digit_symbol_delay\sym1.bmp,1,3080
6,4375,digit_symbol_delay,6,9,c:\Charlie\charlie\stimuli\visual\digit_symbol_delay\sym9.bmp,9,810
7,4375,digit_symbol_delay,7,2,c:\Charlie\charlie\stimuli\visual\digit_symbol_delay\sym2.bmp,2,2011
8,4375,digit_symbol_delay,8,3,c:\Charlie\charlie\stimuli\visual\digit_symbol_delay\sym3.bmp,3,1550
0,4376,digit_symbol_delay,0,6,c:\Charlie\charlie\stimuli\visual\digit_symbol_delay\sym6.bmp,6,15891
1,4376,digit_symbol_delay,1,7,c:\Charlie\charlie\stimuli\visual\digit_symbol_delay\sym7.bmp,7,5331
2,4376,digit_symbol_delay,2,4,c:\Charlie\charlie\stimuli\visual\digit_symbol_delay\sym4.bmp,5,7840
3,4376,digit_symbol_delay,3,8,c:\Charlie\charlie\stimuli\visual\digit_symbol_delay\sym8.bmp,8,2390
4,4376,digit_symbol_delay,4,5,c:\Charlie\charlie\stimuli\visual\digit_symbol_delay\sym5.bmp,9,3100
5,4376,digit_symbol_delay,5,1,c:\Charlie\charlie\stimuli\visual\digit_symbol_delay\sym1.bmp,2,2921
6,4376,digit_symbol_delay,6,9,c:\Charlie\charlie\stimuli\visual\digit_symbol_delay\sym9.bmp,4,10800
7,4376,digit_symbol_delay,7,2,c:\Charlie\charlie\stimuli\visual\digit_symbol_delay\sym2.bmp,2,3780
8,4376,digit_symbol_delay,8,3,c:\Charlie\charlie\stimuli\visual\digit_symbol_delay\sym3.bmp,3,1900
0,4377,digit_symbol_delay,0,6,c:\Charlie\charlie\stimuli\visual\digit_symbol_delay\sym6.bmp,6,1360
1,4377,digit_symbol_delay,1,7,c:\Charlie\charlie\stimuli\visual\digit_symbol_delay\sym7.bmp,8,3650
2,4377,digit_symbol_delay,2,4,c:\Charlie\charlie\stimuli\visual\digit_symbol_delay\sym4.bmp,4,1710
3,4377,digit_symbol_delay,3,8,c:\Charlie\charlie\stimuli\visual\digit_symbol_delay\sym8.bmp,7,9631
4,4377,digit_symbol_delay,4,5,c:\Charlie\charlie\stimuli\visual\digit_symbol_delay\sym5.bmp,7,7150
5,4377,digit_symbol_delay,5,1,c:\Charlie\charlie\stimuli\visual\digit_symbol_delay\sym1.bmp,2,9921
6,4377,digit_symbol_delay,6,9,c:\Charlie\charlie\stimuli\visual\digit_symbol_delay\sym9.bmp,9,1590
7,4377,digit_symbol_delay,7,2,c:\Charlie\charlie\stimuli\visual\digit_symbol_delay\sym2.bmp,4,4200
8,4377,digit_symbol_delay,8,3,c:\Charlie\charlie\stimuli\visual\digit_symbol_delay\sym3.bmp,3,1210
0,4378,digit_symbol_delay,0,6,c:\Charlie\charlie\stimuli\visual\digit_symbol_delay\sym6.bmp,7,10190
1,4378,digit_symbol_delay,1,7,c:\Charlie\charlie\stimuli\visual\digit_symbol_delay\sym7.bmp,7,1430
2,4378,digit_symbol_delay,2,4,c:\Charlie\charlie\stimuli\visual\digit_symbol_delay\sym4.bmp,5,3061
3,4378,digit_symbol_delay,3,8,c:\Charlie\charlie\stimuli\visual\digit_symbol_delay\sym8.bmp,9,2600
4,4378,digit_symbol_delay,4,5,c:\Charlie\charlie\stimuli\visual\digit_symbol_delay\sym5.bmp,7,4780
5,4378,digit_symbol_delay,5,1,c:\Charlie\charlie\stimuli\visual\digit_symbol_delay\sym1.bmp,1,3050
6,4378,digit_symbol_delay,6,9,c:\Charlie\charlie\stimuli\visual\digit_symbol_delay\sym9.bmp,9,1860
7,4378,digit_symbol_delay,7,2,c:\Charlie\charlie\stimuli\visual\digit_symbol_delay\sym2.bmp,3,4311
8,4378,digit_symbol_delay,8,3,c:\Charlie\charlie\stimuli\visual\digit_symbol_delay\sym3.bmp,3,4270
0,4379,digit_symbol_delay,0,6,c:\Charlie\charlie\stimuli\visual\digit_symbol_delay\sym6.bmp,6,3791
1,4379,digit_symbol_delay,1,7,c:\Charlie\charlie\stimuli\visual\digit_symbol_delay\sym7.bmp,5,2350
2,4379,digit_symbol_delay,2,4,c:\Charlie\charlie\stimuli\visual\digit_symbol_delay\sym4.bmp,4,1450
3,4379,digit_symbol_delay,3,8,c:\Charlie\charlie\stimuli\visual\digit_symbol_delay\sym8.bmp,8,3170
4,4379,digit_symbol_delay,4,5,c:\Charlie\charlie\stimuli\visual\digit_symbol_delay\sym5.bmp,9,1840
5,4379,digit_symbol_delay,5,1,c:\Charlie\charlie\stimuli\visual\digit_symbol_delay\sym1.bmp,1,6361
6,4379,digit_symbol_delay,6,9,c:\Charlie\charlie\stimuli\visual\digit_symbol_delay\sym9.bmp,9,3490
7,4379,digit_symbol_delay,7,2,c:\Charlie\charlie\stimuli\visual\digit_symbol_delay\sym2.bmp,6,1920
8,4379,digit_symbol_delay,8,3,c:\Charlie\charlie\stimuli\visual\digit_symbol_delay\sym3.bmp,3,1710
0,4380,digit_symbol_delay,0,6,C:\Users\Jbarrett\Charlie\charlie\stimuli\visual\digit_symbol_delay\sym6.bmp,6,21741
1,4380,digit_symbol_delay,1,7,C:\Users\Jbarrett\Charlie\charlie\stimuli\visual\digit_symbol_delay\sym7.bmp,7,8091
2,4380,digit_symbol_delay,2,4,C:\Users\Jbarrett\Charlie\charlie\stimuli\visual\digit_symbol_delay\sym4.bmp,4,6601
3,4380,digit_symbol_delay,3,8,C:\Users\Jbarrett\Charlie\charlie\stimuli\visual\digit_symbol_delay\sym8.bmp,7,5390
4,4380,digit_symbol_delay,4,5,C:\Users\Jbarrett\Charlie\charlie\stimuli\visual\digit_symbol_delay\sym5.bmp,9,2760
5,4380,digit_symbol_delay,5,1,C:\Users\Jbarrett\Charlie\charlie\stimuli\visual\digit_symbol_delay\sym1.bmp,4,2710
6,4380,digit_symbol_delay,6,9,C:\Users\Jbarrett\Charlie\charlie\stimuli\visual\digit_symbol_delay\sym9.bmp,2,7661
7,4380,digit_symbol_delay,7,2,C:\Users\Jbarrett\Charlie\charlie\stimuli\visual\digit_symbol_delay\sym2.bmp,2,5900
8,4380,digit_symbol_delay,8,3,C:\Users\Jbarrett\Charlie\charlie\stimuli\visual\digit_symbol_delay\sym3.bmp,3,2190
0,4381,digit_symbol_delay,0,6,c:\Charlie\charlie\stimuli\visual\digit_symbol_delay\sym6.bmp,5,11541
1,4381,digit_symbol_delay,1,7,c:\Charlie\charlie\stimuli\visual\digit_symbol_delay\sym7.bmp,7,3600
2,4381,digit_symbol_delay,2,4,c:\Charlie\charlie\stimuli\visual\digit_symbol_delay\sym4.bmp,4,3320
3,4381,digit_symbol_delay,3,8,c:\Charlie\charlie\stimuli\visual\digit_symbol_delay\sym8.bmp,8,2771
4,4381,digit_symbol_delay,4,5,c:\Charlie\charlie\stimuli\visual\digit_symbol_delay\sym5.bmp,6,2360
5,4381,digit_symbol_delay,5,1,c:\Charlie\charlie\stimuli\visual\digit_symbol_delay\sym1.bmp,3,3490
6,4381,digit_symbol_delay,6,9,c:\Charlie\charlie\stimuli\visual\digit_symbol_delay\sym9.bmp,5,7070
7,4381,digit_symbol_delay,7,2,c:\Charlie\charlie\stimuli\visual\digit_symbol_delay\sym2.bmp,2,1900
8,4381,digit_symbol_delay,8,3,c:\Charlie\charlie\stimuli\visual\digit_symbol_delay\sym3.bmp,1,3081
0,4382,digit_symbol_delay,0,6,C:\Users\Jbarrett\Charlie\charlie\stimuli\visual\digit_symbol_delay\sym6.bmp,7,29124
1,4382,digit_symbol_delay,1,7,C:\Users\Jbarrett\Charlie\charlie\stimuli\visual\digit_symbol_delay\sym7.bmp,5,6280
2,4382,digit_symbol_delay,2,4,C:\Users\Jbarrett\Charlie\charlie\stimuli\visual\digit_symbol_delay\sym4.bmp,8,3100
3,4382,digit_symbol_delay,3,8,C:\Users\Jbarrett\Charlie\charlie\stimuli\visual\digit_symbol_delay\sym8.bmp,8,1720
4,4382,digit_symbol_delay,4,5,C:\Users\Jbarrett\Charlie\charlie\stimuli\visual\digit_symbol_delay\sym5.bmp,7,7411
5,4382,digit_symbol_delay,5,1,C:\Users\Jbarrett\Charlie\charlie\stimuli\visual\digit_symbol_delay\sym1.bmp,1,4320
6,4382,digit_symbol_delay,6,9,C:\Users\Jbarrett\Charlie\charlie\stimuli\visual\digit_symbol_delay\sym9.bmp,9,3670
7,4382,digit_symbol_delay,7,2,C:\Users\Jbarrett\Charlie\charlie\stimuli\visual\digit_symbol_delay\sym2.bmp,2,580
8,4382,digit_symbol_delay,8,3,C:\Users\Jbarrett\Charlie\charlie\stimuli\visual\digit_symbol_delay\sym3.bmp,3,2000
0,4383,digit_symbol_delay,0,6,c:\Charlie\charlie\stimuli\visual\digit_symbol_delay\sym6.bmp,5,4100
1,4383,digit_symbol_delay,1,7,c:\Charlie\charlie\stimuli\visual\digit_symbol_delay\sym7.bmp,7,3870
2,4383,digit_symbol_delay,2,4,c:\Charlie\charlie\stimuli\visual\digit_symbol_delay\sym4.bmp,6,4520
3,4383,digit_symbol_delay,3,8,c:\Charlie\charlie\stimuli\visual\digit_symbol_delay\sym8.bmp,9,2310
4,4383,digit_symbol_delay,4,5,c:\Charlie\charlie\stimuli\visual\digit_symbol_delay\sym5.bmp,8,2661
5,4383,digit_symbol_delay,5,1,c:\Charlie\charlie\stimuli\visual\digit_symbol_delay\sym1.bmp,1,2430
6,4383,digit_symbol_delay,6,9,c:\Charlie\charlie\stimuli\visual\digit_symbol_delay\sym9.bmp,8,2080
7,4383,digit_symbol_delay,7,2,c:\Charlie\charlie\stimuli\visual\digit_symbol_delay\sym2.bmp,2,2220
8,4383,digit_symbol_delay,8,3,c:\Charlie\charlie\stimuli\visual\digit_symbol_delay\sym3.bmp,3,2701
0,4384,digit_symbol_delay,0,6,c:\Charlie\charlie\stimuli\visual\digit_symbol_delay\sym6.bmp,1,11340
1,4384,digit_symbol_delay,1,7,c:\Charlie\charlie\stimuli\visual\digit_symbol_delay\sym7.bmp,7,4730
2,4384,digit_symbol_delay,2,4,c:\Charlie\charlie\stimuli\visual\digit_symbol_delay\sym4.bmp,8,2021
3,4384,digit_symbol_delay,3,8,c:\Charlie\charlie\stimuli\visual\digit_symbol_delay\sym8.bmp,6,5550
4,4384,digit_symbol_delay,4,5,c:\Charlie\charlie\stimuli\visual\digit_symbol_delay\sym5.bmp,9,2330
5,4384,digit_symbol_delay,5,1,c:\Charlie\charlie\stimuli\visual\digit_symbol_delay\sym1.bmp,4,1990
6,4384,digit_symbol_delay,6,9,c:\Charlie\charlie\stimuli\visual\digit_symbol_delay\sym9.bmp,3,2990
7,4384,digit_symbol_delay,7,2,c:\Charlie\charlie\stimuli\visual\digit_symbol_delay\sym2.bmp,2,3311
8,4384,digit_symbol_delay,8,3,c:\Charlie\charlie\stimuli\visual\digit_symbol_delay\sym3.bmp,9,3550
0,4385,digit_symbol_delay,0,6,C:\Users\Jbarrett\Charlie\charlie\stimuli\visual\digit_symbol_delay\sym6.bmp,3,23031
1,4385,digit_symbol_delay,1,7,C:\Users\Jbarrett\Charlie\charlie\stimuli\visual\digit_symbol_delay\sym7.bmp,4,6081
2,4385,digit_symbol_delay,2,4,C:\Users\Jbarrett\Charlie\charlie\stimuli\visual\digit_symbol_delay\sym4.bmp,5,2420
3,4385,digit_symbol_delay,3,8,C:\Users\Jbarrett\Charlie\charlie\stimuli\visual\digit_symbol_delay\sym8.bmp,2,2610
4,4385,digit_symbol_delay,4,5,C:\Users\Jbarrett\Charlie\charlie\stimuli\visual\digit_symbol_delay\sym5.bmp,6,3331
5,4385,digit_symbol_delay,5,1,C:\Users\Jbarrett\Charlie\charlie\stimuli\visual\digit_symbol_delay\sym1.bmp,7,1720
6,4385,digit_symbol_delay,6,9,C:\Users\Jbarrett\Charlie\charlie\stimuli\visual\digit_symbol_delay\sym9.bmp,8,1210
7,4385,digit_symbol_delay,7,2,C:\Users\Jbarrett\Charlie\charlie\stimuli\visual\digit_symbol_delay\sym2.bmp,9,1080
8,4385,digit_symbol_delay,8,3,C:\Users\Jbarrett\Charlie\charlie\stimuli\visual\digit_symbol_delay\sym3.bmp,1,2140
0,4386,digit_symbol_delay,0,6,c:\Charlie\charlie\stimuli\visual\digit_symbol_delay\sym6.bmp,3,10121
1,4386,digit_symbol_delay,1,7,c:\Charlie\charlie\stimuli\visual\digit_symbol_delay\sym7.bmp,7,6210
2,4386,digit_symbol_delay,2,4,c:\Charlie\charlie\stimuli\visual\digit_symbol_delay\sym4.bmp,8,2860
3,4386,digit_symbol_delay,3,8,c:\Charlie\charlie\stimuli\visual\digit_symbol_delay\sym8.bmp,6,5241
4,4386,digit_symbol_delay,4,5,c:\Charlie\charlie\stimuli\visual\digit_symbol_delay\sym5.bmp,5,4770
5,4386,digit_symbol_delay,5,1,c:\Charlie\charlie\stimuli\visual\digit_symbol_delay\sym1.bmp,1,2110
6,4386,digit_symbol_delay,6,9,c:\Charlie\charlie\stimuli\visual\digit_symbol_delay\sym9.bmp,9,3880
7,4386,digit_symbol_delay,7,2,c:\Charlie\charlie\stimuli\visual\digit_symbol_delay\sym2.bmp,2,3310
8,4386,digit_symbol_delay,8,3,c:\Charlie\charlie\stimuli\visual\digit_symbol_delay\sym3.bmp,3,1390
0,4387,digit_symbol_delay,0,6,c:\Charlie\charlie\stimuli\visual\digit_symbol_delay\sym6.bmp,3,9781
1,4387,digit_symbol_delay,1,7,c:\Charlie\charlie\stimuli\visual\digit_symbol_delay\sym7.bmp,7,7920
2,4387,digit_symbol_delay,2,4,c:\Charlie\charlie\stimuli\visual\digit_symbol_delay\sym4.bmp,4,5581
3,4387,digit_symbol_delay,3,8,c:\Charlie\charlie\stimuli\visual\digit_symbol_delay\sym8.bmp,6,5870
4,4387,digit_symbol_delay,4,5,c:\Charlie\charlie\stimuli\visual\digit_symbol_delay\sym5.bmp,5,6470
5,4387,digit_symbol_delay,5,1,c:\Charlie\charlie\stimuli\visual\digit_symbol_delay\sym1.bmp,1,3430
6,4387,digit_symbol_delay,6,9,c:\Charlie\charlie\stimuli\visual\digit_symbol_delay\sym9.bmp,9,2051
7,4387,digit_symbol_delay,7,2,c:\Charlie\charlie\stimuli\visual\digit_symbol_delay\sym2.bmp,2,920
8,4387,digit_symbol_delay,8,3,c:\Charlie\charlie\stimuli\visual\digit_symbol_delay\sym3.bmp,6,4510
0,4388,digit_symbol_delay,0,6,C:\Users\Jbarrett\Charlie\charlie\stimuli\visual\digit_symbol_delay\sym6.bmp,4,26072
1,4388,digit_symbol_delay,1,7,C:\Users\Jbarrett\Charlie\charlie\stimuli\visual\digit_symbol_delay\sym7.bmp,3,6380
2,4388,digit_symbol_delay,2,4,C:\Users\Jbarrett\Charlie\charlie\stimuli\visual\digit_symbol_delay\sym4.bmp,4,1810
3,4388,digit_symbol_delay,3,8,C:\Users\Jbarrett\Charlie\charlie\stimuli\visual\digit_symbol_delay\sym8.bmp,7,1520
4,4388,digit_symbol_delay,4,5,C:\Users\Jbarrett\Charlie\charlie\stimuli\visual\digit_symbol_delay\sym5.bmp,8,2050
5,4388,digit_symbol_delay,5,1,C:\Users\Jbarrett\Charlie\charlie\stimuli\visual\digit_symbol_delay\sym1.bmp,9,1040
6,4388,digit_symbol_delay,6,9,C:\Users\Jbarrett\Charlie\charlie\stimuli\visual\digit_symbol_delay\sym9.bmp,2,1910
7,4388,digit_symbol_delay,7,2,C:\Users\Jbarrett\Charlie\charlie\stimuli\visual\digit_symbol_delay\sym2.bmp,2,510
8,4388,digit_symbol_delay,8,3,C:\Users\Jbarrett\Charlie\charlie\stimuli\visual\digit_symbol_delay\sym3.bmp,4,2830
0,4389,digit_symbol_delay,0,6,c:\Charlie\charlie\stimuli\visual\digit_symbol_delay\sym6.bmp,6,840
1,4389,digit_symbol_delay,1,7,c:\Charlie\charlie\stimuli\visual\digit_symbol_delay\sym7.bmp,7,1400
2,4389,digit_symbol_delay,2,4,c:\Charlie\charlie\stimuli\visual\digit_symbol_delay\sym4.bmp,4,1680
3,4389,digit_symbol_delay,3,8,c:\Charlie\charlie\stimuli\visual\digit_symbol_delay\sym8.bmp,8,1340
4,4389,digit_symbol_delay,4,5,c:\Charlie\charlie\stimuli\visual\digit_symbol_delay\sym5.bmp,5,17311
5,4389,digit_symbol_delay,5,1,c:\Charlie\charlie\stimuli\visual\digit_symbol_delay\sym1.bmp,2,1700
6,4389,digit_symbol_delay,6,9,c:\Charlie\charlie\stimuli\visual\digit_symbol_delay\sym9.bmp,2,210
7,4389,digit_symbol_delay,7,2,c:\Charlie\charlie\stimuli\visual\digit_symbol_delay\sym2.bmp,2,5620
8,4389,digit_symbol_delay,8,3,c:\Charlie\charlie\stimuli\visual\digit_symbol_delay\sym3.bmp,3,1220
0,4390,digit_symbol_delay,0,6,C:\Users\Jbarrett\Charlie\charlie\stimuli\visual\digit_symbol_delay\sym6.bmp,6,5050
1,4390,digit_symbol_delay,1,7,C:\Users\Jbarrett\Charlie\charlie\stimuli\visual\digit_symbol_delay\sym7.bmp,7,8330
2,4390,digit_symbol_delay,2,4,C:\Users\Jbarrett\Charlie\charlie\stimuli\visual\digit_symbol_delay\sym4.bmp,4,3501
3,4390,digit_symbol_delay,3,8,C:\Users\Jbarrett\Charlie\charlie\stimuli\visual\digit_symbol_delay\sym8.bmp,8,2400
4,4390,digit_symbol_delay,4,5,C:\Users\Jbarrett\Charlie\charlie\stimuli\visual\digit_symbol_delay\sym5.bmp,9,6720
5,4390,digit_symbol_delay,5,1,C:\Users\Jbarrett\Charlie\charlie\stimuli\visual\digit_symbol_delay\sym1.bmp,1,2510
6,4390,digit_symbol_delay,6,9,C:\Users\Jbarrett\Charlie\charlie\stimuli\visual\digit_symbol_delay\sym9.bmp,3,4071
7,4390,digit_symbol_delay,7,2,C:\Users\Jbarrett\Charlie\charlie\stimuli\visual\digit_symbol_delay\sym2.bmp,2,2020
8,4390,digit_symbol_delay,8,3,C:\Users\Jbarrett\Charlie\charlie\stimuli\visual\digit_symbol_delay\sym3.bmp,3,3190
0,4391,digit_symbol_delay,0,6,c:\Charlie\charlie\stimuli\visual\digit_symbol_delay\sym6.bmp,6,3491
1,4391,digit_symbol_delay,1,7,c:\Charlie\charlie\stimuli\visual\digit_symbol_delay\sym7.bmp,7,1790
2,4391,digit_symbol_delay,2,4,c:\Charlie\charlie\stimuli\visual\digit_symbol_delay\sym4.bmp,4,1470
3,4391,digit_symbol_delay,3,8,c:\Charlie\charlie\stimuli\visual\digit_symbol_delay\sym8.bmp,8,1340
4,4391,digit_symbol_delay,4,5,c:\Charlie\charlie\stimuli\visual\digit_symbol_delay\sym5.bmp,5,3210
5,4391,digit_symbol_delay,5,1,c:\Charlie\charlie\stimuli\visual\digit_symbol_delay\sym1.bmp,1,1490
6,4391,digit_symbol_delay,6,9,c:\Charlie\charlie\stimuli\visual\digit_symbol_delay\sym9.bmp,9,1210
7,4391,digit_symbol_delay,7,2,c:\Charlie\charlie\stimuli\visual\digit_symbol_delay\sym2.bmp,2,1320
8,4391,digit_symbol_delay,8,3,c:\Charlie\charlie\stimuli\visual\digit_symbol_delay\sym3.bmp,3,1590
0,4392,digit_symbol_delay,0,6,C:\Users\Jbarrett\Charlie\charlie\stimuli\visual\digit_symbol_delay\sym6.bmp,3,34182
1,4392,digit_symbol_delay,1,7,C:\Users\Jbarrett\Charlie\charlie\stimuli\visual\digit_symbol_delay\sym7.bmp,7,5140
2,4392,digit_symbol_delay,2,4,C:\Users\Jbarrett\Charlie\charlie\stimuli\visual\digit_symbol_delay\sym4.bmp,8,4621
3,4392,digit_symbol_delay,3,8,C:\Users\Jbarrett\Charlie\charlie\stimuli\visual\digit_symbol_delay\sym8.bmp,9,9840
4,4392,digit_symbol_delay,4,5,C:\Users\Jbarrett\Charlie\charlie\stimuli\visual\digit_symbol_delay\sym5.bmp,9,16451
5,4392,digit_symbol_delay,5,1,C:\Users\Jbarrett\Charlie\charlie\stimuli\visual\digit_symbol_delay\sym1.bmp,2,4670
6,4392,digit_symbol_delay,6,9,C:\Users\Jbarrett\Charlie\charlie\stimuli\visual\digit_symbol_delay\sym9.bmp,7,11301
7,4392,digit_symbol_delay,7,2,C:\Users\Jbarrett\Charlie\charlie\stimuli\visual\digit_symbol_delay\sym2.bmp,1,1840
8,4392,digit_symbol_delay,8,3,C:\Users\Jbarrett\Charlie\charlie\stimuli\visual\digit_symbol_delay\sym3.bmp,2,4090
0,4393,digit_symbol_delay,0,6,c:\Charlie\charlie\stimuli\visual\digit_symbol_delay\sym6.bmp,6,9591
1,4393,digit_symbol_delay,1,7,c:\Charlie\charlie\stimuli\visual\digit_symbol_delay\sym7.bmp,7,4260
2,4393,digit_symbol_delay,2,4,c:\Charlie\charlie\stimuli\visual\digit_symbol_delay\sym4.bmp,4,3430
3,4393,digit_symbol_delay,3,8,c:\Charlie\charlie\stimuli\visual\digit_symbol_delay\sym8.bmp,8,2470
4,4393,digit_symbol_delay,4,5,c:\Charlie\charlie\stimuli\visual\digit_symbol_delay\sym5.bmp,2,5680
5,4393,digit_symbol_delay,5,1,c:\Charlie\charlie\stimuli\visual\digit_symbol_delay\sym1.bmp,9,3901
6,4393,digit_symbol_delay,6,9,c:\Charlie\charlie\stimuli\visual\digit_symbol_delay\sym9.bmp,9,1330
7,4393,digit_symbol_delay,7,2,c:\Charlie\charlie\stimuli\visual\digit_symbol_delay\sym2.bmp,2,1840
8,4393,digit_symbol_delay,8,3,c:\Charlie\charlie\stimuli\visual\digit_symbol_delay\sym3.bmp,3,1140
0,4394,digit_symbol_delay,0,6,c:\Charlie\charlie\stimuli\visual\digit_symbol_delay\sym6.bmp,6,2110
1,4394,digit_symbol_delay,1,7,c:\Charlie\charlie\stimuli\visual\digit_symbol_delay\sym7.bmp,7,2641
2,4394,digit_symbol_delay,2,4,c:\Charlie\charlie\stimuli\visual\digit_symbol_delay\sym4.bmp,4,1610
3,4394,digit_symbol_delay,3,8,c:\Charlie\charlie\stimuli\visual\digit_symbol_delay\sym8.bmp,8,1420
4,4394,digit_symbol_delay,4,5,c:\Charlie\charlie\stimuli\visual\digit_symbol_delay\sym5.bmp,5,1450
5,4394,digit_symbol_delay,5,1,c:\Charlie\charlie\stimuli\visual\digit_symbol_delay\sym1.bmp,1,1290
6,4394,digit_symbol_delay,6,9,c:\Charlie\charlie\stimuli\visual\digit_symbol_delay\sym9.bmp,9,470
7,4394,digit_symbol_delay,7,2,c:\Charlie\charlie\stimuli\visual\digit_symbol_delay\sym2.bmp,2,2100
8,4394,digit_symbol_delay,8,3,c:\Charlie\charlie\stimuli\visual\digit_symbol_delay\sym3.bmp,3,1120
0,4395,digit_symbol_delay,0,6,c:\Charlie\charlie\stimuli\visual\digit_symbol_delay\sym6.bmp,3,5741
1,4395,digit_symbol_delay,1,7,c:\Charlie\charlie\stimuli\visual\digit_symbol_delay\sym7.bmp,7,4020
2,4395,digit_symbol_delay,2,4,c:\Charlie\charlie\stimuli\visual\digit_symbol_delay\sym4.bmp,5,1590
3,4395,digit_symbol_delay,3,8,c:\Charlie\charlie\stimuli\visual\digit_symbol_delay\sym8.bmp,8,1541
4,4395,digit_symbol_delay,4,5,c:\Charlie\charlie\stimuli\visual\digit_symbol_delay\sym5.bmp,8,2560
5,4395,digit_symbol_delay,5,1,c:\Charlie\charlie\stimuli\visual\digit_symbol_delay\sym1.bmp,3,2210
6,4395,digit_symbol_delay,6,9,c:\Charlie\charlie\stimuli\visual\digit_symbol_delay\sym9.bmp,9,2510
7,4395,digit_symbol_delay,7,2,c:\Charlie\charlie\stimuli\visual\digit_symbol_delay\sym2.bmp,2,1660
8,4395,digit_symbol_delay,8,3,c:\Charlie\charlie\stimuli\visual\digit_symbol_delay\sym3.bmp,3,1590
0,4396,digit_symbol_delay,0,6,c:\Charlie\charlie\stimuli\visual\digit_symbol_delay\sym6.bmp,4,3311
1,4396,digit_symbol_delay,1,7,c:\Charlie\charlie\stimuli\visual\digit_symbol_delay\sym7.bmp,3,4490
2,4396,digit_symbol_delay,2,4,c:\Charlie\charlie\stimuli\visual\digit_symbol_delay\sym4.bmp,6,1390
3,4396,digit_symbol_delay,3,8,c:\Charlie\charlie\stimuli\visual\digit_symbol_delay\sym8.bmp,7,1040
4,4396,digit_symbol_delay,4,5,c:\Charlie\charlie\stimuli\visual\digit_symbol_delay\sym5.bmp,8,1980
5,4396,digit_symbol_delay,5,1,c:\Charlie\charlie\stimuli\visual\digit_symbol_delay\sym1.bmp,2,1200
6,4396,digit_symbol_delay,6,9,c:\Charlie\charlie\stimuli\visual\digit_symbol_delay\sym9.bmp,4,1470
7,4396,digit_symbol_delay,7,2,c:\Charlie\charlie\stimuli\visual\digit_symbol_delay\sym2.bmp,7,2940
8,4396,digit_symbol_delay,8,3,c:\Charlie\charlie\stimuli\visual\digit_symbol_delay\sym3.bmp,6,2160
0,4397,digit_symbol_delay,0,6,C:\Users\Jbarrett\Charlie\charlie\stimuli\visual\digit_symbol_delay\sym6.bmp,6,15621
1,4397,digit_symbol_delay,1,7,C:\Users\Jbarrett\Charlie\charlie\stimuli\visual\digit_symbol_delay\sym7.bmp,7,1850
2,4397,digit_symbol_delay,2,4,C:\Users\Jbarrett\Charlie\charlie\stimuli\visual\digit_symbol_delay\sym4.bmp,4,2270
3,4397,digit_symbol_delay,3,8,C:\Users\Jbarrett\Charlie\charlie\stimuli\visual\digit_symbol_delay\sym8.bmp,8,1420
4,4397,digit_symbol_delay,4,5,C:\Users\Jbarrett\Charlie\charlie\stimuli\visual\digit_symbol_delay\sym5.bmp,9,1480
5,4397,digit_symbol_delay,5,1,C:\Users\Jbarrett\Charlie\charlie\stimuli\visual\digit_symbol_delay\sym1.bmp,1,1470
6,4397,digit_symbol_delay,6,9,C:\Users\Jbarrett\Charlie\charlie\stimuli\visual\digit_symbol_delay\sym9.bmp,9,2420
7,4397,digit_symbol_delay,7,2,C:\Users\Jbarrett\Charlie\charlie\stimuli\visual\digit_symbol_delay\sym2.bmp,2,2080
8,4397,digit_symbol_delay,8,3,C:\Users\Jbarrett\Charlie\charlie\stimuli\visual\digit_symbol_delay\sym3.bmp,3,1480
0,4398,digit_symbol_delay,0,6,c:\Charlie\charlie\stimuli\visual\digit_symbol_delay\sym6.bmp,6,5580
1,4398,digit_symbol_delay,1,7,c:\Charlie\charlie\stimuli\visual\digit_symbol_delay\sym7.bmp,5,3890
2,4398,digit_symbol_delay,2,4,c:\Charlie\charlie\stimuli\visual\digit_symbol_delay\sym4.bmp,7,2840
3,4398,digit_symbol_delay,3,8,c:\Charlie\charlie\stimuli\visual\digit_symbol_delay\sym8.bmp,8,2481
4,4398,digit_symbol_delay,4,5,c:\Charlie\charlie\stimuli\visual\digit_symbol_delay\sym5.bmp,5,2601
5,4398,digit_symbol_delay,5,1,c:\Charlie\charlie\stimuli\visual\digit_symbol_delay\sym1.bmp,6,5210
6,4398,digit_symbol_delay,6,9,c:\Charlie\charlie\stimuli\visual\digit_symbol_delay\sym9.bmp,9,1530
7,4398,digit_symbol_delay,7,2,c:\Charlie\charlie\stimuli\visual\digit_symbol_delay\sym2.bmp,2,1790
8,4398,digit_symbol_delay,8,3,c:\Charlie\charlie\stimuli\visual\digit_symbol_delay\sym3.bmp,3,1210
0,4401,digit_symbol_delay,0,6,C:\Users\Jbarrett\Charlie\charlie\stimuli\visual\digit_symbol_delay\sym6.bmp,6,20111
1,4401,digit_symbol_delay,1,7,C:\Users\Jbarrett\Charlie\charlie\stimuli\visual\digit_symbol_delay\sym7.bmp,5,1410
2,4401,digit_symbol_delay,2,4,C:\Users\Jbarrett\Charlie\charlie\stimuli\visual\digit_symbol_delay\sym4.bmp,4,2750
3,4401,digit_symbol_delay,3,8,C:\Users\Jbarrett\Charlie\charlie\stimuli\visual\digit_symbol_delay\sym8.bmp,8,2031
4,4401,digit_symbol_delay,4,5,C:\Users\Jbarrett\Charlie\charlie\stimuli\visual\digit_symbol_delay\sym5.bmp,5,3470
5,4401,digit_symbol_delay,5,1,C:\Users\Jbarrett\Charlie\charlie\stimuli\visual\digit_symbol_delay\sym1.bmp,1,4760
6,4401,digit_symbol_delay,6,9,C:\Users\Jbarrett\Charlie\charlie\stimuli\visual\digit_symbol_delay\sym9.bmp,7,3160
7,4401,digit_symbol_delay,7,2,C:\Users\Jbarrett\Charlie\charlie\stimuli\visual\digit_symbol_delay\sym2.bmp,2,1670
8,4401,digit_symbol_delay,8,3,C:\Users\Jbarrett\Charlie\charlie\stimuli\visual\digit_symbol_delay\sym3.bmp,3,2490
0,4402,digit_symbol_delay,0,6,C:\Users\Jbarrett\Charlie\charlie\stimuli\visual\digit_symbol_delay\sym6.bmp,1,16520
1,4402,digit_symbol_delay,1,7,C:\Users\Jbarrett\Charlie\charlie\stimuli\visual\digit_symbol_delay\sym7.bmp,5,8021
2,4402,digit_symbol_delay,2,4,C:\Users\Jbarrett\Charlie\charlie\stimuli\visual\digit_symbol_delay\sym4.bmp,4,2050
3,4402,digit_symbol_delay,3,8,C:\Users\Jbarrett\Charlie\charlie\stimuli\visual\digit_symbol_delay\sym8.bmp,8,2070
4,4402,digit_symbol_delay,4,5,C:\Users\Jbarrett\Charlie\charlie\stimuli\visual\digit_symbol_delay\sym5.bmp,9,1180
5,4402,digit_symbol_delay,5,1,C:\Users\Jbarrett\Charlie\charlie\stimuli\visual\digit_symbol_delay\sym1.bmp,2,7631
6,4402,digit_symbol_delay,6,9,C:\Users\Jbarrett\Charlie\charlie\stimuli\visual\digit_symbol_delay\sym9.bmp,9,2021
7,4402,digit_symbol_delay,7,2,C:\Users\Jbarrett\Charlie\charlie\stimuli\visual\digit_symbol_delay\sym2.bmp,1,1810
8,4402,digit_symbol_delay,8,3,C:\Users\Jbarrett\Charlie\charlie\stimuli\visual\digit_symbol_delay\sym3.bmp,8,7470
0,4403,digit_symbol_delay,0,6,C:\Users\Jbarrett\Charlie\charlie\stimuli\visual\digit_symbol_delay\sym6.bmp,6,6270
1,4403,digit_symbol_delay,1,7,C:\Users\Jbarrett\Charlie\charlie\stimuli\visual\digit_symbol_delay\sym7.bmp,8,8801
2,4403,digit_symbol_delay,2,4,C:\Users\Jbarrett\Charlie\charlie\stimuli\visual\digit_symbol_delay\sym4.bmp,5,5170
3,4403,digit_symbol_delay,3,8,C:\Users\Jbarrett\Charlie\charlie\stimuli\visual\digit_symbol_delay\sym8.bmp,4,4900
4,4403,digit_symbol_delay,4,5,C:\Users\Jbarrett\Charlie\charlie\stimuli\visual\digit_symbol_delay\sym5.bmp,3,5891
5,4403,digit_symbol_delay,5,1,C:\Users\Jbarrett\Charlie\charlie\stimuli\visual\digit_symbol_delay\sym1.bmp,1,4330
6,4403,digit_symbol_delay,6,9,C:\Users\Jbarrett\Charlie\charlie\stimuli\visual\digit_symbol_delay\sym9.bmp,2,5710
7,4403,digit_symbol_delay,7,2,C:\Users\Jbarrett\Charlie\charlie\stimuli\visual\digit_symbol_delay\sym2.bmp,7,11121
8,4403,digit_symbol_delay,8,3,C:\Users\Jbarrett\Charlie\charlie\stimuli\visual\digit_symbol_delay\sym3.bmp,9,7010
0,4404,digit_symbol_delay,0,6,c:\Charlie\charlie\stimuli\visual\digit_symbol_delay\sym6.bmp,5,4511
1,4404,digit_symbol_delay,1,7,c:\Charlie\charlie\stimuli\visual\digit_symbol_delay\sym7.bmp,7,2020
2,4404,digit_symbol_delay,2,4,c:\Charlie\charlie\stimuli\visual\digit_symbol_delay\sym4.bmp,5,3320
3,4404,digit_symbol_delay,3,8,c:\Charlie\charlie\stimuli\visual\digit_symbol_delay\sym8.bmp,8,1850
4,4404,digit_symbol_delay,4,5,c:\Charlie\charlie\stimuli\visual\digit_symbol_delay\sym5.bmp,4,2610
5,4404,digit_symbol_delay,5,1,c:\Charlie\charlie\stimuli\visual\digit_symbol_delay\sym1.bmp,1,1120
6,4404,digit_symbol_delay,6,9,c:\Charlie\charlie\stimuli\visual\digit_symbol_delay\sym9.bmp,9,1730
7,4404,digit_symbol_delay,7,2,c:\Charlie\charlie\stimuli\visual\digit_symbol_delay\sym2.bmp,2,2190
8,4404,digit_symbol_delay,8,3,c:\Charlie\charlie\stimuli\visual\digit_symbol_delay\sym3.bmp,4,2231
0,4409,digit_symbol_delay,0,6,C:\Users\Jbarrett\Charlie\charlie\stimuli\visual\digit_symbol_delay\sym6.bmp,6,4320
1,4409,digit_symbol_delay,1,7,C:\Users\Jbarrett\Charlie\charlie\stimuli\visual\digit_symbol_delay\sym7.bmp,7,15300
2,4409,digit_symbol_delay,2,4,C:\Users\Jbarrett\Charlie\charlie\stimuli\visual\digit_symbol_delay\sym4.bmp,9,11431
3,4409,digit_symbol_delay,3,8,C:\Users\Jbarrett\Charlie\charlie\stimuli\visual\digit_symbol_delay\sym8.bmp,8,4890
4,4409,digit_symbol_delay,4,5,C:\Users\Jbarrett\Charlie\charlie\stimuli\visual\digit_symbol_delay\sym5.bmp,5,5461
5,4409,digit_symbol_delay,5,1,C:\Users\Jbarrett\Charlie\charlie\stimuli\visual\digit_symbol_delay\sym1.bmp,3,3520
6,4409,digit_symbol_delay,6,9,C:\Users\Jbarrett\Charlie\charlie\stimuli\visual\digit_symbol_delay\sym9.bmp,2,2790
7,4409,digit_symbol_delay,7,2,C:\Users\Jbarrett\Charlie\charlie\stimuli\visual\digit_symbol_delay\sym2.bmp,2,3610
8,4409,digit_symbol_delay,8,3,C:\Users\Jbarrett\Charlie\charlie\stimuli\visual\digit_symbol_delay\sym3.bmp,3,2601
0,4411,digit_symbol_delay,0,6,c:\Charlie\charlie\stimuli\visual\digit_symbol_delay\sym6.bmp,2,57353
1,4411,digit_symbol_delay,1,7,c:\Charlie\charlie\stimuli\visual\digit_symbol_delay\sym7.bmp,4,2010
2,4411,digit_symbol_delay,2,4,c:\Charlie\charlie\stimuli\visual\digit_symbol_delay\sym4.bmp,7,2030
3,4411,digit_symbol_delay,3,8,c:\Charlie\charlie\stimuli\visual\digit_symbol_delay\sym8.bmp,4,920
4,4411,digit_symbol_delay,4,5,c:\Charlie\charlie\stimuli\visual\digit_symbol_delay\sym5.bmp,8,1380
5,4411,digit_symbol_delay,5,1,c:\Charlie\charlie\stimuli\visual\digit_symbol_delay\sym1.bmp,1,1520
6,4411,digit_symbol_delay,6,9,c:\Charlie\charlie\stimuli\visual\digit_symbol_delay\sym9.bmp,9,1220
7,4411,digit_symbol_delay,7,2,c:\Charlie\charlie\stimuli\visual\digit_symbol_delay\sym2.bmp,3,1381
8,4411,digit_symbol_delay,8,3,c:\Charlie\charlie\stimuli\visual\digit_symbol_delay\sym3.bmp,7,1660
0,4412,digit_symbol_delay,0,6,C:\Users\Jbarrett\Charlie\charlie\stimuli\visual\digit_symbol_delay\sym6.bmp,6,1740
1,4412,digit_symbol_delay,1,7,C:\Users\Jbarrett\Charlie\charlie\stimuli\visual\digit_symbol_delay\sym7.bmp,7,3270
2,4412,digit_symbol_delay,2,4,C:\Users\Jbarrett\Charlie\charlie\stimuli\visual\digit_symbol_delay\sym4.bmp,5,2040
3,4412,digit_symbol_delay,3,8,C:\Users\Jbarrett\Charlie\charlie\stimuli\visual\digit_symbol_delay\sym8.bmp,8,1940
4,4412,digit_symbol_delay,4,5,C:\Users\Jbarrett\Charlie\charlie\stimuli\visual\digit_symbol_delay\sym5.bmp,3,2830
5,4412,digit_symbol_delay,5,1,C:\Users\Jbarrett\Charlie\charlie\stimuli\visual\digit_symbol_delay\sym1.bmp,2,2931
6,4412,digit_symbol_delay,6,9,C:\Users\Jbarrett\Charlie\charlie\stimuli\visual\digit_symbol_delay\sym9.bmp,9,2800
7,4412,digit_symbol_delay,7,2,C:\Users\Jbarrett\Charlie\charlie\stimuli\visual\digit_symbol_delay\sym2.bmp,3,6490
8,4412,digit_symbol_delay,8,3,C:\Users\Jbarrett\Charlie\charlie\stimuli\visual\digit_symbol_delay\sym3.bmp,4,2390
0,4413,digit_symbol_delay,0,6,C:\Users\Jbarrett\Charlie\charlie\stimuli\visual\digit_symbol_delay\sym6.bmp,5,1120
1,4413,digit_symbol_delay,1,7,C:\Users\Jbarrett\Charlie\charlie\stimuli\visual\digit_symbol_delay\sym7.bmp,7,8851
2,4413,digit_symbol_delay,2,4,C:\Users\Jbarrett\Charlie\charlie\stimuli\visual\digit_symbol_delay\sym4.bmp,2,10310
3,4413,digit_symbol_delay,3,8,C:\Users\Jbarrett\Charlie\charlie\stimuli\visual\digit_symbol_delay\sym8.bmp,9,6081
4,4413,digit_symbol_delay,4,5,C:\Users\Jbarrett\Charlie\charlie\stimuli\visual\digit_symbol_delay\sym5.bmp,8,11460
5,4413,digit_symbol_delay,5,1,C:\Users\Jbarrett\Charlie\charlie\stimuli\visual\digit_symbol_delay\sym1.bmp,3,6351
6,4413,digit_symbol_delay,6,9,C:\Users\Jbarrett\Charlie\charlie\stimuli\visual\digit_symbol_delay\sym9.bmp,5,12280
7,4413,digit_symbol_delay,7,2,C:\Users\Jbarrett\Charlie\charlie\stimuli\visual\digit_symbol_delay\sym2.bmp,8,9741
8,4413,digit_symbol_delay,8,3,C:\Users\Jbarrett\Charlie\charlie\stimuli\visual\digit_symbol_delay\sym3.bmp,3,11861
0,A109,digit_symbol_delay,0,6,C:\Users\Jbarrett\Charlie\charlie\stimuli\visual\digit_symbol_delay\sym6.bmp,6,6550
1,A109,digit_symbol_delay,1,7,C:\Users\Jbarrett\Charlie\charlie\stimuli\visual\digit_symbol_delay\sym7.bmp,7,1791
2,A109,digit_symbol_delay,2,4,C:\Users\Jbarrett\Charlie\charlie\stimuli\visual\digit_symbol_delay\sym4.bmp,4,1260
3,A109,digit_symbol_delay,3,8,C:\Users\Jbarrett\Charlie\charlie\stimuli\visual\digit_symbol_delay\sym8.bmp,8,3840
4,A109,digit_symbol_delay,4,5,C:\Users\Jbarrett\Charlie\charlie\stimuli\visual\digit_symbol_delay\sym5.bmp,7,13221
5,A109,digit_symbol_delay,5,1,C:\Users\Jbarrett\Charlie\charlie\stimuli\visual\digit_symbol_delay\sym1.bmp,1,1050
6,A109,digit_symbol_delay,6,9,C:\Users\Jbarrett\Charlie\charlie\stimuli\visual\digit_symbol_delay\sym9.bmp,9,1430
7,A109,digit_symbol_delay,7,2,C:\Users\Jbarrett\Charlie\charlie\stimuli\visual\digit_symbol_delay\sym2.bmp,2,900
8,A109,digit_symbol_delay,8,3,C:\Users\Jbarrett\Charlie\charlie\stimuli\visual\digit_symbol_delay\sym3.bmp,3,1070
0,A110,digit_symbol_delay,0,6,C:\Users\Jbarrett\Charlie\charlie\stimuli\visual\digit_symbol_delay\sym6.bmp,4,10591
1,A110,digit_symbol_delay,1,7,C:\Users\Jbarrett\Charlie\charlie\stimuli\visual\digit_symbol_delay\sym7.bmp,5,1970
2,A110,digit_symbol_delay,2,4,C:\Users\Jbarrett\Charlie\charlie\stimuli\visual\digit_symbol_delay\sym4.bmp,6,1700
3,A110,digit_symbol_delay,3,8,C:\Users\Jbarrett\Charlie\charlie\stimuli\visual\digit_symbol_delay\sym8.bmp,7,5950
4,A110,digit_symbol_delay,4,5,C:\Users\Jbarrett\Charlie\charlie\stimuli\visual\digit_symbol_delay\sym5.bmp,9,1630
5,A110,digit_symbol_delay,5,1,C:\Users\Jbarrett\Charlie\charlie\stimuli\visual\digit_symbol_delay\sym1.bmp,1,3241
6,A110,digit_symbol_delay,6,9,C:\Users\Jbarrett\Charlie\charlie\stimuli\visual\digit_symbol_delay\sym9.bmp,7,2050
7,A110,digit_symbol_delay,7,2,C:\Users\Jbarrett\Charlie\charlie\stimuli\visual\digit_symbol_delay\sym2.bmp,2,2010
8,A110,digit_symbol_delay,8,3,C:\Users\Jbarrett\Charlie\charlie\stimuli\visual\digit_symbol_delay\sym3.bmp,3,440
0,C102,digit_symbol_delay,0,6,C:\Users\Jbarrett\Charlie\charlie\stimuli\visual\digit_symbol_delay\sym6.bmp,3,8620
1,C102,digit_symbol_delay,1,7,C:\Users\Jbarrett\Charlie\charlie\stimuli\visual\digit_symbol_delay\sym7.bmp,7,1700
2,C102,digit_symbol_delay,2,4,C:\Users\Jbarrett\Charlie\charlie\stimuli\visual\digit_symbol_delay\sym4.bmp,4,1910
3,C102,digit_symbol_delay,3,8,C:\Users\Jbarrett\Charlie\charlie\stimuli\visual\digit_symbol_delay\sym8.bmp,5,2931
4,C102,digit_symbol_delay,4,5,C:\Users\Jbarrett\Charlie\charlie\stimuli\visual\digit_symbol_delay\sym5.bmp,1,4170
5,C102,digit_symbol_delay,5,1,C:\Users\Jbarrett\Charlie\charlie\stimuli\visual\digit_symbol_delay\sym1.bmp,2,7840
6,C102,digit_symbol_delay,6,9,C:\Users\Jbarrett\Charlie\charlie\stimuli\visual\digit_symbol_delay\sym9.bmp,9,1460
7,C102,digit_symbol_delay,7,2,C:\Users\Jbarrett\Charlie\charlie\stimuli\visual\digit_symbol_delay\sym2.bmp,8,5111
8,C102,digit_symbol_delay,8,3,C:\Users\Jbarrett\Charlie\charlie\stimuli\visual\digit_symbol_delay\sym3.bmp,3,1790
0,F104,digit_symbol_delay,0,6,C:\Users\Jbarrett\Charlie\charlie\stimuli\visual\digit_symbol_delay\sym6.bmp,6,8111
1,F104,digit_symbol_delay,1,7,C:\Users\Jbarrett\Charlie\charlie\stimuli\visual\digit_symbol_delay\sym7.bmp,7,2660
2,F104,digit_symbol_delay,2,4,C:\Users\Jbarrett\Charlie\charlie\stimuli\visual\digit_symbol_delay\sym4.bmp,4,4470
3,F104,digit_symbol_delay,3,8,C:\Users\Jbarrett\Charlie\charlie\stimuli\visual\digit_symbol_delay\sym8.bmp,8,1290
4,F104,digit_symbol_delay,4,5,C:\Users\Jbarrett\Charlie\charlie\stimuli\visual\digit_symbol_delay\sym5.bmp,5,6661
5,F104,digit_symbol_delay,5,1,C:\Users\Jbarrett\Charlie\charlie\stimuli\visual\digit_symbol_delay\sym1.bmp,1,1470
6,F104,digit_symbol_delay,6,9,C:\Users\Jbarrett\Charlie\charlie\stimuli\visual\digit_symbol_delay\sym9.bmp,9,2420
7,F104,digit_symbol_delay,7,2,C:\Users\Jbarrett\Charlie\charlie\stimuli\visual\digit_symbol_delay\sym2.bmp,2,2990
8,F104,digit_symbol_delay,8,3,C:\Users\Jbarrett\Charlie\charlie\stimuli\visual\digit_symbol_delay\sym3.bmp,3,1610
0,J108,digit_symbol_delay,0,6,C:\Users\Jbarrett\Charlie\charlie\stimuli\visual\digit_symbol_delay\sym6.bmp,4,6660
1,J108,digit_symbol_delay,1,7,C:\Users\Jbarrett\Charlie\charlie\stimuli\visual\digit_symbol_delay\sym7.bmp,7,5640
2,J108,digit_symbol_delay,2,4,C:\Users\Jbarrett\Charlie\charlie\stimuli\visual\digit_symbol_delay\sym4.bmp,6,2650
3,J108,digit_symbol_delay,3,8,C:\Users\Jbarrett\Charlie\charlie\stimuli\visual\digit_symbol_delay\sym8.bmp,8,4321
4,J108,digit_symbol_delay,4,5,C:\Users\Jbarrett\Charlie\charlie\stimuli\visual\digit_symbol_delay\sym5.bmp,4,2630
5,J108,digit_symbol_delay,5,1,C:\Users\Jbarrett\Charlie\charlie\stimuli\visual\digit_symbol_delay\sym1.bmp,1,1650
6,J108,digit_symbol_delay,6,9,C:\Users\Jbarrett\Charlie\charlie\stimuli\visual\digit_symbol_delay\sym9.bmp,9,2540
7,J108,digit_symbol_delay,7,2,C:\Users\Jbarrett\Charlie\charlie\stimuli\visual\digit_symbol_delay\sym2.bmp,2,1440
8,J108,digit_symbol_delay,8,3,C:\Users\Jbarrett\Charlie\charlie\stimuli\visual\digit_symbol_delay\sym3.bmp,3,1250
0,K106,digit_symbol_delay,0,6,C:\Users\Jbarrett\Charlie\charlie\stimuli\visual\digit_symbol_delay\sym6.bmp,6,10260
1,K106,digit_symbol_delay,1,7,C:\Users\Jbarrett\Charlie\charlie\stimuli\visual\digit_symbol_delay\sym7.bmp,6,1120
2,K106,digit_symbol_delay,2,4,C:\Users\Jbarrett\Charlie\charlie\stimuli\visual\digit_symbol_delay\sym4.bmp,4,2160
3,K106,digit_symbol_delay,3,8,C:\Users\Jbarrett\Charlie\charlie\stimuli\visual\digit_symbol_delay\sym8.bmp,8,1651
4,K106,digit_symbol_delay,4,5,C:\Users\Jbarrett\Charlie\charlie\stimuli\visual\digit_symbol_delay\sym5.bmp,5,2220
5,K106,digit_symbol_delay,5,1,C:\Users\Jbarrett\Charlie\charlie\stimuli\visual\digit_symbol_delay\sym1.bmp,1,1380
6,K106,digit_symbol_delay,6,9,C:\Users\Jbarrett\Charlie\charlie\stimuli\visual\digit_symbol_delay\sym9.bmp,9,1330
7,K106,digit_symbol_delay,7,2,C:\Users\Jbarrett\Charlie\charlie\stimuli\visual\digit_symbol_delay\sym2.bmp,2,4600
8,K106,digit_symbol_delay,8,3,C:\Users\Jbarrett\Charlie\charlie\stimuli\visual\digit_symbol_delay\sym3.bmp,3,1380
0,KK107,digit_symbol_delay,0,6,C:\Users\Jbarrett\Charlie\charlie\stimuli\visual\digit_symbol_delay\sym6.bmp,3,15051
1,KK107,digit_symbol_delay,1,7,C:\Users\Jbarrett\Charlie\charlie\stimuli\visual\digit_symbol_delay\sym7.bmp,7,2610
2,KK107,digit_symbol_delay,2,4,C:\Users\Jbarrett\Charlie\charlie\stimuli\visual\digit_symbol_delay\sym4.bmp,6,1700
3,KK107,digit_symbol_delay,3,8,C:\Users\Jbarrett\Charlie\charlie\stimuli\visual\digit_symbol_delay\sym8.bmp,8,1480
4,KK107,digit_symbol_delay,4,5,C:\Users\Jbarrett\Charlie\charlie\stimuli\visual\digit_symbol_delay\sym5.bmp,9,1640
5,KK107,digit_symbol_delay,5,1,C:\Users\Jbarrett\Charlie\charlie\stimuli\visual\digit_symbol_delay\sym1.bmp,1,1410
6,KK107,digit_symbol_delay,6,9,C:\Users\Jbarrett\Charlie\charlie\stimuli\visual\digit_symbol_delay\sym9.bmp,2,1300
7,KK107,digit_symbol_delay,7,2,C:\Users\Jbarrett\Charlie\charlie\stimuli\visual\digit_symbol_delay\sym2.bmp,2,1591
8,KK107,digit_symbol_delay,8,3,C:\Users\Jbarrett\Charlie\charlie\stimuli\visual\digit_symbol_delay\sym3.bmp,4,3870
0,L105,digit_symbol_delay,0,6,C:\Users\Jbarrett\Charlie\charlie\stimuli\visual\digit_symbol_delay\sym6.bmp,6,9782
1,L105,digit_symbol_delay,1,7,C:\Users\Jbarrett\Charlie\charlie\stimuli\visual\digit_symbol_delay\sym7.bmp,7,2240
2,L105,digit_symbol_delay,2,4,C:\Users\Jbarrett\Charlie\charlie\stimuli\visual\digit_symbol_delay\sym4.bmp,4,1311
3,L105,digit_symbol_delay,3,8,C:\Users\Jbarrett\Charlie\charlie\stimuli\visual\digit_symbol_delay\sym8.bmp,8,1320
4,L105,digit_symbol_delay,4,5,C:\Users\Jbarrett\Charlie\charlie\stimuli\visual\digit_symbol_delay\sym5.bmp,5,4240
5,L105,digit_symbol_delay,5,1,C:\Users\Jbarrett\Charlie\charlie\stimuli\visual\digit_symbol_delay\sym1.bmp,1,1180
6,L105,digit_symbol_delay,6,9,C:\Users\Jbarrett\Charlie\charlie\stimuli\visual\digit_symbol_delay\sym9.bmp,9,1570
7,L105,digit_symbol_delay,7,2,C:\Users\Jbarrett\Charlie\charlie\stimuli\visual\digit_symbol_delay\sym2.bmp,2,1320
8,L105,digit_symbol_delay,8,3,C:\Users\Jbarrett\Charlie\charlie\stimuli\visual\digit_symbol_delay\sym3.bmp,3,1110
0,R101,digit_symbol_delay,0,6,C:\Users\Jbarrett\Charlie\charlie\stimuli\visual\digit_symbol_delay\sym6.bmp,6,5300
1,R101,digit_symbol_delay,1,7,C:\Users\Jbarrett\Charlie\charlie\stimuli\visual\digit_symbol_delay\sym7.bmp,7,3540
2,R101,digit_symbol_delay,2,4,C:\Users\Jbarrett\Charlie\charlie\stimuli\visual\digit_symbol_delay\sym4.bmp,4,7391
3,R101,digit_symbol_delay,3,8,C:\Users\Jbarrett\Charlie\charlie\stimuli\visual\digit_symbol_delay\sym8.bmp,8,4404
4,R101,digit_symbol_delay,4,5,C:\Users\Jbarrett\Charlie\charlie\stimuli\visual\digit_symbol_delay\sym5.bmp,7,4759
5,R101,digit_symbol_delay,5,1,C:\Users\Jbarrett\Charlie\charlie\stimuli\visual\digit_symbol_delay\sym1.bmp,1,1411
6,R101,digit_symbol_delay,6,9,C:\Users\Jbarrett\Charlie\charlie\stimuli\visual\digit_symbol_delay\sym9.bmp,7,4120
7,R101,digit_symbol_delay,7,2,C:\Users\Jbarrett\Charlie\charlie\stimuli\visual\digit_symbol_delay\sym2.bmp,2,1420
8,R101,digit_symbol_delay,8,3,C:\Users\Jbarrett\Charlie\charlie\stimuli\visual\digit_symbol_delay\sym3.bmp,3,1070
0,S103,digit_symbol_delay,0,6,C:\Users\Jbarrett\Charlie\charlie\stimuli\visual\digit_symbol_delay\sym6.bmp,6,2640
1,S103,digit_symbol_delay,1,7,C:\Users\Jbarrett\Charlie\charlie\stimuli\visual\digit_symbol_delay\sym7.bmp,7,1600
2,S103,digit_symbol_delay,2,4,C:\Users\Jbarrett\Charlie\charlie\stimuli\visual\digit_symbol_delay\sym4.bmp,4,1490
3,S103,digit_symbol_delay,3,8,C:\Users\Jbarrett\Charlie\charlie\stimuli\visual\digit_symbol_delay\sym8.bmp,8,1460
4,S103,digit_symbol_delay,4,5,C:\Users\Jbarrett\Charlie\charlie\stimuli\visual\digit_symbol_delay\sym5.bmp,3,2900
5,S103,digit_symbol_delay,5,1,C:\Users\Jbarrett\Charlie\charlie\stimuli\visual\digit_symbol_delay\sym1.bmp,2,3321
6,S103,digit_symbol_delay,6,9,C:\Users\Jbarrett\Charlie\charlie\stimuli\visual\digit_symbol_delay\sym9.bmp,9,1330
7,S103,digit_symbol_delay,7,2,C:\Users\Jbarrett\Charlie\charlie\stimuli\visual\digit_symbol_delay\sym2.bmp,2,1750
8,S103,digit_symbol_delay,8,3,C:\Users\Jbarrett\Charlie\charlie\stimuli\visual\digit_symbol_delay\sym3.bmp,3,1360
