proband_id,test_name,trialn,ans,f,rsp,rt
4273,digit_symbol_delay,0,6,C:\Users\Jbarrett\Charlie\charlie\stimuli\visual\digit_symbol_delay\sym6.bmp,5,13291
4273,digit_symbol_delay,1,7,C:\Users\Jbarrett\Charlie\charlie\stimuli\visual\digit_symbol_delay\sym7.bmp,8,2050
4273,digit_symbol_delay,2,4,C:\Users\Jbarrett\Charlie\charlie\stimuli\visual\digit_symbol_delay\sym4.bmp,2,1630
4273,digit_symbol_delay,3,8,C:\Users\Jbarrett\Charlie\charlie\stimuli\visual\digit_symbol_delay\sym8.bmp,4,1760
4273,digit_symbol_delay,4,5,C:\Users\Jbarrett\Charlie\charlie\stimuli\visual\digit_symbol_delay\sym5.bmp,6,1940
4273,digit_symbol_delay,5,1,C:\Users\Jbarrett\Charlie\charlie\stimuli\visual\digit_symbol_delay\sym1.bmp,8,1361
4273,digit_symbol_delay,6,9,C:\Users\Jbarrett\Charlie\charlie\stimuli\visual\digit_symbol_delay\sym9.bmp,9,1600
4273,digit_symbol_delay,7,2,C:\Users\Jbarrett\Charlie\charlie\stimuli\visual\digit_symbol_delay\sym2.bmp,1,1870
4273,digit_symbol_delay,8,3,C:\Users\Jbarrett\Charlie\charlie\stimuli\visual\digit_symbol_delay\sym3.bmp,2,2460
4307,digit_symbol_delay,0,6,C:\Users\Jbarrett\Charlie\charlie\stimuli\visual\digit_symbol_delay\sym6.bmp,5,9421
4307,digit_symbol_delay,1,7,C:\Users\Jbarrett\Charlie\charlie\stimuli\visual\digit_symbol_delay\sym7.bmp,7,3650
4307,digit_symbol_delay,2,4,C:\Users\Jbarrett\Charlie\charlie\stimuli\visual\digit_symbol_delay\sym4.bmp,8,4020
4307,digit_symbol_delay,3,8,C:\Users\Jbarrett\Charlie\charlie\stimuli\visual\digit_symbol_delay\sym8.bmp,8,1060
4307,digit_symbol_delay,4,5,C:\Users\Jbarrett\Charlie\charlie\stimuli\visual\digit_symbol_delay\sym5.bmp,3,1010
4307,digit_symbol_delay,5,1,C:\Users\Jbarrett\Charlie\charlie\stimuli\visual\digit_symbol_delay\sym1.bmp,4,1821
4307,digit_symbol_delay,6,9,C:\Users\Jbarrett\Charlie\charlie\stimuli\visual\digit_symbol_delay\sym9.bmp,5,1770
4307,digit_symbol_delay,7,2,C:\Users\Jbarrett\Charlie\charlie\stimuli\visual\digit_symbol_delay\sym2.bmp,2,5510
4307,digit_symbol_delay,8,3,C:\Users\Jbarrett\Charlie\charlie\stimuli\visual\digit_symbol_delay\sym3.bmp,9,2280
4346,digit_symbol_delay,0,6,C:\Users\Jbarrett\Charlie\charlie\stimuli\visual\digit_symbol_delay\sym6.bmp,4,11471
4346,digit_symbol_delay,1,7,C:\Users\Jbarrett\Charlie\charlie\stimuli\visual\digit_symbol_delay\sym7.bmp,4,2810
4346,digit_symbol_delay,2,4,C:\Users\Jbarrett\Charlie\charlie\stimuli\visual\digit_symbol_delay\sym4.bmp,6,10911
4346,digit_symbol_delay,3,8,C:\Users\Jbarrett\Charlie\charlie\stimuli\visual\digit_symbol_delay\sym8.bmp,7,2350
4346,digit_symbol_delay,4,5,C:\Users\Jbarrett\Charlie\charlie\stimuli\visual\digit_symbol_delay\sym5.bmp,8,2260
4346,digit_symbol_delay,5,1,C:\Users\Jbarrett\Charlie\charlie\stimuli\visual\digit_symbol_delay\sym1.bmp,1,2540
4346,digit_symbol_delay,6,9,C:\Users\Jbarrett\Charlie\charlie\stimuli\visual\digit_symbol_delay\sym9.bmp,9,2390
4346,digit_symbol_delay,7,2,C:\Users\Jbarrett\Charlie\charlie\stimuli\visual\digit_symbol_delay\sym2.bmp,1,2180
4346,digit_symbol_delay,8,3,C:\Users\Jbarrett\Charlie\charlie\stimuli\visual\digit_symbol_delay\sym3.bmp,3,2210
4365,digit_symbol_delay,0,6,c:\Charlie\charlie\stimuli\visual\digit_symbol_delay\sym6.bmp,5,4560
4365,digit_symbol_delay,1,7,c:\Charlie\charlie\stimuli\visual\digit_symbol_delay\sym7.bmp,7,3430
4365,digit_symbol_delay,2,4,c:\Charlie\charlie\stimuli\visual\digit_symbol_delay\sym4.bmp,4,3261
4365,digit_symbol_delay,3,8,c:\Charlie\charlie\stimuli\visual\digit_symbol_delay\sym8.bmp,8,3970
4365,digit_symbol_delay,4,5,c:\Charlie\charlie\stimuli\visual\digit_symbol_delay\sym5.bmp,3,3560
4365,digit_symbol_delay,5,1,c:\Charlie\charlie\stimuli\visual\digit_symbol_delay\sym1.bmp,2,4400
4365,digit_symbol_delay,6,9,c:\Charlie\charlie\stimuli\visual\digit_symbol_delay\sym9.bmp,9,2110
4365,digit_symbol_delay,7,2,c:\Charlie\charlie\stimuli\visual\digit_symbol_delay\sym2.bmp,2,2581
4365,digit_symbol_delay,8,3,c:\Charlie\charlie\stimuli\visual\digit_symbol_delay\sym3.bmp,3,1640
4367,digit_symbol_delay,0,6,c:\Charlie\charlie\stimuli\visual\digit_symbol_delay\sym6.bmp,4,28532
4367,digit_symbol_delay,1,7,c:\Charlie\charlie\stimuli\visual\digit_symbol_delay\sym7.bmp,6,5780
4367,digit_symbol_delay,2,4,c:\Charlie\charlie\stimuli\visual\digit_symbol_delay\sym4.bmp,3,5431
4367,digit_symbol_delay,3,8,c:\Charlie\charlie\stimuli\visual\digit_symbol_delay\sym8.bmp,7,3940
4367,digit_symbol_delay,4,5,c:\Charlie\charlie\stimuli\visual\digit_symbol_delay\sym5.bmp,5,4030
4367,digit_symbol_delay,5,1,c:\Charlie\charlie\stimuli\visual\digit_symbol_delay\sym1.bmp,1,7131
4367,digit_symbol_delay,6,9,c:\Charlie\charlie\stimuli\visual\digit_symbol_delay\sym9.bmp,3,3690
4367,digit_symbol_delay,7,2,c:\Charlie\charlie\stimuli\visual\digit_symbol_delay\sym2.bmp,6,2730
4367,digit_symbol_delay,8,3,c:\Charlie\charlie\stimuli\visual\digit_symbol_delay\sym3.bmp,4,2460
4368,digit_symbol_delay,0,6,C:\Users\Jbarrett\Charlie\charlie\stimuli\visual\digit_symbol_delay\sym6.bmp,6,560
4368,digit_symbol_delay,1,7,C:\Users\Jbarrett\Charlie\charlie\stimuli\visual\digit_symbol_delay\sym7.bmp,7,850
4368,digit_symbol_delay,2,4,C:\Users\Jbarrett\Charlie\charlie\stimuli\visual\digit_symbol_delay\sym4.bmp,6,4880
4368,digit_symbol_delay,3,8,C:\Users\Jbarrett\Charlie\charlie\stimuli\visual\digit_symbol_delay\sym8.bmp,8,720
4368,digit_symbol_delay,4,5,C:\Users\Jbarrett\Charlie\charlie\stimuli\visual\digit_symbol_delay\sym5.bmp,4,4001
4368,digit_symbol_delay,5,1,C:\Users\Jbarrett\Charlie\charlie\stimuli\visual\digit_symbol_delay\sym1.bmp,3,4000
4368,digit_symbol_delay,6,9,C:\Users\Jbarrett\Charlie\charlie\stimuli\visual\digit_symbol_delay\sym9.bmp,6,4680
4368,digit_symbol_delay,7,2,C:\Users\Jbarrett\Charlie\charlie\stimuli\visual\digit_symbol_delay\sym2.bmp,2,4200
4368,digit_symbol_delay,8,3,C:\Users\Jbarrett\Charlie\charlie\stimuli\visual\digit_symbol_delay\sym3.bmp,3,400
4369,digit_symbol_delay,0,6,C:\Users\Jbarrett\Charlie\charlie\stimuli\visual\digit_symbol_delay\sym6.bmp,6,10101
4369,digit_symbol_delay,1,7,C:\Users\Jbarrett\Charlie\charlie\stimuli\visual\digit_symbol_delay\sym7.bmp,7,1960
4369,digit_symbol_delay,2,4,C:\Users\Jbarrett\Charlie\charlie\stimuli\visual\digit_symbol_delay\sym4.bmp,4,1500
4369,digit_symbol_delay,3,8,C:\Users\Jbarrett\Charlie\charlie\stimuli\visual\digit_symbol_delay\sym8.bmp,8,1330
4369,digit_symbol_delay,4,5,C:\Users\Jbarrett\Charlie\charlie\stimuli\visual\digit_symbol_delay\sym5.bmp,9,1800
4369,digit_symbol_delay,5,1,C:\Users\Jbarrett\Charlie\charlie\stimuli\visual\digit_symbol_delay\sym1.bmp,1,2651
4369,digit_symbol_delay,6,9,C:\Users\Jbarrett\Charlie\charlie\stimuli\visual\digit_symbol_delay\sym9.bmp,6,1770
4369,digit_symbol_delay,7,2,C:\Users\Jbarrett\Charlie\charlie\stimuli\visual\digit_symbol_delay\sym2.bmp,4,1990
4369,digit_symbol_delay,8,3,C:\Users\Jbarrett\Charlie\charlie\stimuli\visual\digit_symbol_delay\sym3.bmp,1,490
4370,digit_symbol_delay,0,6,C:\Users\Jbarrett\Charlie\charlie\stimuli\visual\digit_symbol_delay\sym6.bmp,8,7630
4370,digit_symbol_delay,1,7,C:\Users\Jbarrett\Charlie\charlie\stimuli\visual\digit_symbol_delay\sym7.bmp,4,10771
4370,digit_symbol_delay,2,4,C:\Users\Jbarrett\Charlie\charlie\stimuli\visual\digit_symbol_delay\sym4.bmp,6,9750
4370,digit_symbol_delay,3,8,C:\Users\Jbarrett\Charlie\charlie\stimuli\visual\digit_symbol_delay\sym8.bmp,9,4761
4370,digit_symbol_delay,4,5,C:\Users\Jbarrett\Charlie\charlie\stimuli\visual\digit_symbol_delay\sym5.bmp,3,2880
4370,digit_symbol_delay,5,1,C:\Users\Jbarrett\Charlie\charlie\stimuli\visual\digit_symbol_delay\sym1.bmp,7,6641
4370,digit_symbol_delay,6,9,C:\Users\Jbarrett\Charlie\charlie\stimuli\visual\digit_symbol_delay\sym9.bmp,9,6730
4370,digit_symbol_delay,7,2,C:\Users\Jbarrett\Charlie\charlie\stimuli\visual\digit_symbol_delay\sym2.bmp,2,1030
4370,digit_symbol_delay,8,3,C:\Users\Jbarrett\Charlie\charlie\stimuli\visual\digit_symbol_delay\sym3.bmp,1,1541
4371,digit_symbol_delay,0,6,C:\Users\Jbarrett\Charlie\charlie\stimuli\visual\digit_symbol_delay\sym6.bmp,5,11971
4371,digit_symbol_delay,1,7,C:\Users\Jbarrett\Charlie\charlie\stimuli\visual\digit_symbol_delay\sym7.bmp,6,5630
4371,digit_symbol_delay,2,4,C:\Users\Jbarrett\Charlie\charlie\stimuli\visual\digit_symbol_delay\sym4.bmp,4,3051
4371,digit_symbol_delay,3,8,C:\Users\Jbarrett\Charlie\charlie\stimuli\visual\digit_symbol_delay\sym8.bmp,3,720
4371,digit_symbol_delay,4,5,C:\Users\Jbarrett\Charlie\charlie\stimuli\visual\digit_symbol_delay\sym5.bmp,8,3430
4371,digit_symbol_delay,5,1,C:\Users\Jbarrett\Charlie\charlie\stimuli\visual\digit_symbol_delay\sym1.bmp,1,4020
4371,digit_symbol_delay,6,9,C:\Users\Jbarrett\Charlie\charlie\stimuli\visual\digit_symbol_delay\sym9.bmp,2,5241
4371,digit_symbol_delay,7,2,C:\Users\Jbarrett\Charlie\charlie\stimuli\visual\digit_symbol_delay\sym2.bmp,5,3100
4371,digit_symbol_delay,8,3,C:\Users\Jbarrett\Charlie\charlie\stimuli\visual\digit_symbol_delay\sym3.bmp,8,3910
4372,digit_symbol_delay,0,6,c:\Charlie\charlie\stimuli\visual\digit_symbol_delay\sym6.bmp,2,6020
4372,digit_symbol_delay,1,7,c:\Charlie\charlie\stimuli\visual\digit_symbol_delay\sym7.bmp,7,2260
4372,digit_symbol_delay,2,4,c:\Charlie\charlie\stimuli\visual\digit_symbol_delay\sym4.bmp,4,1000
4372,digit_symbol_delay,3,8,c:\Charlie\charlie\stimuli\visual\digit_symbol_delay\sym8.bmp,8,3590
4372,digit_symbol_delay,4,5,c:\Charlie\charlie\stimuli\visual\digit_symbol_delay\sym5.bmp,9,4800
4372,digit_symbol_delay,5,1,c:\Charlie\charlie\stimuli\visual\digit_symbol_delay\sym1.bmp,1,1760
4372,digit_symbol_delay,6,9,c:\Charlie\charlie\stimuli\visual\digit_symbol_delay\sym9.bmp,9,930
4372,digit_symbol_delay,7,2,c:\Charlie\charlie\stimuli\visual\digit_symbol_delay\sym2.bmp,5,4111
4372,digit_symbol_delay,8,3,c:\Charlie\charlie\stimuli\visual\digit_symbol_delay\sym3.bmp,3,1930
4373,digit_symbol_delay,0,6,C:\Users\jbarrett\Charlie-master\charlie\stimuli\visual\digit_symbol_delay\sym6.bmp,4,17661
4373,digit_symbol_delay,1,7,C:\Users\jbarrett\Charlie-master\charlie\stimuli\visual\digit_symbol_delay\sym7.bmp,7,8420
4373,digit_symbol_delay,2,4,C:\Users\jbarrett\Charlie-master\charlie\stimuli\visual\digit_symbol_delay\sym4.bmp,8,760
4373,digit_symbol_delay,3,8,C:\Users\jbarrett\Charlie-master\charlie\stimuli\visual\digit_symbol_delay\sym8.bmp,3,3260
4373,digit_symbol_delay,4,5,C:\Users\jbarrett\Charlie-master\charlie\stimuli\visual\digit_symbol_delay\sym5.bmp,6,4030
4373,digit_symbol_delay,5,1,C:\Users\jbarrett\Charlie-master\charlie\stimuli\visual\digit_symbol_delay\sym1.bmp,2,2360
4373,digit_symbol_delay,6,9,C:\Users\jbarrett\Charlie-master\charlie\stimuli\visual\digit_symbol_delay\sym9.bmp,5,11541
4373,digit_symbol_delay,7,2,C:\Users\jbarrett\Charlie-master\charlie\stimuli\visual\digit_symbol_delay\sym2.bmp,9,9751
4373,digit_symbol_delay,8,3,C:\Users\jbarrett\Charlie-master\charlie\stimuli\visual\digit_symbol_delay\sym3.bmp,3,3350
4374,digit_symbol_delay,0,6,c:\Charlie\charlie\stimuli\visual\digit_symbol_delay\sym6.bmp,3,13160
4374,digit_symbol_delay,1,7,c:\Charlie\charlie\stimuli\visual\digit_symbol_delay\sym7.bmp,3,200
4374,digit_symbol_delay,2,4,c:\Charlie\charlie\stimuli\visual\digit_symbol_delay\sym4.bmp,8,4651
4374,digit_symbol_delay,3,8,c:\Charlie\charlie\stimuli\visual\digit_symbol_delay\sym8.bmp,9,3060
4374,digit_symbol_delay,4,5,c:\Charlie\charlie\stimuli\visual\digit_symbol_delay\sym5.bmp,8,3770
4374,digit_symbol_delay,5,1,c:\Charlie\charlie\stimuli\visual\digit_symbol_delay\sym1.bmp,2,2770
4374,digit_symbol_delay,6,9,c:\Charlie\charlie\stimuli\visual\digit_symbol_delay\sym9.bmp,3,2290
4374,digit_symbol_delay,7,2,c:\Charlie\charlie\stimuli\visual\digit_symbol_delay\sym2.bmp,2,2581
4374,digit_symbol_delay,8,3,c:\Charlie\charlie\stimuli\visual\digit_symbol_delay\sym3.bmp,1,4940
4375,digit_symbol_delay,0,6,c:\Charlie\charlie\stimuli\visual\digit_symbol_delay\sym6.bmp,6,2910
4375,digit_symbol_delay,1,7,c:\Charlie\charlie\stimuli\visual\digit_symbol_delay\sym7.bmp,7,2190
4375,digit_symbol_delay,2,4,c:\Charlie\charlie\stimuli\visual\digit_symbol_delay\sym4.bmp,4,1031
4375,digit_symbol_delay,3,8,c:\Charlie\charlie\stimuli\visual\digit_symbol_delay\sym8.bmp,8,3070
4375,digit_symbol_delay,4,5,c:\Charlie\charlie\stimuli\visual\digit_symbol_delay\sym5.bmp,9,2700
4375,digit_symbol_delay,5,1,c:\Charlie\charlie\stimuli\visual\digit_symbol_delay\sym1.bmp,1,3080
4375,digit_symbol_delay,6,9,c:\Charlie\charlie\stimuli\visual\digit_symbol_delay\sym9.bmp,9,810
4375,digit_symbol_delay,7,2,c:\Charlie\charlie\stimuli\visual\digit_symbol_delay\sym2.bmp,2,2011
4375,digit_symbol_delay,8,3,c:\Charlie\charlie\stimuli\visual\digit_symbol_delay\sym3.bmp,3,1550
4376,digit_symbol_delay,0,6,c:\Charlie\charlie\stimuli\visual\digit_symbol_delay\sym6.bmp,6,15891
4376,digit_symbol_delay,1,7,c:\Charlie\charlie\stimuli\visual\digit_symbol_delay\sym7.bmp,7,5331
4376,digit_symbol_delay,2,4,c:\Charlie\charlie\stimuli\visual\digit_symbol_delay\sym4.bmp,5,7840
4376,digit_symbol_delay,3,8,c:\Charlie\charlie\stimuli\visual\digit_symbol_delay\sym8.bmp,8,2390
4376,digit_symbol_delay,4,5,c:\Charlie\charlie\stimuli\visual\digit_symbol_delay\sym5.bmp,9,3100
4376,digit_symbol_delay,5,1,c:\Charlie\charlie\stimuli\visual\digit_symbol_delay\sym1.bmp,2,2921
4376,digit_symbol_delay,6,9,c:\Charlie\charlie\stimuli\visual\digit_symbol_delay\sym9.bmp,4,10800
4376,digit_symbol_delay,7,2,c:\Charlie\charlie\stimuli\visual\digit_symbol_delay\sym2.bmp,2,3780
4376,digit_symbol_delay,8,3,c:\Charlie\charlie\stimuli\visual\digit_symbol_delay\sym3.bmp,3,1900
4377,digit_symbol_delay,0,6,c:\Charlie\charlie\stimuli\visual\digit_symbol_delay\sym6.bmp,6,1360
4377,digit_symbol_delay,1,7,c:\Charlie\charlie\stimuli\visual\digit_symbol_delay\sym7.bmp,8,3650
4377,digit_symbol_delay,2,4,c:\Charlie\charlie\stimuli\visual\digit_symbol_delay\sym4.bmp,4,1710
4377,digit_symbol_delay,3,8,c:\Charlie\charlie\stimuli\visual\digit_symbol_delay\sym8.bmp,7,9631
4377,digit_symbol_delay,4,5,c:\Charlie\charlie\stimuli\visual\digit_symbol_delay\sym5.bmp,7,7150
4377,digit_symbol_delay,5,1,c:\Charlie\charlie\stimuli\visual\digit_symbol_delay\sym1.bmp,2,9921
4377,digit_symbol_delay,6,9,c:\Charlie\charlie\stimuli\visual\digit_symbol_delay\sym9.bmp,9,1590
4377,digit_symbol_delay,7,2,c:\Charlie\charlie\stimuli\visual\digit_symbol_delay\sym2.bmp,4,4200
4377,digit_symbol_delay,8,3,c:\Charlie\charlie\stimuli\visual\digit_symbol_delay\sym3.bmp,3,1210
4378,digit_symbol_delay,0,6,c:\Charlie\charlie\stimuli\visual\digit_symbol_delay\sym6.bmp,7,10190
4378,digit_symbol_delay,1,7,c:\Charlie\charlie\stimuli\visual\digit_symbol_delay\sym7.bmp,7,1430
4378,digit_symbol_delay,2,4,c:\Charlie\charlie\stimuli\visual\digit_symbol_delay\sym4.bmp,5,3061
4378,digit_symbol_delay,3,8,c:\Charlie\charlie\stimuli\visual\digit_symbol_delay\sym8.bmp,9,2600
4378,digit_symbol_delay,4,5,c:\Charlie\charlie\stimuli\visual\digit_symbol_delay\sym5.bmp,7,4780
4378,digit_symbol_delay,5,1,c:\Charlie\charlie\stimuli\visual\digit_symbol_delay\sym1.bmp,1,3050
4378,digit_symbol_delay,6,9,c:\Charlie\charlie\stimuli\visual\digit_symbol_delay\sym9.bmp,9,1860
4378,digit_symbol_delay,7,2,c:\Charlie\charlie\stimuli\visual\digit_symbol_delay\sym2.bmp,3,4311
4378,digit_symbol_delay,8,3,c:\Charlie\charlie\stimuli\visual\digit_symbol_delay\sym3.bmp,3,4270
4379,digit_symbol_delay,0,6,c:\Charlie\charlie\stimuli\visual\digit_symbol_delay\sym6.bmp,6,3791
4379,digit_symbol_delay,1,7,c:\Charlie\charlie\stimuli\visual\digit_symbol_delay\sym7.bmp,5,2350
4379,digit_symbol_delay,2,4,c:\Charlie\charlie\stimuli\visual\digit_symbol_delay\sym4.bmp,4,1450
4379,digit_symbol_delay,3,8,c:\Charlie\charlie\stimuli\visual\digit_symbol_delay\sym8.bmp,8,3170
4379,digit_symbol_delay,4,5,c:\Charlie\charlie\stimuli\visual\digit_symbol_delay\sym5.bmp,9,1840
4379,digit_symbol_delay,5,1,c:\Charlie\charlie\stimuli\visual\digit_symbol_delay\sym1.bmp,1,6361
4379,digit_symbol_delay,6,9,c:\Charlie\charlie\stimuli\visual\digit_symbol_delay\sym9.bmp,9,3490
4379,digit_symbol_delay,7,2,c:\Charlie\charlie\stimuli\visual\digit_symbol_delay\sym2.bmp,6,1920
4379,digit_symbol_delay,8,3,c:\Charlie\charlie\stimuli\visual\digit_symbol_delay\sym3.bmp,3,1710
4380,digit_symbol_delay,0,6,C:\Users\Jbarrett\Charlie\charlie\stimuli\visual\digit_symbol_delay\sym6.bmp,6,21741
4380,digit_symbol_delay,1,7,C:\Users\Jbarrett\Charlie\charlie\stimuli\visual\digit_symbol_delay\sym7.bmp,7,8091
4380,digit_symbol_delay,2,4,C:\Users\Jbarrett\Charlie\charlie\stimuli\visual\digit_symbol_delay\sym4.bmp,4,6601
4380,digit_symbol_delay,3,8,C:\Users\Jbarrett\Charlie\charlie\stimuli\visual\digit_symbol_delay\sym8.bmp,7,5390
4380,digit_symbol_delay,4,5,C:\Users\Jbarrett\Charlie\charlie\stimuli\visual\digit_symbol_delay\sym5.bmp,9,2760
4380,digit_symbol_delay,5,1,C:\Users\Jbarrett\Charlie\charlie\stimuli\visual\digit_symbol_delay\sym1.bmp,4,2710
4380,digit_symbol_delay,6,9,C:\Users\Jbarrett\Charlie\charlie\stimuli\visual\digit_symbol_delay\sym9.bmp,2,7661
4380,digit_symbol_delay,7,2,C:\Users\Jbarrett\Charlie\charlie\stimuli\visual\digit_symbol_delay\sym2.bmp,2,5900
4380,digit_symbol_delay,8,3,C:\Users\Jbarrett\Charlie\charlie\stimuli\visual\digit_symbol_delay\sym3.bmp,3,2190
4381,digit_symbol_delay,0,6,c:\Charlie\charlie\stimuli\visual\digit_symbol_delay\sym6.bmp,5,11541
4381,digit_symbol_delay,1,7,c:\Charlie\charlie\stimuli\visual\digit_symbol_delay\sym7.bmp,7,3600
4381,digit_symbol_delay,2,4,c:\Charlie\charlie\stimuli\visual\digit_symbol_delay\sym4.bmp,4,3320
4381,digit_symbol_delay,3,8,c:\Charlie\charlie\stimuli\visual\digit_symbol_delay\sym8.bmp,8,2771
4381,digit_symbol_delay,4,5,c:\Charlie\charlie\stimuli\visual\digit_symbol_delay\sym5.bmp,6,2360
4381,digit_symbol_delay,5,1,c:\Charlie\charlie\stimuli\visual\digit_symbol_delay\sym1.bmp,3,3490
4381,digit_symbol_delay,6,9,c:\Charlie\charlie\stimuli\visual\digit_symbol_delay\sym9.bmp,5,7070
4381,digit_symbol_delay,7,2,c:\Charlie\charlie\stimuli\visual\digit_symbol_delay\sym2.bmp,2,1900
4381,digit_symbol_delay,8,3,c:\Charlie\charlie\stimuli\visual\digit_symbol_delay\sym3.bmp,1,3081
4382,digit_symbol_delay,0,6,C:\Users\Jbarrett\Charlie\charlie\stimuli\visual\digit_symbol_delay\sym6.bmp,7,29124
4382,digit_symbol_delay,1,7,C:\Users\Jbarrett\Charlie\charlie\stimuli\visual\digit_symbol_delay\sym7.bmp,5,6280
4382,digit_symbol_delay,2,4,C:\Users\Jbarrett\Charlie\charlie\stimuli\visual\digit_symbol_delay\sym4.bmp,8,3100
4382,digit_symbol_delay,3,8,C:\Users\Jbarrett\Charlie\charlie\stimuli\visual\digit_symbol_delay\sym8.bmp,8,1720
4382,digit_symbol_delay,4,5,C:\Users\Jbarrett\Charlie\charlie\stimuli\visual\digit_symbol_delay\sym5.bmp,7,7411
4382,digit_symbol_delay,5,1,C:\Users\Jbarrett\Charlie\charlie\stimuli\visual\digit_symbol_delay\sym1.bmp,1,4320
4382,digit_symbol_delay,6,9,C:\Users\Jbarrett\Charlie\charlie\stimuli\visual\digit_symbol_delay\sym9.bmp,9,3670
4382,digit_symbol_delay,7,2,C:\Users\Jbarrett\Charlie\charlie\stimuli\visual\digit_symbol_delay\sym2.bmp,2,580
4382,digit_symbol_delay,8,3,C:\Users\Jbarrett\Charlie\charlie\stimuli\visual\digit_symbol_delay\sym3.bmp,3,2000
4383,digit_symbol_delay,0,6,c:\Charlie\charlie\stimuli\visual\digit_symbol_delay\sym6.bmp,5,4100
4383,digit_symbol_delay,1,7,c:\Charlie\charlie\stimuli\visual\digit_symbol_delay\sym7.bmp,7,3870
4383,digit_symbol_delay,2,4,c:\Charlie\charlie\stimuli\visual\digit_symbol_delay\sym4.bmp,6,4520
4383,digit_symbol_delay,3,8,c:\Charlie\charlie\stimuli\visual\digit_symbol_delay\sym8.bmp,9,2310
4383,digit_symbol_delay,4,5,c:\Charlie\charlie\stimuli\visual\digit_symbol_delay\sym5.bmp,8,2661
4383,digit_symbol_delay,5,1,c:\Charlie\charlie\stimuli\visual\digit_symbol_delay\sym1.bmp,1,2430
4383,digit_symbol_delay,6,9,c:\Charlie\charlie\stimuli\visual\digit_symbol_delay\sym9.bmp,8,2080
4383,digit_symbol_delay,7,2,c:\Charlie\charlie\stimuli\visual\digit_symbol_delay\sym2.bmp,2,2220
4383,digit_symbol_delay,8,3,c:\Charlie\charlie\stimuli\visual\digit_symbol_delay\sym3.bmp,3,2701
4384,digit_symbol_delay,0,6,c:\Charlie\charlie\stimuli\visual\digit_symbol_delay\sym6.bmp,1,11340
4384,digit_symbol_delay,1,7,c:\Charlie\charlie\stimuli\visual\digit_symbol_delay\sym7.bmp,7,4730
4384,digit_symbol_delay,2,4,c:\Charlie\charlie\stimuli\visual\digit_symbol_delay\sym4.bmp,8,2021
4384,digit_symbol_delay,3,8,c:\Charlie\charlie\stimuli\visual\digit_symbol_delay\sym8.bmp,6,5550
4384,digit_symbol_delay,4,5,c:\Charlie\charlie\stimuli\visual\digit_symbol_delay\sym5.bmp,9,2330
4384,digit_symbol_delay,5,1,c:\Charlie\charlie\stimuli\visual\digit_symbol_delay\sym1.bmp,4,1990
4384,digit_symbol_delay,6,9,c:\Charlie\charlie\stimuli\visual\digit_symbol_delay\sym9.bmp,3,2990
4384,digit_symbol_delay,7,2,c:\Charlie\charlie\stimuli\visual\digit_symbol_delay\sym2.bmp,2,3311
4384,digit_symbol_delay,8,3,c:\Charlie\charlie\stimuli\visual\digit_symbol_delay\sym3.bmp,9,3550
4385,digit_symbol_delay,0,6,C:\Users\Jbarrett\Charlie\charlie\stimuli\visual\digit_symbol_delay\sym6.bmp,3,23031
4385,digit_symbol_delay,1,7,C:\Users\Jbarrett\Charlie\charlie\stimuli\visual\digit_symbol_delay\sym7.bmp,4,6081
4385,digit_symbol_delay,2,4,C:\Users\Jbarrett\Charlie\charlie\stimuli\visual\digit_symbol_delay\sym4.bmp,5,2420
4385,digit_symbol_delay,3,8,C:\Users\Jbarrett\Charlie\charlie\stimuli\visual\digit_symbol_delay\sym8.bmp,2,2610
4385,digit_symbol_delay,4,5,C:\Users\Jbarrett\Charlie\charlie\stimuli\visual\digit_symbol_delay\sym5.bmp,6,3331
4385,digit_symbol_delay,5,1,C:\Users\Jbarrett\Charlie\charlie\stimuli\visual\digit_symbol_delay\sym1.bmp,7,1720
4385,digit_symbol_delay,6,9,C:\Users\Jbarrett\Charlie\charlie\stimuli\visual\digit_symbol_delay\sym9.bmp,8,1210
4385,digit_symbol_delay,7,2,C:\Users\Jbarrett\Charlie\charlie\stimuli\visual\digit_symbol_delay\sym2.bmp,9,1080
4385,digit_symbol_delay,8,3,C:\Users\Jbarrett\Charlie\charlie\stimuli\visual\digit_symbol_delay\sym3.bmp,1,2140
4386,digit_symbol_delay,0,6,c:\Charlie\charlie\stimuli\visual\digit_symbol_delay\sym6.bmp,3,10121
4386,digit_symbol_delay,1,7,c:\Charlie\charlie\stimuli\visual\digit_symbol_delay\sym7.bmp,7,6210
4386,digit_symbol_delay,2,4,c:\Charlie\charlie\stimuli\visual\digit_symbol_delay\sym4.bmp,8,2860
4386,digit_symbol_delay,3,8,c:\Charlie\charlie\stimuli\visual\digit_symbol_delay\sym8.bmp,6,5241
4386,digit_symbol_delay,4,5,c:\Charlie\charlie\stimuli\visual\digit_symbol_delay\sym5.bmp,5,4770
4386,digit_symbol_delay,5,1,c:\Charlie\charlie\stimuli\visual\digit_symbol_delay\sym1.bmp,1,2110
4386,digit_symbol_delay,6,9,c:\Charlie\charlie\stimuli\visual\digit_symbol_delay\sym9.bmp,9,3880
4386,digit_symbol_delay,7,2,c:\Charlie\charlie\stimuli\visual\digit_symbol_delay\sym2.bmp,2,3310
4386,digit_symbol_delay,8,3,c:\Charlie\charlie\stimuli\visual\digit_symbol_delay\sym3.bmp,3,1390
4387,digit_symbol_delay,0,6,c:\Charlie\charlie\stimuli\visual\digit_symbol_delay\sym6.bmp,3,9781
4387,digit_symbol_delay,1,7,c:\Charlie\charlie\stimuli\visual\digit_symbol_delay\sym7.bmp,7,7920
4387,digit_symbol_delay,2,4,c:\Charlie\charlie\stimuli\visual\digit_symbol_delay\sym4.bmp,4,5581
4387,digit_symbol_delay,3,8,c:\Charlie\charlie\stimuli\visual\digit_symbol_delay\sym8.bmp,6,5870
4387,digit_symbol_delay,4,5,c:\Charlie\charlie\stimuli\visual\digit_symbol_delay\sym5.bmp,5,6470
4387,digit_symbol_delay,5,1,c:\Charlie\charlie\stimuli\visual\digit_symbol_delay\sym1.bmp,1,3430
4387,digit_symbol_delay,6,9,c:\Charlie\charlie\stimuli\visual\digit_symbol_delay\sym9.bmp,9,2051
4387,digit_symbol_delay,7,2,c:\Charlie\charlie\stimuli\visual\digit_symbol_delay\sym2.bmp,2,920
4387,digit_symbol_delay,8,3,c:\Charlie\charlie\stimuli\visual\digit_symbol_delay\sym3.bmp,6,4510
4388,digit_symbol_delay,0,6,C:\Users\Jbarrett\Charlie\charlie\stimuli\visual\digit_symbol_delay\sym6.bmp,4,26072
4388,digit_symbol_delay,1,7,C:\Users\Jbarrett\Charlie\charlie\stimuli\visual\digit_symbol_delay\sym7.bmp,3,6380
4388,digit_symbol_delay,2,4,C:\Users\Jbarrett\Charlie\charlie\stimuli\visual\digit_symbol_delay\sym4.bmp,4,1810
4388,digit_symbol_delay,3,8,C:\Users\Jbarrett\Charlie\charlie\stimuli\visual\digit_symbol_delay\sym8.bmp,7,1520
4388,digit_symbol_delay,4,5,C:\Users\Jbarrett\Charlie\charlie\stimuli\visual\digit_symbol_delay\sym5.bmp,8,2050
4388,digit_symbol_delay,5,1,C:\Users\Jbarrett\Charlie\charlie\stimuli\visual\digit_symbol_delay\sym1.bmp,9,1040
4388,digit_symbol_delay,6,9,C:\Users\Jbarrett\Charlie\charlie\stimuli\visual\digit_symbol_delay\sym9.bmp,2,1910
4388,digit_symbol_delay,7,2,C:\Users\Jbarrett\Charlie\charlie\stimuli\visual\digit_symbol_delay\sym2.bmp,2,510
4388,digit_symbol_delay,8,3,C:\Users\Jbarrett\Charlie\charlie\stimuli\visual\digit_symbol_delay\sym3.bmp,4,2830
4389,digit_symbol_delay,0,6,c:\Charlie\charlie\stimuli\visual\digit_symbol_delay\sym6.bmp,6,840
4389,digit_symbol_delay,1,7,c:\Charlie\charlie\stimuli\visual\digit_symbol_delay\sym7.bmp,7,1400
4389,digit_symbol_delay,2,4,c:\Charlie\charlie\stimuli\visual\digit_symbol_delay\sym4.bmp,4,1680
4389,digit_symbol_delay,3,8,c:\Charlie\charlie\stimuli\visual\digit_symbol_delay\sym8.bmp,8,1340
4389,digit_symbol_delay,4,5,c:\Charlie\charlie\stimuli\visual\digit_symbol_delay\sym5.bmp,5,17311
4389,digit_symbol_delay,5,1,c:\Charlie\charlie\stimuli\visual\digit_symbol_delay\sym1.bmp,2,1700
4389,digit_symbol_delay,6,9,c:\Charlie\charlie\stimuli\visual\digit_symbol_delay\sym9.bmp,2,210
4389,digit_symbol_delay,7,2,c:\Charlie\charlie\stimuli\visual\digit_symbol_delay\sym2.bmp,2,5620
4389,digit_symbol_delay,8,3,c:\Charlie\charlie\stimuli\visual\digit_symbol_delay\sym3.bmp,3,1220
4390,digit_symbol_delay,0,6,C:\Users\Jbarrett\Charlie\charlie\stimuli\visual\digit_symbol_delay\sym6.bmp,6,5050
4390,digit_symbol_delay,1,7,C:\Users\Jbarrett\Charlie\charlie\stimuli\visual\digit_symbol_delay\sym7.bmp,7,8330
4390,digit_symbol_delay,2,4,C:\Users\Jbarrett\Charlie\charlie\stimuli\visual\digit_symbol_delay\sym4.bmp,4,3501
4390,digit_symbol_delay,3,8,C:\Users\Jbarrett\Charlie\charlie\stimuli\visual\digit_symbol_delay\sym8.bmp,8,2400
4390,digit_symbol_delay,4,5,C:\Users\Jbarrett\Charlie\charlie\stimuli\visual\digit_symbol_delay\sym5.bmp,9,6720
4390,digit_symbol_delay,5,1,C:\Users\Jbarrett\Charlie\charlie\stimuli\visual\digit_symbol_delay\sym1.bmp,1,2510
4390,digit_symbol_delay,6,9,C:\Users\Jbarrett\Charlie\charlie\stimuli\visual\digit_symbol_delay\sym9.bmp,3,4071
4390,digit_symbol_delay,7,2,C:\Users\Jbarrett\Charlie\charlie\stimuli\visual\digit_symbol_delay\sym2.bmp,2,2020
4390,digit_symbol_delay,8,3,C:\Users\Jbarrett\Charlie\charlie\stimuli\visual\digit_symbol_delay\sym3.bmp,3,3190
4391,digit_symbol_delay,0,6,c:\Charlie\charlie\stimuli\visual\digit_symbol_delay\sym6.bmp,6,3491
4391,digit_symbol_delay,1,7,c:\Charlie\charlie\stimuli\visual\digit_symbol_delay\sym7.bmp,7,1790
4391,digit_symbol_delay,2,4,c:\Charlie\charlie\stimuli\visual\digit_symbol_delay\sym4.bmp,4,1470
4391,digit_symbol_delay,3,8,c:\Charlie\charlie\stimuli\visual\digit_symbol_delay\sym8.bmp,8,1340
4391,digit_symbol_delay,4,5,c:\Charlie\charlie\stimuli\visual\digit_symbol_delay\sym5.bmp,5,3210
4391,digit_symbol_delay,5,1,c:\Charlie\charlie\stimuli\visual\digit_symbol_delay\sym1.bmp,1,1490
4391,digit_symbol_delay,6,9,c:\Charlie\charlie\stimuli\visual\digit_symbol_delay\sym9.bmp,9,1210
4391,digit_symbol_delay,7,2,c:\Charlie\charlie\stimuli\visual\digit_symbol_delay\sym2.bmp,2,1320
4391,digit_symbol_delay,8,3,c:\Charlie\charlie\stimuli\visual\digit_symbol_delay\sym3.bmp,3,1590
4392,digit_symbol_delay,0,6,C:\Users\Jbarrett\Charlie\charlie\stimuli\visual\digit_symbol_delay\sym6.bmp,3,34182
4392,digit_symbol_delay,1,7,C:\Users\Jbarrett\Charlie\charlie\stimuli\visual\digit_symbol_delay\sym7.bmp,7,5140
4392,digit_symbol_delay,2,4,C:\Users\Jbarrett\Charlie\charlie\stimuli\visual\digit_symbol_delay\sym4.bmp,8,4621
4392,digit_symbol_delay,3,8,C:\Users\Jbarrett\Charlie\charlie\stimuli\visual\digit_symbol_delay\sym8.bmp,9,9840
4392,digit_symbol_delay,4,5,C:\Users\Jbarrett\Charlie\charlie\stimuli\visual\digit_symbol_delay\sym5.bmp,9,16451
4392,digit_symbol_delay,5,1,C:\Users\Jbarrett\Charlie\charlie\stimuli\visual\digit_symbol_delay\sym1.bmp,2,4670
4392,digit_symbol_delay,6,9,C:\Users\Jbarrett\Charlie\charlie\stimuli\visual\digit_symbol_delay\sym9.bmp,7,11301
4392,digit_symbol_delay,7,2,C:\Users\Jbarrett\Charlie\charlie\stimuli\visual\digit_symbol_delay\sym2.bmp,1,1840
4392,digit_symbol_delay,8,3,C:\Users\Jbarrett\Charlie\charlie\stimuli\visual\digit_symbol_delay\sym3.bmp,2,4090
4393,digit_symbol_delay,0,6,c:\Charlie\charlie\stimuli\visual\digit_symbol_delay\sym6.bmp,6,9591
4393,digit_symbol_delay,1,7,c:\Charlie\charlie\stimuli\visual\digit_symbol_delay\sym7.bmp,7,4260
4393,digit_symbol_delay,2,4,c:\Charlie\charlie\stimuli\visual\digit_symbol_delay\sym4.bmp,4,3430
4393,digit_symbol_delay,3,8,c:\Charlie\charlie\stimuli\visual\digit_symbol_delay\sym8.bmp,8,2470
4393,digit_symbol_delay,4,5,c:\Charlie\charlie\stimuli\visual\digit_symbol_delay\sym5.bmp,2,5680
4393,digit_symbol_delay,5,1,c:\Charlie\charlie\stimuli\visual\digit_symbol_delay\sym1.bmp,9,3901
4393,digit_symbol_delay,6,9,c:\Charlie\charlie\stimuli\visual\digit_symbol_delay\sym9.bmp,9,1330
4393,digit_symbol_delay,7,2,c:\Charlie\charlie\stimuli\visual\digit_symbol_delay\sym2.bmp,2,1840
4393,digit_symbol_delay,8,3,c:\Charlie\charlie\stimuli\visual\digit_symbol_delay\sym3.bmp,3,1140
4394,digit_symbol_delay,0,6,c:\Charlie\charlie\stimuli\visual\digit_symbol_delay\sym6.bmp,6,2110
4394,digit_symbol_delay,1,7,c:\Charlie\charlie\stimuli\visual\digit_symbol_delay\sym7.bmp,7,2641
4394,digit_symbol_delay,2,4,c:\Charlie\charlie\stimuli\visual\digit_symbol_delay\sym4.bmp,4,1610
4394,digit_symbol_delay,3,8,c:\Charlie\charlie\stimuli\visual\digit_symbol_delay\sym8.bmp,8,1420
4394,digit_symbol_delay,4,5,c:\Charlie\charlie\stimuli\visual\digit_symbol_delay\sym5.bmp,5,1450
4394,digit_symbol_delay,5,1,c:\Charlie\charlie\stimuli\visual\digit_symbol_delay\sym1.bmp,1,1290
4394,digit_symbol_delay,6,9,c:\Charlie\charlie\stimuli\visual\digit_symbol_delay\sym9.bmp,9,470
4394,digit_symbol_delay,7,2,c:\Charlie\charlie\stimuli\visual\digit_symbol_delay\sym2.bmp,2,2100
4394,digit_symbol_delay,8,3,c:\Charlie\charlie\stimuli\visual\digit_symbol_delay\sym3.bmp,3,1120
4395,digit_symbol_delay,0,6,c:\Charlie\charlie\stimuli\visual\digit_symbol_delay\sym6.bmp,3,5741
4395,digit_symbol_delay,1,7,c:\Charlie\charlie\stimuli\visual\digit_symbol_delay\sym7.bmp,7,4020
4395,digit_symbol_delay,2,4,c:\Charlie\charlie\stimuli\visual\digit_symbol_delay\sym4.bmp,5,1590
4395,digit_symbol_delay,3,8,c:\Charlie\charlie\stimuli\visual\digit_symbol_delay\sym8.bmp,8,1541
4395,digit_symbol_delay,4,5,c:\Charlie\charlie\stimuli\visual\digit_symbol_delay\sym5.bmp,8,2560
4395,digit_symbol_delay,5,1,c:\Charlie\charlie\stimuli\visual\digit_symbol_delay\sym1.bmp,3,2210
4395,digit_symbol_delay,6,9,c:\Charlie\charlie\stimuli\visual\digit_symbol_delay\sym9.bmp,9,2510
4395,digit_symbol_delay,7,2,c:\Charlie\charlie\stimuli\visual\digit_symbol_delay\sym2.bmp,2,1660
4395,digit_symbol_delay,8,3,c:\Charlie\charlie\stimuli\visual\digit_symbol_delay\sym3.bmp,3,1590
4396,digit_symbol_delay,0,6,c:\Charlie\charlie\stimuli\visual\digit_symbol_delay\sym6.bmp,4,3311
4396,digit_symbol_delay,1,7,c:\Charlie\charlie\stimuli\visual\digit_symbol_delay\sym7.bmp,3,4490
4396,digit_symbol_delay,2,4,c:\Charlie\charlie\stimuli\visual\digit_symbol_delay\sym4.bmp,6,1390
4396,digit_symbol_delay,3,8,c:\Charlie\charlie\stimuli\visual\digit_symbol_delay\sym8.bmp,7,1040
4396,digit_symbol_delay,4,5,c:\Charlie\charlie\stimuli\visual\digit_symbol_delay\sym5.bmp,8,1980
4396,digit_symbol_delay,5,1,c:\Charlie\charlie\stimuli\visual\digit_symbol_delay\sym1.bmp,2,1200
4396,digit_symbol_delay,6,9,c:\Charlie\charlie\stimuli\visual\digit_symbol_delay\sym9.bmp,4,1470
4396,digit_symbol_delay,7,2,c:\Charlie\charlie\stimuli\visual\digit_symbol_delay\sym2.bmp,7,2940
4396,digit_symbol_delay,8,3,c:\Charlie\charlie\stimuli\visual\digit_symbol_delay\sym3.bmp,6,2160
4397,digit_symbol_delay,0,6,c:\Charlie\charlie\stimuli\visual\digit_symbol_delay\sym6.bmp,6,5580
4397,digit_symbol_delay,1,7,c:\Charlie\charlie\stimuli\visual\digit_symbol_delay\sym7.bmp,5,3890
4397,digit_symbol_delay,2,4,c:\Charlie\charlie\stimuli\visual\digit_symbol_delay\sym4.bmp,7,2840
4397,digit_symbol_delay,3,8,c:\Charlie\charlie\stimuli\visual\digit_symbol_delay\sym8.bmp,8,2481
4397,digit_symbol_delay,4,5,c:\Charlie\charlie\stimuli\visual\digit_symbol_delay\sym5.bmp,5,2601
4397,digit_symbol_delay,5,1,c:\Charlie\charlie\stimuli\visual\digit_symbol_delay\sym1.bmp,6,5210
4397,digit_symbol_delay,6,9,c:\Charlie\charlie\stimuli\visual\digit_symbol_delay\sym9.bmp,9,1530
4397,digit_symbol_delay,7,2,c:\Charlie\charlie\stimuli\visual\digit_symbol_delay\sym2.bmp,2,1790
4397,digit_symbol_delay,8,3,c:\Charlie\charlie\stimuli\visual\digit_symbol_delay\sym3.bmp,3,1210
4399,digit_symbol_delay,0,6,C:\Users\jbarrett\Charlie-master\charlie\stimuli\visual\digit_symbol_delay\sym6.bmp,5,420
4399,digit_symbol_delay,1,7,C:\Users\jbarrett\Charlie-master\charlie\stimuli\visual\digit_symbol_delay\sym7.bmp,7,1981
4399,digit_symbol_delay,2,4,C:\Users\jbarrett\Charlie-master\charlie\stimuli\visual\digit_symbol_delay\sym4.bmp,4,500
4399,digit_symbol_delay,3,8,C:\Users\jbarrett\Charlie-master\charlie\stimuli\visual\digit_symbol_delay\sym8.bmp,8,1580
4399,digit_symbol_delay,4,5,C:\Users\jbarrett\Charlie-master\charlie\stimuli\visual\digit_symbol_delay\sym5.bmp,5,4080
4399,digit_symbol_delay,5,1,C:\Users\jbarrett\Charlie-master\charlie\stimuli\visual\digit_symbol_delay\sym1.bmp,1,1610
4399,digit_symbol_delay,6,9,C:\Users\jbarrett\Charlie-master\charlie\stimuli\visual\digit_symbol_delay\sym9.bmp,9,450
4399,digit_symbol_delay,7,2,C:\Users\jbarrett\Charlie-master\charlie\stimuli\visual\digit_symbol_delay\sym2.bmp,2,2230
4399,digit_symbol_delay,8,3,C:\Users\jbarrett\Charlie-master\charlie\stimuli\visual\digit_symbol_delay\sym3.bmp,3,2230
4401,digit_symbol_delay,0,6,C:\Users\Jbarrett\Charlie\charlie\stimuli\visual\digit_symbol_delay\sym6.bmp,6,20111
4401,digit_symbol_delay,1,7,C:\Users\Jbarrett\Charlie\charlie\stimuli\visual\digit_symbol_delay\sym7.bmp,5,1410
4401,digit_symbol_delay,2,4,C:\Users\Jbarrett\Charlie\charlie\stimuli\visual\digit_symbol_delay\sym4.bmp,4,2750
4401,digit_symbol_delay,3,8,C:\Users\Jbarrett\Charlie\charlie\stimuli\visual\digit_symbol_delay\sym8.bmp,8,2031
4401,digit_symbol_delay,4,5,C:\Users\Jbarrett\Charlie\charlie\stimuli\visual\digit_symbol_delay\sym5.bmp,5,3470
4401,digit_symbol_delay,5,1,C:\Users\Jbarrett\Charlie\charlie\stimuli\visual\digit_symbol_delay\sym1.bmp,1,4760
4401,digit_symbol_delay,6,9,C:\Users\Jbarrett\Charlie\charlie\stimuli\visual\digit_symbol_delay\sym9.bmp,7,3160
4401,digit_symbol_delay,7,2,C:\Users\Jbarrett\Charlie\charlie\stimuli\visual\digit_symbol_delay\sym2.bmp,2,1670
4401,digit_symbol_delay,8,3,C:\Users\Jbarrett\Charlie\charlie\stimuli\visual\digit_symbol_delay\sym3.bmp,3,2490
4402,digit_symbol_delay,0,6,C:\Users\Jbarrett\Charlie\charlie\stimuli\visual\digit_symbol_delay\sym6.bmp,1,16520
4402,digit_symbol_delay,1,7,C:\Users\Jbarrett\Charlie\charlie\stimuli\visual\digit_symbol_delay\sym7.bmp,5,8021
4402,digit_symbol_delay,2,4,C:\Users\Jbarrett\Charlie\charlie\stimuli\visual\digit_symbol_delay\sym4.bmp,4,2050
4402,digit_symbol_delay,3,8,C:\Users\Jbarrett\Charlie\charlie\stimuli\visual\digit_symbol_delay\sym8.bmp,8,2070
4402,digit_symbol_delay,4,5,C:\Users\Jbarrett\Charlie\charlie\stimuli\visual\digit_symbol_delay\sym5.bmp,9,1180
4402,digit_symbol_delay,5,1,C:\Users\Jbarrett\Charlie\charlie\stimuli\visual\digit_symbol_delay\sym1.bmp,2,7631
4402,digit_symbol_delay,6,9,C:\Users\Jbarrett\Charlie\charlie\stimuli\visual\digit_symbol_delay\sym9.bmp,9,2021
4402,digit_symbol_delay,7,2,C:\Users\Jbarrett\Charlie\charlie\stimuli\visual\digit_symbol_delay\sym2.bmp,1,1810
4402,digit_symbol_delay,8,3,C:\Users\Jbarrett\Charlie\charlie\stimuli\visual\digit_symbol_delay\sym3.bmp,8,7470
4403,digit_symbol_delay,0,6,C:\Users\Jbarrett\Charlie\charlie\stimuli\visual\digit_symbol_delay\sym6.bmp,6,6270
4403,digit_symbol_delay,1,7,C:\Users\Jbarrett\Charlie\charlie\stimuli\visual\digit_symbol_delay\sym7.bmp,8,8801
4403,digit_symbol_delay,2,4,C:\Users\Jbarrett\Charlie\charlie\stimuli\visual\digit_symbol_delay\sym4.bmp,5,5170
4403,digit_symbol_delay,3,8,C:\Users\Jbarrett\Charlie\charlie\stimuli\visual\digit_symbol_delay\sym8.bmp,4,4900
4403,digit_symbol_delay,4,5,C:\Users\Jbarrett\Charlie\charlie\stimuli\visual\digit_symbol_delay\sym5.bmp,3,5891
4403,digit_symbol_delay,5,1,C:\Users\Jbarrett\Charlie\charlie\stimuli\visual\digit_symbol_delay\sym1.bmp,1,4330
4403,digit_symbol_delay,6,9,C:\Users\Jbarrett\Charlie\charlie\stimuli\visual\digit_symbol_delay\sym9.bmp,2,5710
4403,digit_symbol_delay,7,2,C:\Users\Jbarrett\Charlie\charlie\stimuli\visual\digit_symbol_delay\sym2.bmp,7,11121
4403,digit_symbol_delay,8,3,C:\Users\Jbarrett\Charlie\charlie\stimuli\visual\digit_symbol_delay\sym3.bmp,9,7010
4404,digit_symbol_delay,0,6,c:\Charlie\charlie\stimuli\visual\digit_symbol_delay\sym6.bmp,5,4511
4404,digit_symbol_delay,1,7,c:\Charlie\charlie\stimuli\visual\digit_symbol_delay\sym7.bmp,7,2020
4404,digit_symbol_delay,2,4,c:\Charlie\charlie\stimuli\visual\digit_symbol_delay\sym4.bmp,5,3320
4404,digit_symbol_delay,3,8,c:\Charlie\charlie\stimuli\visual\digit_symbol_delay\sym8.bmp,8,1850
4404,digit_symbol_delay,4,5,c:\Charlie\charlie\stimuli\visual\digit_symbol_delay\sym5.bmp,4,2610
4404,digit_symbol_delay,5,1,c:\Charlie\charlie\stimuli\visual\digit_symbol_delay\sym1.bmp,1,1120
4404,digit_symbol_delay,6,9,c:\Charlie\charlie\stimuli\visual\digit_symbol_delay\sym9.bmp,9,1730
4404,digit_symbol_delay,7,2,c:\Charlie\charlie\stimuli\visual\digit_symbol_delay\sym2.bmp,2,2190
4404,digit_symbol_delay,8,3,c:\Charlie\charlie\stimuli\visual\digit_symbol_delay\sym3.bmp,4,2231
4406,digit_symbol_delay,0,6,c:\Charlie\charlie\stimuli\visual\digit_symbol_delay\sym6.bmp,6,15161
4406,digit_symbol_delay,1,7,c:\Charlie\charlie\stimuli\visual\digit_symbol_delay\sym7.bmp,7,4401
4406,digit_symbol_delay,2,4,c:\Charlie\charlie\stimuli\visual\digit_symbol_delay\sym4.bmp,4,3260
4406,digit_symbol_delay,3,8,c:\Charlie\charlie\stimuli\visual\digit_symbol_delay\sym8.bmp,7,5610
4406,digit_symbol_delay,4,5,c:\Charlie\charlie\stimuli\visual\digit_symbol_delay\sym5.bmp,9,2510
4406,digit_symbol_delay,5,1,c:\Charlie\charlie\stimuli\visual\digit_symbol_delay\sym1.bmp,1,6281
4406,digit_symbol_delay,6,9,c:\Charlie\charlie\stimuli\visual\digit_symbol_delay\sym9.bmp,9,12150
4406,digit_symbol_delay,7,2,c:\Charlie\charlie\stimuli\visual\digit_symbol_delay\sym2.bmp,2,4111
4406,digit_symbol_delay,8,3,c:\Charlie\charlie\stimuli\visual\digit_symbol_delay\sym3.bmp,3,7440
4409,digit_symbol_delay,0,6,C:\Users\Jbarrett\Charlie\charlie\stimuli\visual\digit_symbol_delay\sym6.bmp,6,4320
4409,digit_symbol_delay,1,7,C:\Users\Jbarrett\Charlie\charlie\stimuli\visual\digit_symbol_delay\sym7.bmp,7,15300
4409,digit_symbol_delay,2,4,C:\Users\Jbarrett\Charlie\charlie\stimuli\visual\digit_symbol_delay\sym4.bmp,9,11431
4409,digit_symbol_delay,3,8,C:\Users\Jbarrett\Charlie\charlie\stimuli\visual\digit_symbol_delay\sym8.bmp,8,4890
4409,digit_symbol_delay,4,5,C:\Users\Jbarrett\Charlie\charlie\stimuli\visual\digit_symbol_delay\sym5.bmp,5,5461
4409,digit_symbol_delay,5,1,C:\Users\Jbarrett\Charlie\charlie\stimuli\visual\digit_symbol_delay\sym1.bmp,3,3520
4409,digit_symbol_delay,6,9,C:\Users\Jbarrett\Charlie\charlie\stimuli\visual\digit_symbol_delay\sym9.bmp,2,2790
4409,digit_symbol_delay,7,2,C:\Users\Jbarrett\Charlie\charlie\stimuli\visual\digit_symbol_delay\sym2.bmp,2,3610
4409,digit_symbol_delay,8,3,C:\Users\Jbarrett\Charlie\charlie\stimuli\visual\digit_symbol_delay\sym3.bmp,3,2601
4410,digit_symbol_delay,0,6,c:\Charlie\charlie\stimuli\visual\digit_symbol_delay\sym6.bmp,3,3850
4410,digit_symbol_delay,1,7,c:\Charlie\charlie\stimuli\visual\digit_symbol_delay\sym7.bmp,7,1780
4410,digit_symbol_delay,2,4,c:\Charlie\charlie\stimuli\visual\digit_symbol_delay\sym4.bmp,4,1980
4410,digit_symbol_delay,3,8,c:\Charlie\charlie\stimuli\visual\digit_symbol_delay\sym8.bmp,8,1971
4410,digit_symbol_delay,4,5,c:\Charlie\charlie\stimuli\visual\digit_symbol_delay\sym5.bmp,6,5250
4410,digit_symbol_delay,5,1,c:\Charlie\charlie\stimuli\visual\digit_symbol_delay\sym1.bmp,5,2960
4410,digit_symbol_delay,6,9,c:\Charlie\charlie\stimuli\visual\digit_symbol_delay\sym9.bmp,6,1680
4410,digit_symbol_delay,7,2,c:\Charlie\charlie\stimuli\visual\digit_symbol_delay\sym2.bmp,2,880
4410,digit_symbol_delay,8,3,c:\Charlie\charlie\stimuli\visual\digit_symbol_delay\sym3.bmp,3,1231
4411,digit_symbol_delay,0,6,c:\Charlie\charlie\stimuli\visual\digit_symbol_delay\sym6.bmp,2,57353
4411,digit_symbol_delay,1,7,c:\Charlie\charlie\stimuli\visual\digit_symbol_delay\sym7.bmp,4,2010
4411,digit_symbol_delay,2,4,c:\Charlie\charlie\stimuli\visual\digit_symbol_delay\sym4.bmp,7,2030
4411,digit_symbol_delay,3,8,c:\Charlie\charlie\stimuli\visual\digit_symbol_delay\sym8.bmp,4,920
4411,digit_symbol_delay,4,5,c:\Charlie\charlie\stimuli\visual\digit_symbol_delay\sym5.bmp,8,1380
4411,digit_symbol_delay,5,1,c:\Charlie\charlie\stimuli\visual\digit_symbol_delay\sym1.bmp,1,1520
4411,digit_symbol_delay,6,9,c:\Charlie\charlie\stimuli\visual\digit_symbol_delay\sym9.bmp,9,1220
4411,digit_symbol_delay,7,2,c:\Charlie\charlie\stimuli\visual\digit_symbol_delay\sym2.bmp,3,1381
4411,digit_symbol_delay,8,3,c:\Charlie\charlie\stimuli\visual\digit_symbol_delay\sym3.bmp,7,1660
4412,digit_symbol_delay,0,6,C:\Users\Jbarrett\Charlie\charlie\stimuli\visual\digit_symbol_delay\sym6.bmp,6,1740
4412,digit_symbol_delay,1,7,C:\Users\Jbarrett\Charlie\charlie\stimuli\visual\digit_symbol_delay\sym7.bmp,7,3270
4412,digit_symbol_delay,2,4,C:\Users\Jbarrett\Charlie\charlie\stimuli\visual\digit_symbol_delay\sym4.bmp,5,2040
4412,digit_symbol_delay,3,8,C:\Users\Jbarrett\Charlie\charlie\stimuli\visual\digit_symbol_delay\sym8.bmp,8,1940
4412,digit_symbol_delay,4,5,C:\Users\Jbarrett\Charlie\charlie\stimuli\visual\digit_symbol_delay\sym5.bmp,3,2830
4412,digit_symbol_delay,5,1,C:\Users\Jbarrett\Charlie\charlie\stimuli\visual\digit_symbol_delay\sym1.bmp,2,2931
4412,digit_symbol_delay,6,9,C:\Users\Jbarrett\Charlie\charlie\stimuli\visual\digit_symbol_delay\sym9.bmp,9,2800
4412,digit_symbol_delay,7,2,C:\Users\Jbarrett\Charlie\charlie\stimuli\visual\digit_symbol_delay\sym2.bmp,3,6490
4412,digit_symbol_delay,8,3,C:\Users\Jbarrett\Charlie\charlie\stimuli\visual\digit_symbol_delay\sym3.bmp,4,2390
4413,digit_symbol_delay,0,6,C:\Users\Jbarrett\Charlie\charlie\stimuli\visual\digit_symbol_delay\sym6.bmp,5,1120
4413,digit_symbol_delay,1,7,C:\Users\Jbarrett\Charlie\charlie\stimuli\visual\digit_symbol_delay\sym7.bmp,7,8851
4413,digit_symbol_delay,2,4,C:\Users\Jbarrett\Charlie\charlie\stimuli\visual\digit_symbol_delay\sym4.bmp,2,10310
4413,digit_symbol_delay,3,8,C:\Users\Jbarrett\Charlie\charlie\stimuli\visual\digit_symbol_delay\sym8.bmp,9,6081
4413,digit_symbol_delay,4,5,C:\Users\Jbarrett\Charlie\charlie\stimuli\visual\digit_symbol_delay\sym5.bmp,8,11460
4413,digit_symbol_delay,5,1,C:\Users\Jbarrett\Charlie\charlie\stimuli\visual\digit_symbol_delay\sym1.bmp,3,6351
4413,digit_symbol_delay,6,9,C:\Users\Jbarrett\Charlie\charlie\stimuli\visual\digit_symbol_delay\sym9.bmp,5,12280
4413,digit_symbol_delay,7,2,C:\Users\Jbarrett\Charlie\charlie\stimuli\visual\digit_symbol_delay\sym2.bmp,8,9741
4413,digit_symbol_delay,8,3,C:\Users\Jbarrett\Charlie\charlie\stimuli\visual\digit_symbol_delay\sym3.bmp,3,11861
4414,digit_symbol_delay,0,6,c:\Charlie\charlie\stimuli\visual\digit_symbol_delay\sym6.bmp,6,7690
4414,digit_symbol_delay,1,7,c:\Charlie\charlie\stimuli\visual\digit_symbol_delay\sym7.bmp,7,3820
4414,digit_symbol_delay,2,4,c:\Charlie\charlie\stimuli\visual\digit_symbol_delay\sym4.bmp,4,3631
4414,digit_symbol_delay,3,8,c:\Charlie\charlie\stimuli\visual\digit_symbol_delay\sym8.bmp,8,1870
4414,digit_symbol_delay,4,5,c:\Charlie\charlie\stimuli\visual\digit_symbol_delay\sym5.bmp,9,5920
4414,digit_symbol_delay,5,1,c:\Charlie\charlie\stimuli\visual\digit_symbol_delay\sym1.bmp,1,3270
4414,digit_symbol_delay,6,9,c:\Charlie\charlie\stimuli\visual\digit_symbol_delay\sym9.bmp,5,3230
4414,digit_symbol_delay,7,2,c:\Charlie\charlie\stimuli\visual\digit_symbol_delay\sym2.bmp,2,2191
4414,digit_symbol_delay,8,3,c:\Charlie\charlie\stimuli\visual\digit_symbol_delay\sym3.bmp,5,2060
4415,digit_symbol_delay,0,6,c:\Charlie\charlie\stimuli\visual\digit_symbol_delay\sym6.bmp,6,4871
4415,digit_symbol_delay,1,7,c:\Charlie\charlie\stimuli\visual\digit_symbol_delay\sym7.bmp,7,1320
4415,digit_symbol_delay,2,4,c:\Charlie\charlie\stimuli\visual\digit_symbol_delay\sym4.bmp,4,1270
4415,digit_symbol_delay,3,8,c:\Charlie\charlie\stimuli\visual\digit_symbol_delay\sym8.bmp,8,1610
4415,digit_symbol_delay,4,5,c:\Charlie\charlie\stimuli\visual\digit_symbol_delay\sym5.bmp,5,5760
4415,digit_symbol_delay,5,1,c:\Charlie\charlie\stimuli\visual\digit_symbol_delay\sym1.bmp,1,1541
4415,digit_symbol_delay,6,9,c:\Charlie\charlie\stimuli\visual\digit_symbol_delay\sym9.bmp,9,3470
4415,digit_symbol_delay,7,2,c:\Charlie\charlie\stimuli\visual\digit_symbol_delay\sym2.bmp,2,1360
4415,digit_symbol_delay,8,3,c:\Charlie\charlie\stimuli\visual\digit_symbol_delay\sym3.bmp,3,1690
4416,digit_symbol_delay,0,6,C:\Users\Jbarrett\Charlie\charlie\stimuli\visual\digit_symbol_delay\sym6.bmp,6,5772
4416,digit_symbol_delay,1,7,C:\Users\Jbarrett\Charlie\charlie\stimuli\visual\digit_symbol_delay\sym7.bmp,7,1910
4416,digit_symbol_delay,2,4,C:\Users\Jbarrett\Charlie\charlie\stimuli\visual\digit_symbol_delay\sym4.bmp,4,2340
4416,digit_symbol_delay,3,8,C:\Users\Jbarrett\Charlie\charlie\stimuli\visual\digit_symbol_delay\sym8.bmp,8,2200
4416,digit_symbol_delay,4,5,C:\Users\Jbarrett\Charlie\charlie\stimuli\visual\digit_symbol_delay\sym5.bmp,5,4600
4416,digit_symbol_delay,5,1,C:\Users\Jbarrett\Charlie\charlie\stimuli\visual\digit_symbol_delay\sym1.bmp,1,1750
4416,digit_symbol_delay,6,9,C:\Users\Jbarrett\Charlie\charlie\stimuli\visual\digit_symbol_delay\sym9.bmp,9,4041
4416,digit_symbol_delay,7,2,C:\Users\Jbarrett\Charlie\charlie\stimuli\visual\digit_symbol_delay\sym2.bmp,2,2100
4416,digit_symbol_delay,8,3,C:\Users\Jbarrett\Charlie\charlie\stimuli\visual\digit_symbol_delay\sym3.bmp,3,1310
4417,digit_symbol_delay,0,6,c:\Charlie\charlie\stimuli\visual\digit_symbol_delay\sym6.bmp,1,27432
4417,digit_symbol_delay,1,7,c:\Charlie\charlie\stimuli\visual\digit_symbol_delay\sym7.bmp,4,1300
4417,digit_symbol_delay,2,4,c:\Charlie\charlie\stimuli\visual\digit_symbol_delay\sym4.bmp,6,4970
4417,digit_symbol_delay,3,8,c:\Charlie\charlie\stimuli\visual\digit_symbol_delay\sym8.bmp,8,3860
4417,digit_symbol_delay,4,5,c:\Charlie\charlie\stimuli\visual\digit_symbol_delay\sym5.bmp,9,4291
4417,digit_symbol_delay,5,1,c:\Charlie\charlie\stimuli\visual\digit_symbol_delay\sym1.bmp,2,3770
4417,digit_symbol_delay,6,9,c:\Charlie\charlie\stimuli\visual\digit_symbol_delay\sym9.bmp,4,2960
4417,digit_symbol_delay,7,2,c:\Charlie\charlie\stimuli\visual\digit_symbol_delay\sym2.bmp,6,3920
4417,digit_symbol_delay,8,3,c:\Charlie\charlie\stimuli\visual\digit_symbol_delay\sym3.bmp,3,2610
4420,digit_symbol_delay,0,6,c:\Charlie\charlie\stimuli\visual\digit_symbol_delay\sym6.bmp,6,4241
4420,digit_symbol_delay,1,7,c:\Charlie\charlie\stimuli\visual\digit_symbol_delay\sym7.bmp,7,3150
4420,digit_symbol_delay,2,4,c:\Charlie\charlie\stimuli\visual\digit_symbol_delay\sym4.bmp,8,4490
4420,digit_symbol_delay,3,8,c:\Charlie\charlie\stimuli\visual\digit_symbol_delay\sym8.bmp,5,2980
4420,digit_symbol_delay,4,5,c:\Charlie\charlie\stimuli\visual\digit_symbol_delay\sym5.bmp,9,3780
4420,digit_symbol_delay,5,1,c:\Charlie\charlie\stimuli\visual\digit_symbol_delay\sym1.bmp,1,2591
4420,digit_symbol_delay,6,9,c:\Charlie\charlie\stimuli\visual\digit_symbol_delay\sym9.bmp,9,2060
4420,digit_symbol_delay,7,2,c:\Charlie\charlie\stimuli\visual\digit_symbol_delay\sym2.bmp,2,2280
4420,digit_symbol_delay,8,3,c:\Charlie\charlie\stimuli\visual\digit_symbol_delay\sym3.bmp,3,1500
4421,digit_symbol_delay,0,6,C:\Users\oleach\Charlie-master\Charlie-master\charlie\stimuli\visual\digit_symbol_delay\sym6.bmp,6,2761
4421,digit_symbol_delay,1,7,C:\Users\oleach\Charlie-master\Charlie-master\charlie\stimuli\visual\digit_symbol_delay\sym7.bmp,5,8560
4421,digit_symbol_delay,2,4,C:\Users\oleach\Charlie-master\Charlie-master\charlie\stimuli\visual\digit_symbol_delay\sym4.bmp,4,1570
4421,digit_symbol_delay,3,8,C:\Users\oleach\Charlie-master\Charlie-master\charlie\stimuli\visual\digit_symbol_delay\sym8.bmp,8,1690
4421,digit_symbol_delay,4,5,C:\Users\oleach\Charlie-master\Charlie-master\charlie\stimuli\visual\digit_symbol_delay\sym5.bmp,4,3031
4421,digit_symbol_delay,5,1,C:\Users\oleach\Charlie-master\Charlie-master\charlie\stimuli\visual\digit_symbol_delay\sym1.bmp,7,2820
4421,digit_symbol_delay,6,9,C:\Users\oleach\Charlie-master\Charlie-master\charlie\stimuli\visual\digit_symbol_delay\sym9.bmp,9,1540
4421,digit_symbol_delay,7,2,C:\Users\oleach\Charlie-master\Charlie-master\charlie\stimuli\visual\digit_symbol_delay\sym2.bmp,2,1780
4421,digit_symbol_delay,8,3,C:\Users\oleach\Charlie-master\Charlie-master\charlie\stimuli\visual\digit_symbol_delay\sym3.bmp,3,1370
4422,digit_symbol_delay,0,6,C:\Users\Jbarrett\Charlie\charlie\stimuli\visual\digit_symbol_delay\sym6.bmp,6,2050
4422,digit_symbol_delay,1,7,C:\Users\Jbarrett\Charlie\charlie\stimuli\visual\digit_symbol_delay\sym7.bmp,7,6320
4422,digit_symbol_delay,2,4,C:\Users\Jbarrett\Charlie\charlie\stimuli\visual\digit_symbol_delay\sym4.bmp,4,6605
4422,digit_symbol_delay,3,8,C:\Users\Jbarrett\Charlie\charlie\stimuli\visual\digit_symbol_delay\sym8.bmp,8,1360
4422,digit_symbol_delay,4,5,C:\Users\Jbarrett\Charlie\charlie\stimuli\visual\digit_symbol_delay\sym5.bmp,5,2080
4422,digit_symbol_delay,5,1,C:\Users\Jbarrett\Charlie\charlie\stimuli\visual\digit_symbol_delay\sym1.bmp,1,1560
4422,digit_symbol_delay,6,9,C:\Users\Jbarrett\Charlie\charlie\stimuli\visual\digit_symbol_delay\sym9.bmp,9,1650
4422,digit_symbol_delay,7,2,C:\Users\Jbarrett\Charlie\charlie\stimuli\visual\digit_symbol_delay\sym2.bmp,2,1300
4422,digit_symbol_delay,8,3,C:\Users\Jbarrett\Charlie\charlie\stimuli\visual\digit_symbol_delay\sym3.bmp,3,1180
4423,digit_symbol_delay,0,6,C:\Users\Jbarrett\Charlie\charlie\stimuli\visual\digit_symbol_delay\sym6.bmp,5,1880
4423,digit_symbol_delay,1,7,C:\Users\Jbarrett\Charlie\charlie\stimuli\visual\digit_symbol_delay\sym7.bmp,6,7650
4423,digit_symbol_delay,2,4,C:\Users\Jbarrett\Charlie\charlie\stimuli\visual\digit_symbol_delay\sym4.bmp,7,2290
4423,digit_symbol_delay,3,8,C:\Users\Jbarrett\Charlie\charlie\stimuli\visual\digit_symbol_delay\sym8.bmp,8,2871
4423,digit_symbol_delay,4,5,C:\Users\Jbarrett\Charlie\charlie\stimuli\visual\digit_symbol_delay\sym5.bmp,3,2630
4423,digit_symbol_delay,5,1,C:\Users\Jbarrett\Charlie\charlie\stimuli\visual\digit_symbol_delay\sym1.bmp,1,1360
4423,digit_symbol_delay,6,9,C:\Users\Jbarrett\Charlie\charlie\stimuli\visual\digit_symbol_delay\sym9.bmp,7,2560
4423,digit_symbol_delay,7,2,C:\Users\Jbarrett\Charlie\charlie\stimuli\visual\digit_symbol_delay\sym2.bmp,2,2140
4423,digit_symbol_delay,8,3,C:\Users\Jbarrett\Charlie\charlie\stimuli\visual\digit_symbol_delay\sym3.bmp,3,1140
4424,digit_symbol_delay,0,6,C:\Users\Jbarrett\Charlie\charlie\stimuli\visual\digit_symbol_delay\sym6.bmp,6,17071
4424,digit_symbol_delay,1,7,C:\Users\Jbarrett\Charlie\charlie\stimuli\visual\digit_symbol_delay\sym7.bmp,8,1780
4424,digit_symbol_delay,2,4,C:\Users\Jbarrett\Charlie\charlie\stimuli\visual\digit_symbol_delay\sym4.bmp,7,4480
4424,digit_symbol_delay,3,8,C:\Users\Jbarrett\Charlie\charlie\stimuli\visual\digit_symbol_delay\sym8.bmp,8,2560
4424,digit_symbol_delay,4,5,C:\Users\Jbarrett\Charlie\charlie\stimuli\visual\digit_symbol_delay\sym5.bmp,9,4100
4424,digit_symbol_delay,5,1,C:\Users\Jbarrett\Charlie\charlie\stimuli\visual\digit_symbol_delay\sym1.bmp,3,3170
4424,digit_symbol_delay,6,9,C:\Users\Jbarrett\Charlie\charlie\stimuli\visual\digit_symbol_delay\sym9.bmp,4,2231
4424,digit_symbol_delay,7,2,C:\Users\Jbarrett\Charlie\charlie\stimuli\visual\digit_symbol_delay\sym2.bmp,2,1900
4424,digit_symbol_delay,8,3,C:\Users\Jbarrett\Charlie\charlie\stimuli\visual\digit_symbol_delay\sym3.bmp,3,2020
4425,digit_symbol_delay,0,6,c:\Charlie\charlie\stimuli\visual\digit_symbol_delay\sym6.bmp,3,50152
4425,digit_symbol_delay,1,7,c:\Charlie\charlie\stimuli\visual\digit_symbol_delay\sym7.bmp,7,7541
4425,digit_symbol_delay,2,4,c:\Charlie\charlie\stimuli\visual\digit_symbol_delay\sym4.bmp,5,3360
4425,digit_symbol_delay,3,8,c:\Charlie\charlie\stimuli\visual\digit_symbol_delay\sym8.bmp,8,3010
4425,digit_symbol_delay,4,5,c:\Charlie\charlie\stimuli\visual\digit_symbol_delay\sym5.bmp,8,1430
4425,digit_symbol_delay,5,1,c:\Charlie\charlie\stimuli\visual\digit_symbol_delay\sym1.bmp,2,5070
4425,digit_symbol_delay,6,9,c:\Charlie\charlie\stimuli\visual\digit_symbol_delay\sym9.bmp,7,3531
4425,digit_symbol_delay,7,2,c:\Charlie\charlie\stimuli\visual\digit_symbol_delay\sym2.bmp,4,3390
4425,digit_symbol_delay,8,3,c:\Charlie\charlie\stimuli\visual\digit_symbol_delay\sym3.bmp,3,1740
4426,digit_symbol_delay,0,6,C:\Users\oleach\Charlie-master\Charlie-master\charlie\stimuli\visual\digit_symbol_delay\sym6.bmp,3,6630
4426,digit_symbol_delay,1,7,C:\Users\oleach\Charlie-master\Charlie-master\charlie\stimuli\visual\digit_symbol_delay\sym7.bmp,7,3051
4426,digit_symbol_delay,2,4,C:\Users\oleach\Charlie-master\Charlie-master\charlie\stimuli\visual\digit_symbol_delay\sym4.bmp,8,3340
4426,digit_symbol_delay,3,8,C:\Users\oleach\Charlie-master\Charlie-master\charlie\stimuli\visual\digit_symbol_delay\sym8.bmp,8,2650
4426,digit_symbol_delay,4,5,C:\Users\oleach\Charlie-master\Charlie-master\charlie\stimuli\visual\digit_symbol_delay\sym5.bmp,4,8110
4426,digit_symbol_delay,5,1,C:\Users\oleach\Charlie-master\Charlie-master\charlie\stimuli\visual\digit_symbol_delay\sym1.bmp,1,5291
4426,digit_symbol_delay,6,9,C:\Users\oleach\Charlie-master\Charlie-master\charlie\stimuli\visual\digit_symbol_delay\sym9.bmp,2,2750
4426,digit_symbol_delay,7,2,C:\Users\oleach\Charlie-master\Charlie-master\charlie\stimuli\visual\digit_symbol_delay\sym2.bmp,9,7140
4426,digit_symbol_delay,8,3,C:\Users\oleach\Charlie-master\Charlie-master\charlie\stimuli\visual\digit_symbol_delay\sym3.bmp,8,6151
4427,digit_symbol_delay,0,6,C:\Users\Jbarrett\Charlie\charlie\stimuli\visual\digit_symbol_delay\sym6.bmp,6,1330
4427,digit_symbol_delay,1,7,C:\Users\Jbarrett\Charlie\charlie\stimuli\visual\digit_symbol_delay\sym7.bmp,7,4870
4427,digit_symbol_delay,2,4,C:\Users\Jbarrett\Charlie\charlie\stimuli\visual\digit_symbol_delay\sym4.bmp,9,7050
4427,digit_symbol_delay,3,8,C:\Users\Jbarrett\Charlie\charlie\stimuli\visual\digit_symbol_delay\sym8.bmp,2,5231
4427,digit_symbol_delay,4,5,C:\Users\Jbarrett\Charlie\charlie\stimuli\visual\digit_symbol_delay\sym5.bmp,1,4880
4427,digit_symbol_delay,5,1,C:\Users\Jbarrett\Charlie\charlie\stimuli\visual\digit_symbol_delay\sym1.bmp,4,7720
4427,digit_symbol_delay,6,9,C:\Users\Jbarrett\Charlie\charlie\stimuli\visual\digit_symbol_delay\sym9.bmp,5,7561
4427,digit_symbol_delay,7,2,C:\Users\Jbarrett\Charlie\charlie\stimuli\visual\digit_symbol_delay\sym2.bmp,4,7530
4427,digit_symbol_delay,8,3,C:\Users\Jbarrett\Charlie\charlie\stimuli\visual\digit_symbol_delay\sym3.bmp,8,5921
4428,digit_symbol_delay,0,6,c:\Charlie\charlie\stimuli\visual\digit_symbol_delay\sym6.bmp,6,3500
4428,digit_symbol_delay,1,7,c:\Charlie\charlie\stimuli\visual\digit_symbol_delay\sym7.bmp,8,2991
4428,digit_symbol_delay,2,4,c:\Charlie\charlie\stimuli\visual\digit_symbol_delay\sym4.bmp,8,1210
4428,digit_symbol_delay,3,8,c:\Charlie\charlie\stimuli\visual\digit_symbol_delay\sym8.bmp,9,360
4428,digit_symbol_delay,4,5,c:\Charlie\charlie\stimuli\visual\digit_symbol_delay\sym5.bmp,5,5690
4428,digit_symbol_delay,5,1,c:\Charlie\charlie\stimuli\visual\digit_symbol_delay\sym1.bmp,1,3360
4428,digit_symbol_delay,6,9,c:\Charlie\charlie\stimuli\visual\digit_symbol_delay\sym9.bmp,4,2881
4428,digit_symbol_delay,7,2,c:\Charlie\charlie\stimuli\visual\digit_symbol_delay\sym2.bmp,2,3320
4428,digit_symbol_delay,8,3,c:\Charlie\charlie\stimuli\visual\digit_symbol_delay\sym3.bmp,3,2180
4429,digit_symbol_delay,0,6,C:\Users\Jbarrett\Charlie\charlie\stimuli\visual\digit_symbol_delay\sym6.bmp,6,21912
4429,digit_symbol_delay,1,7,C:\Users\Jbarrett\Charlie\charlie\stimuli\visual\digit_symbol_delay\sym7.bmp,8,4670
4429,digit_symbol_delay,2,4,C:\Users\Jbarrett\Charlie\charlie\stimuli\visual\digit_symbol_delay\sym4.bmp,4,4780
4429,digit_symbol_delay,3,8,C:\Users\Jbarrett\Charlie\charlie\stimuli\visual\digit_symbol_delay\sym8.bmp,7,2320
4429,digit_symbol_delay,4,5,C:\Users\Jbarrett\Charlie\charlie\stimuli\visual\digit_symbol_delay\sym5.bmp,4,2690
4429,digit_symbol_delay,5,1,C:\Users\Jbarrett\Charlie\charlie\stimuli\visual\digit_symbol_delay\sym1.bmp,9,1790
4429,digit_symbol_delay,6,9,C:\Users\Jbarrett\Charlie\charlie\stimuli\visual\digit_symbol_delay\sym9.bmp,6,3040
4429,digit_symbol_delay,7,2,C:\Users\Jbarrett\Charlie\charlie\stimuli\visual\digit_symbol_delay\sym2.bmp,9,4760
4429,digit_symbol_delay,8,3,C:\Users\Jbarrett\Charlie\charlie\stimuli\visual\digit_symbol_delay\sym3.bmp,3,5761
4430,digit_symbol_delay,0,6,C:\Users\oleach\Charlie-master\Charlie-master\charlie\stimuli\visual\digit_symbol_delay\sym6.bmp,5,1940
4430,digit_symbol_delay,1,7,C:\Users\oleach\Charlie-master\Charlie-master\charlie\stimuli\visual\digit_symbol_delay\sym7.bmp,7,6310
4430,digit_symbol_delay,2,4,C:\Users\oleach\Charlie-master\Charlie-master\charlie\stimuli\visual\digit_symbol_delay\sym4.bmp,4,2220
4430,digit_symbol_delay,3,8,C:\Users\oleach\Charlie-master\Charlie-master\charlie\stimuli\visual\digit_symbol_delay\sym8.bmp,7,5211
4430,digit_symbol_delay,4,5,C:\Users\oleach\Charlie-master\Charlie-master\charlie\stimuli\visual\digit_symbol_delay\sym5.bmp,8,3010
4430,digit_symbol_delay,5,1,C:\Users\oleach\Charlie-master\Charlie-master\charlie\stimuli\visual\digit_symbol_delay\sym1.bmp,2,1960
4430,digit_symbol_delay,6,9,C:\Users\oleach\Charlie-master\Charlie-master\charlie\stimuli\visual\digit_symbol_delay\sym9.bmp,9,2220
4430,digit_symbol_delay,7,2,C:\Users\oleach\Charlie-master\Charlie-master\charlie\stimuli\visual\digit_symbol_delay\sym2.bmp,3,440
4430,digit_symbol_delay,8,3,C:\Users\oleach\Charlie-master\Charlie-master\charlie\stimuli\visual\digit_symbol_delay\sym3.bmp,4,3410
4432,digit_symbol_delay,0,6,C:\Users\oleach\Charlie-master\Charlie-master\charlie\stimuli\visual\digit_symbol_delay\sym6.bmp,6,11350
4432,digit_symbol_delay,1,7,C:\Users\oleach\Charlie-master\Charlie-master\charlie\stimuli\visual\digit_symbol_delay\sym7.bmp,7,2440
4432,digit_symbol_delay,2,4,C:\Users\oleach\Charlie-master\Charlie-master\charlie\stimuli\visual\digit_symbol_delay\sym4.bmp,4,2681
4432,digit_symbol_delay,3,8,C:\Users\oleach\Charlie-master\Charlie-master\charlie\stimuli\visual\digit_symbol_delay\sym8.bmp,8,6440
4432,digit_symbol_delay,4,5,C:\Users\oleach\Charlie-master\Charlie-master\charlie\stimuli\visual\digit_symbol_delay\sym5.bmp,7,640
4432,digit_symbol_delay,5,1,C:\Users\oleach\Charlie-master\Charlie-master\charlie\stimuli\visual\digit_symbol_delay\sym1.bmp,2,1700
4432,digit_symbol_delay,6,9,C:\Users\oleach\Charlie-master\Charlie-master\charlie\stimuli\visual\digit_symbol_delay\sym9.bmp,9,4790
4432,digit_symbol_delay,7,2,C:\Users\oleach\Charlie-master\Charlie-master\charlie\stimuli\visual\digit_symbol_delay\sym2.bmp,4,4811
4432,digit_symbol_delay,8,3,C:\Users\oleach\Charlie-master\Charlie-master\charlie\stimuli\visual\digit_symbol_delay\sym3.bmp,3,1250
4433,digit_symbol_delay,0,6,C:\Users\Jbarrett\Charlie\charlie\stimuli\visual\digit_symbol_delay\sym6.bmp,6,17411
4433,digit_symbol_delay,1,7,C:\Users\Jbarrett\Charlie\charlie\stimuli\visual\digit_symbol_delay\sym7.bmp,5,5101
4433,digit_symbol_delay,2,4,C:\Users\Jbarrett\Charlie\charlie\stimuli\visual\digit_symbol_delay\sym4.bmp,7,5670
4433,digit_symbol_delay,3,8,C:\Users\Jbarrett\Charlie\charlie\stimuli\visual\digit_symbol_delay\sym8.bmp,8,3440
4433,digit_symbol_delay,4,5,C:\Users\Jbarrett\Charlie\charlie\stimuli\visual\digit_symbol_delay\sym5.bmp,4,3360
4433,digit_symbol_delay,5,1,C:\Users\Jbarrett\Charlie\charlie\stimuli\visual\digit_symbol_delay\sym1.bmp,3,1970
4433,digit_symbol_delay,6,9,C:\Users\Jbarrett\Charlie\charlie\stimuli\visual\digit_symbol_delay\sym9.bmp,5,3081
4433,digit_symbol_delay,7,2,C:\Users\Jbarrett\Charlie\charlie\stimuli\visual\digit_symbol_delay\sym2.bmp,2,2190
4433,digit_symbol_delay,8,3,C:\Users\Jbarrett\Charlie\charlie\stimuli\visual\digit_symbol_delay\sym3.bmp,6,3170
4434,digit_symbol_delay,0,6,C:\Users\oleach\Charlie-master\Charlie-master\charlie\stimuli\visual\digit_symbol_delay\sym6.bmp,3,3270
4434,digit_symbol_delay,1,7,C:\Users\oleach\Charlie-master\Charlie-master\charlie\stimuli\visual\digit_symbol_delay\sym7.bmp,7,2430
4434,digit_symbol_delay,2,4,C:\Users\oleach\Charlie-master\Charlie-master\charlie\stimuli\visual\digit_symbol_delay\sym4.bmp,4,2141
4434,digit_symbol_delay,3,8,C:\Users\oleach\Charlie-master\Charlie-master\charlie\stimuli\visual\digit_symbol_delay\sym8.bmp,8,3570
4434,digit_symbol_delay,4,5,C:\Users\oleach\Charlie-master\Charlie-master\charlie\stimuli\visual\digit_symbol_delay\sym5.bmp,9,3870
4434,digit_symbol_delay,5,1,C:\Users\oleach\Charlie-master\Charlie-master\charlie\stimuli\visual\digit_symbol_delay\sym1.bmp,2,880
4434,digit_symbol_delay,6,9,C:\Users\oleach\Charlie-master\Charlie-master\charlie\stimuli\visual\digit_symbol_delay\sym9.bmp,9,4110
4434,digit_symbol_delay,7,2,C:\Users\oleach\Charlie-master\Charlie-master\charlie\stimuli\visual\digit_symbol_delay\sym2.bmp,4,3171
4434,digit_symbol_delay,8,3,C:\Users\oleach\Charlie-master\Charlie-master\charlie\stimuli\visual\digit_symbol_delay\sym3.bmp,5,430
4435,digit_symbol_delay,0,6,c:\Charlie\charlie\stimuli\visual\digit_symbol_delay\sym6.bmp,6,8830
4435,digit_symbol_delay,1,7,c:\Charlie\charlie\stimuli\visual\digit_symbol_delay\sym7.bmp,7,2381
4435,digit_symbol_delay,2,4,c:\Charlie\charlie\stimuli\visual\digit_symbol_delay\sym4.bmp,4,4320
4435,digit_symbol_delay,3,8,c:\Charlie\charlie\stimuli\visual\digit_symbol_delay\sym8.bmp,8,1890
4435,digit_symbol_delay,4,5,c:\Charlie\charlie\stimuli\visual\digit_symbol_delay\sym5.bmp,9,10050
4435,digit_symbol_delay,5,1,c:\Charlie\charlie\stimuli\visual\digit_symbol_delay\sym1.bmp,3,2941
4435,digit_symbol_delay,6,9,c:\Charlie\charlie\stimuli\visual\digit_symbol_delay\sym9.bmp,2,9950
4435,digit_symbol_delay,7,2,c:\Charlie\charlie\stimuli\visual\digit_symbol_delay\sym2.bmp,2,5961
4435,digit_symbol_delay,8,3,c:\Charlie\charlie\stimuli\visual\digit_symbol_delay\sym3.bmp,3,1580
4436,digit_symbol_delay,0,6,C:\Users\oleach\Charlie-master\Charlie-master\charlie\stimuli\visual\digit_symbol_delay\sym6.bmp,6,5080
4436,digit_symbol_delay,1,7,C:\Users\oleach\Charlie-master\Charlie-master\charlie\stimuli\visual\digit_symbol_delay\sym7.bmp,7,9120
4436,digit_symbol_delay,2,4,C:\Users\oleach\Charlie-master\Charlie-master\charlie\stimuli\visual\digit_symbol_delay\sym4.bmp,8,6481
4436,digit_symbol_delay,3,8,C:\Users\oleach\Charlie-master\Charlie-master\charlie\stimuli\visual\digit_symbol_delay\sym8.bmp,5,5540
4436,digit_symbol_delay,4,5,C:\Users\oleach\Charlie-master\Charlie-master\charlie\stimuli\visual\digit_symbol_delay\sym5.bmp,9,7690
4436,digit_symbol_delay,5,1,C:\Users\oleach\Charlie-master\Charlie-master\charlie\stimuli\visual\digit_symbol_delay\sym1.bmp,1,1781
4436,digit_symbol_delay,6,9,C:\Users\oleach\Charlie-master\Charlie-master\charlie\stimuli\visual\digit_symbol_delay\sym9.bmp,7,7610
4436,digit_symbol_delay,7,2,C:\Users\oleach\Charlie-master\Charlie-master\charlie\stimuli\visual\digit_symbol_delay\sym2.bmp,2,5670
4436,digit_symbol_delay,8,3,C:\Users\oleach\Charlie-master\Charlie-master\charlie\stimuli\visual\digit_symbol_delay\sym3.bmp,3,1960
4439,digit_symbol_delay,0,6,c:\Charlie\charlie\stimuli\visual\digit_symbol_delay\sym6.bmp,4,17751
4439,digit_symbol_delay,1,7,c:\Charlie\charlie\stimuli\visual\digit_symbol_delay\sym7.bmp,7,5110
4439,digit_symbol_delay,2,4,c:\Charlie\charlie\stimuli\visual\digit_symbol_delay\sym4.bmp,4,2061
4439,digit_symbol_delay,3,8,c:\Charlie\charlie\stimuli\visual\digit_symbol_delay\sym8.bmp,8,2510
4439,digit_symbol_delay,4,5,c:\Charlie\charlie\stimuli\visual\digit_symbol_delay\sym5.bmp,9,7491
4439,digit_symbol_delay,5,1,c:\Charlie\charlie\stimuli\visual\digit_symbol_delay\sym1.bmp,2,2690
4439,digit_symbol_delay,6,9,c:\Charlie\charlie\stimuli\visual\digit_symbol_delay\sym9.bmp,9,5450
4439,digit_symbol_delay,7,2,c:\Charlie\charlie\stimuli\visual\digit_symbol_delay\sym2.bmp,2,3870
4439,digit_symbol_delay,8,3,c:\Charlie\charlie\stimuli\visual\digit_symbol_delay\sym3.bmp,3,2110
4440,digit_symbol_delay,0,6,c:\Charlie\charlie\stimuli\visual\digit_symbol_delay\sym6.bmp,7,7001
4440,digit_symbol_delay,1,7,c:\Charlie\charlie\stimuli\visual\digit_symbol_delay\sym7.bmp,5,3560
4440,digit_symbol_delay,2,4,c:\Charlie\charlie\stimuli\visual\digit_symbol_delay\sym4.bmp,6,4160
4440,digit_symbol_delay,3,8,c:\Charlie\charlie\stimuli\visual\digit_symbol_delay\sym8.bmp,9,1770
4440,digit_symbol_delay,4,5,c:\Charlie\charlie\stimuli\visual\digit_symbol_delay\sym5.bmp,4,1980
4440,digit_symbol_delay,5,1,c:\Charlie\charlie\stimuli\visual\digit_symbol_delay\sym1.bmp,1,1430
4440,digit_symbol_delay,6,9,c:\Charlie\charlie\stimuli\visual\digit_symbol_delay\sym9.bmp,7,2480
4440,digit_symbol_delay,7,2,c:\Charlie\charlie\stimuli\visual\digit_symbol_delay\sym2.bmp,3,1791
4440,digit_symbol_delay,8,3,c:\Charlie\charlie\stimuli\visual\digit_symbol_delay\sym3.bmp,8,4430
4441,digit_symbol_delay,0,6,C:\Users\oleach\Charlie\charlie\stimuli\visual\digit_symbol_delay\sym6.bmp,6,7710
4441,digit_symbol_delay,1,7,C:\Users\oleach\Charlie\charlie\stimuli\visual\digit_symbol_delay\sym7.bmp,7,3020
4441,digit_symbol_delay,2,4,C:\Users\oleach\Charlie\charlie\stimuli\visual\digit_symbol_delay\sym4.bmp,7,520
4441,digit_symbol_delay,3,8,C:\Users\oleach\Charlie\charlie\stimuli\visual\digit_symbol_delay\sym8.bmp,7,360
4441,digit_symbol_delay,4,5,C:\Users\oleach\Charlie\charlie\stimuli\visual\digit_symbol_delay\sym5.bmp,7,290
4441,digit_symbol_delay,5,1,C:\Users\oleach\Charlie\charlie\stimuli\visual\digit_symbol_delay\sym1.bmp,7,240
4441,digit_symbol_delay,6,9,C:\Users\oleach\Charlie\charlie\stimuli\visual\digit_symbol_delay\sym9.bmp,7,430
4441,digit_symbol_delay,7,2,C:\Users\oleach\Charlie\charlie\stimuli\visual\digit_symbol_delay\sym2.bmp,7,230
4441,digit_symbol_delay,8,3,C:\Users\oleach\Charlie\charlie\stimuli\visual\digit_symbol_delay\sym3.bmp,7,240
4443,digit_symbol_delay,0,6,c:\Charlie\charlie\stimuli\visual\digit_symbol_delay\sym6.bmp,3,7180
4443,digit_symbol_delay,1,7,c:\Charlie\charlie\stimuli\visual\digit_symbol_delay\sym7.bmp,7,2330
4443,digit_symbol_delay,2,4,c:\Charlie\charlie\stimuli\visual\digit_symbol_delay\sym4.bmp,4,5090
4443,digit_symbol_delay,3,8,c:\Charlie\charlie\stimuli\visual\digit_symbol_delay\sym8.bmp,8,1110
4443,digit_symbol_delay,4,5,c:\Charlie\charlie\stimuli\visual\digit_symbol_delay\sym5.bmp,6,3081
4443,digit_symbol_delay,5,1,c:\Charlie\charlie\stimuli\visual\digit_symbol_delay\sym1.bmp,1,2310
4443,digit_symbol_delay,6,9,c:\Charlie\charlie\stimuli\visual\digit_symbol_delay\sym9.bmp,9,1750
4443,digit_symbol_delay,7,2,c:\Charlie\charlie\stimuli\visual\digit_symbol_delay\sym2.bmp,2,1740
4443,digit_symbol_delay,8,3,c:\Charlie\charlie\stimuli\visual\digit_symbol_delay\sym3.bmp,3,1320
4444,digit_symbol_delay,0,6,C:\Users\oleach\Charlie\charlie\stimuli\visual\digit_symbol_delay\sym6.bmp,6,6580
4444,digit_symbol_delay,1,7,C:\Users\oleach\Charlie\charlie\stimuli\visual\digit_symbol_delay\sym7.bmp,7,3021
4444,digit_symbol_delay,2,4,C:\Users\oleach\Charlie\charlie\stimuli\visual\digit_symbol_delay\sym4.bmp,4,2440
4444,digit_symbol_delay,3,8,C:\Users\oleach\Charlie\charlie\stimuli\visual\digit_symbol_delay\sym8.bmp,8,2090
4444,digit_symbol_delay,4,5,C:\Users\oleach\Charlie\charlie\stimuli\visual\digit_symbol_delay\sym5.bmp,3,3400
4444,digit_symbol_delay,5,1,C:\Users\oleach\Charlie\charlie\stimuli\visual\digit_symbol_delay\sym1.bmp,1,2150
4444,digit_symbol_delay,6,9,C:\Users\oleach\Charlie\charlie\stimuli\visual\digit_symbol_delay\sym9.bmp,9,5631
4444,digit_symbol_delay,7,2,C:\Users\oleach\Charlie\charlie\stimuli\visual\digit_symbol_delay\sym2.bmp,2,3570
4444,digit_symbol_delay,8,3,C:\Users\oleach\Charlie\charlie\stimuli\visual\digit_symbol_delay\sym3.bmp,5,4120
4445,digit_symbol_delay,0,6,C:\Users\Jbarrett\Charlie\charlie\stimuli\visual\digit_symbol_delay\sym6.bmp,4,13810
4445,digit_symbol_delay,1,7,C:\Users\Jbarrett\Charlie\charlie\stimuli\visual\digit_symbol_delay\sym7.bmp,7,2880
4445,digit_symbol_delay,2,4,C:\Users\Jbarrett\Charlie\charlie\stimuli\visual\digit_symbol_delay\sym4.bmp,5,3161
4445,digit_symbol_delay,3,8,C:\Users\Jbarrett\Charlie\charlie\stimuli\visual\digit_symbol_delay\sym8.bmp,8,3440
4445,digit_symbol_delay,4,5,C:\Users\Jbarrett\Charlie\charlie\stimuli\visual\digit_symbol_delay\sym5.bmp,3,7350
4445,digit_symbol_delay,5,1,C:\Users\Jbarrett\Charlie\charlie\stimuli\visual\digit_symbol_delay\sym1.bmp,2,4551
4445,digit_symbol_delay,6,9,C:\Users\Jbarrett\Charlie\charlie\stimuli\visual\digit_symbol_delay\sym9.bmp,5,10430
4445,digit_symbol_delay,7,2,C:\Users\Jbarrett\Charlie\charlie\stimuli\visual\digit_symbol_delay\sym2.bmp,2,2770
4445,digit_symbol_delay,8,3,C:\Users\Jbarrett\Charlie\charlie\stimuli\visual\digit_symbol_delay\sym3.bmp,3,2860
4447,digit_symbol_delay,0,6,C:\Users\oleach\Charlie\charlie\stimuli\visual\digit_symbol_delay\sym6.bmp,5,6200
4447,digit_symbol_delay,1,7,C:\Users\oleach\Charlie\charlie\stimuli\visual\digit_symbol_delay\sym7.bmp,7,1640
4447,digit_symbol_delay,2,4,C:\Users\oleach\Charlie\charlie\stimuli\visual\digit_symbol_delay\sym4.bmp,7,2210
4447,digit_symbol_delay,3,8,C:\Users\oleach\Charlie\charlie\stimuli\visual\digit_symbol_delay\sym8.bmp,9,2000
4447,digit_symbol_delay,4,5,C:\Users\oleach\Charlie\charlie\stimuli\visual\digit_symbol_delay\sym5.bmp,5,470
4447,digit_symbol_delay,5,1,C:\Users\oleach\Charlie\charlie\stimuli\visual\digit_symbol_delay\sym1.bmp,3,1610
4447,digit_symbol_delay,6,9,C:\Users\oleach\Charlie\charlie\stimuli\visual\digit_symbol_delay\sym9.bmp,7,1541
4447,digit_symbol_delay,7,2,C:\Users\oleach\Charlie\charlie\stimuli\visual\digit_symbol_delay\sym2.bmp,5,470
4447,digit_symbol_delay,8,3,C:\Users\oleach\Charlie\charlie\stimuli\visual\digit_symbol_delay\sym3.bmp,3,1420
4448,digit_symbol_delay,0,6,C:\Users\jbarrett\Charlie-master\charlie\stimuli\visual\digit_symbol_delay\sym6.bmp,3,14251
4448,digit_symbol_delay,1,7,C:\Users\jbarrett\Charlie-master\charlie\stimuli\visual\digit_symbol_delay\sym7.bmp,7,3860
4448,digit_symbol_delay,2,4,C:\Users\jbarrett\Charlie-master\charlie\stimuli\visual\digit_symbol_delay\sym4.bmp,8,5520
4448,digit_symbol_delay,3,8,C:\Users\jbarrett\Charlie-master\charlie\stimuli\visual\digit_symbol_delay\sym8.bmp,9,2070
4448,digit_symbol_delay,4,5,C:\Users\jbarrett\Charlie-master\charlie\stimuli\visual\digit_symbol_delay\sym5.bmp,8,4620
4448,digit_symbol_delay,5,1,C:\Users\jbarrett\Charlie-master\charlie\stimuli\visual\digit_symbol_delay\sym1.bmp,1,6341
4448,digit_symbol_delay,6,9,C:\Users\jbarrett\Charlie-master\charlie\stimuli\visual\digit_symbol_delay\sym9.bmp,7,3220
4448,digit_symbol_delay,7,2,C:\Users\jbarrett\Charlie-master\charlie\stimuli\visual\digit_symbol_delay\sym2.bmp,3,4530
4448,digit_symbol_delay,8,3,C:\Users\jbarrett\Charlie-master\charlie\stimuli\visual\digit_symbol_delay\sym3.bmp,5,3580
4449,digit_symbol_delay,0,6,c:\Charlie\charlie\stimuli\visual\digit_symbol_delay\sym6.bmp,5,5370
4449,digit_symbol_delay,1,7,c:\Charlie\charlie\stimuli\visual\digit_symbol_delay\sym7.bmp,7,3110
4449,digit_symbol_delay,2,4,c:\Charlie\charlie\stimuli\visual\digit_symbol_delay\sym4.bmp,4,3180
4449,digit_symbol_delay,3,8,c:\Charlie\charlie\stimuli\visual\digit_symbol_delay\sym8.bmp,8,4401
4449,digit_symbol_delay,4,5,c:\Charlie\charlie\stimuli\visual\digit_symbol_delay\sym5.bmp,2,10700
4449,digit_symbol_delay,5,1,c:\Charlie\charlie\stimuli\visual\digit_symbol_delay\sym1.bmp,2,130
4449,digit_symbol_delay,6,9,c:\Charlie\charlie\stimuli\visual\digit_symbol_delay\sym9.bmp,9,2070
4449,digit_symbol_delay,7,2,c:\Charlie\charlie\stimuli\visual\digit_symbol_delay\sym2.bmp,1,6471
4449,digit_symbol_delay,8,3,c:\Charlie\charlie\stimuli\visual\digit_symbol_delay\sym3.bmp,5,3960
4451,digit_symbol_delay,0,6,C:\Users\Jbarrett\Charlie\charlie\stimuli\visual\digit_symbol_delay\sym6.bmp,2,30491
4451,digit_symbol_delay,1,7,C:\Users\Jbarrett\Charlie\charlie\stimuli\visual\digit_symbol_delay\sym7.bmp,7,4641
4451,digit_symbol_delay,2,4,C:\Users\Jbarrett\Charlie\charlie\stimuli\visual\digit_symbol_delay\sym4.bmp,4,6900
4451,digit_symbol_delay,3,8,C:\Users\Jbarrett\Charlie\charlie\stimuli\visual\digit_symbol_delay\sym8.bmp,8,1230
4451,digit_symbol_delay,4,5,C:\Users\Jbarrett\Charlie\charlie\stimuli\visual\digit_symbol_delay\sym5.bmp,5,2870
4451,digit_symbol_delay,5,1,C:\Users\Jbarrett\Charlie\charlie\stimuli\visual\digit_symbol_delay\sym1.bmp,1,1481
4451,digit_symbol_delay,6,9,C:\Users\Jbarrett\Charlie\charlie\stimuli\visual\digit_symbol_delay\sym9.bmp,7,2610
4451,digit_symbol_delay,7,2,C:\Users\Jbarrett\Charlie\charlie\stimuli\visual\digit_symbol_delay\sym2.bmp,2,2930
4451,digit_symbol_delay,8,3,C:\Users\Jbarrett\Charlie\charlie\stimuli\visual\digit_symbol_delay\sym3.bmp,3,2700
4453,digit_symbol_delay,0,6,c:\Charlie\charlie\stimuli\visual\digit_symbol_delay\sym6.bmp,3,1190
4453,digit_symbol_delay,1,7,c:\Charlie\charlie\stimuli\visual\digit_symbol_delay\sym7.bmp,7,3281
4453,digit_symbol_delay,2,4,c:\Charlie\charlie\stimuli\visual\digit_symbol_delay\sym4.bmp,6,520
4453,digit_symbol_delay,3,8,c:\Charlie\charlie\stimuli\visual\digit_symbol_delay\sym8.bmp,9,1850
4453,digit_symbol_delay,4,5,c:\Charlie\charlie\stimuli\visual\digit_symbol_delay\sym5.bmp,8,3630
4453,digit_symbol_delay,5,1,c:\Charlie\charlie\stimuli\visual\digit_symbol_delay\sym1.bmp,4,4400
4453,digit_symbol_delay,6,9,c:\Charlie\charlie\stimuli\visual\digit_symbol_delay\sym9.bmp,3,1060
4453,digit_symbol_delay,7,2,c:\Charlie\charlie\stimuli\visual\digit_symbol_delay\sym2.bmp,1,3540
4453,digit_symbol_delay,8,3,c:\Charlie\charlie\stimuli\visual\digit_symbol_delay\sym3.bmp,3,1880
4456,digit_symbol_delay,0,6,C:\Users\Jbarrett\Charlie\charlie\stimuli\visual\digit_symbol_delay\sym6.bmp,6,8710
4456,digit_symbol_delay,1,7,C:\Users\Jbarrett\Charlie\charlie\stimuli\visual\digit_symbol_delay\sym7.bmp,3,10791
4456,digit_symbol_delay,2,4,C:\Users\Jbarrett\Charlie\charlie\stimuli\visual\digit_symbol_delay\sym4.bmp,4,3630
4456,digit_symbol_delay,3,8,C:\Users\Jbarrett\Charlie\charlie\stimuli\visual\digit_symbol_delay\sym8.bmp,8,2620
4456,digit_symbol_delay,4,5,C:\Users\Jbarrett\Charlie\charlie\stimuli\visual\digit_symbol_delay\sym5.bmp,5,2970
4456,digit_symbol_delay,5,1,C:\Users\Jbarrett\Charlie\charlie\stimuli\visual\digit_symbol_delay\sym1.bmp,1,2160
4456,digit_symbol_delay,6,9,C:\Users\Jbarrett\Charlie\charlie\stimuli\visual\digit_symbol_delay\sym9.bmp,9,1600
4456,digit_symbol_delay,7,2,C:\Users\Jbarrett\Charlie\charlie\stimuli\visual\digit_symbol_delay\sym2.bmp,2,1461
4456,digit_symbol_delay,8,3,C:\Users\Jbarrett\Charlie\charlie\stimuli\visual\digit_symbol_delay\sym3.bmp,3,2340
4460,digit_symbol_delay,0,6,C:\Users\oleach\Charlie\charlie\stimuli\visual\digit_symbol_delay\sym6.bmp,6,3160
4460,digit_symbol_delay,1,7,C:\Users\oleach\Charlie\charlie\stimuli\visual\digit_symbol_delay\sym7.bmp,8,2860
4460,digit_symbol_delay,2,4,C:\Users\oleach\Charlie\charlie\stimuli\visual\digit_symbol_delay\sym4.bmp,9,1100
4460,digit_symbol_delay,3,8,C:\Users\oleach\Charlie\charlie\stimuli\visual\digit_symbol_delay\sym8.bmp,7,4821
4460,digit_symbol_delay,4,5,C:\Users\oleach\Charlie\charlie\stimuli\visual\digit_symbol_delay\sym5.bmp,3,2410
4460,digit_symbol_delay,5,1,C:\Users\oleach\Charlie\charlie\stimuli\visual\digit_symbol_delay\sym1.bmp,2,2511
4460,digit_symbol_delay,6,9,C:\Users\oleach\Charlie\charlie\stimuli\visual\digit_symbol_delay\sym9.bmp,8,2390
4460,digit_symbol_delay,7,2,C:\Users\oleach\Charlie\charlie\stimuli\visual\digit_symbol_delay\sym2.bmp,1,1450
4460,digit_symbol_delay,8,3,C:\Users\oleach\Charlie\charlie\stimuli\visual\digit_symbol_delay\sym3.bmp,5,2170
4461,digit_symbol_delay,0,6,c:\Charlie\charlie\stimuli\visual\digit_symbol_delay\sym6.bmp,3,9630
4461,digit_symbol_delay,1,7,c:\Charlie\charlie\stimuli\visual\digit_symbol_delay\sym7.bmp,6,5380
4461,digit_symbol_delay,2,4,c:\Charlie\charlie\stimuli\visual\digit_symbol_delay\sym4.bmp,5,2981
4461,digit_symbol_delay,3,8,c:\Charlie\charlie\stimuli\visual\digit_symbol_delay\sym8.bmp,8,6020
4461,digit_symbol_delay,4,5,c:\Charlie\charlie\stimuli\visual\digit_symbol_delay\sym5.bmp,6,5060
4461,digit_symbol_delay,5,1,c:\Charlie\charlie\stimuli\visual\digit_symbol_delay\sym1.bmp,1,5281
4461,digit_symbol_delay,6,9,c:\Charlie\charlie\stimuli\visual\digit_symbol_delay\sym9.bmp,9,3990
4461,digit_symbol_delay,7,2,c:\Charlie\charlie\stimuli\visual\digit_symbol_delay\sym2.bmp,2,3590
4461,digit_symbol_delay,8,3,c:\Charlie\charlie\stimuli\visual\digit_symbol_delay\sym3.bmp,4,4090
4462,digit_symbol_delay,0,6,C:\Users\oleach\Charlie\charlie\stimuli\visual\digit_symbol_delay\sym6.bmp,6,5890
4462,digit_symbol_delay,1,7,C:\Users\oleach\Charlie\charlie\stimuli\visual\digit_symbol_delay\sym7.bmp,8,10781
4462,digit_symbol_delay,2,4,C:\Users\oleach\Charlie\charlie\stimuli\visual\digit_symbol_delay\sym4.bmp,4,2870
4462,digit_symbol_delay,3,8,C:\Users\oleach\Charlie\charlie\stimuli\visual\digit_symbol_delay\sym8.bmp,6,3380
4462,digit_symbol_delay,4,5,C:\Users\oleach\Charlie\charlie\stimuli\visual\digit_symbol_delay\sym5.bmp,5,2950
4462,digit_symbol_delay,5,1,C:\Users\oleach\Charlie\charlie\stimuli\visual\digit_symbol_delay\sym1.bmp,2,2480
4462,digit_symbol_delay,6,9,C:\Users\oleach\Charlie\charlie\stimuli\visual\digit_symbol_delay\sym9.bmp,9,1190
4462,digit_symbol_delay,7,2,C:\Users\oleach\Charlie\charlie\stimuli\visual\digit_symbol_delay\sym2.bmp,1,2110
4462,digit_symbol_delay,8,3,C:\Users\oleach\Charlie\charlie\stimuli\visual\digit_symbol_delay\sym3.bmp,3,1660
4465,digit_symbol_delay,0,6,C:\Users\oleach\Charlie\charlie\stimuli\visual\digit_symbol_delay\sym6.bmp,8,730
4465,digit_symbol_delay,1,7,C:\Users\oleach\Charlie\charlie\stimuli\visual\digit_symbol_delay\sym7.bmp,9,441
4465,digit_symbol_delay,2,4,C:\Users\oleach\Charlie\charlie\stimuli\visual\digit_symbol_delay\sym4.bmp,9,5550
4465,digit_symbol_delay,3,8,C:\Users\oleach\Charlie\charlie\stimuli\visual\digit_symbol_delay\sym8.bmp,8,4690
4465,digit_symbol_delay,4,5,C:\Users\oleach\Charlie\charlie\stimuli\visual\digit_symbol_delay\sym5.bmp,4,4000
4465,digit_symbol_delay,5,1,C:\Users\oleach\Charlie\charlie\stimuli\visual\digit_symbol_delay\sym1.bmp,1,2650
4465,digit_symbol_delay,6,9,C:\Users\oleach\Charlie\charlie\stimuli\visual\digit_symbol_delay\sym9.bmp,8,9451
4465,digit_symbol_delay,7,2,C:\Users\oleach\Charlie\charlie\stimuli\visual\digit_symbol_delay\sym2.bmp,5,3810
4465,digit_symbol_delay,8,3,C:\Users\oleach\Charlie\charlie\stimuli\visual\digit_symbol_delay\sym3.bmp,3,2300
4467,digit_symbol_delay,0,6,c:\Charlie\charlie\stimuli\visual\digit_symbol_delay\sym6.bmp,7,3950
4467,digit_symbol_delay,1,7,c:\Charlie\charlie\stimuli\visual\digit_symbol_delay\sym7.bmp,8,2560
4467,digit_symbol_delay,2,4,c:\Charlie\charlie\stimuli\visual\digit_symbol_delay\sym4.bmp,4,3140
4467,digit_symbol_delay,3,8,c:\Charlie\charlie\stimuli\visual\digit_symbol_delay\sym8.bmp,8,6041
4467,digit_symbol_delay,4,5,c:\Charlie\charlie\stimuli\visual\digit_symbol_delay\sym5.bmp,3,5360
4467,digit_symbol_delay,5,1,c:\Charlie\charlie\stimuli\visual\digit_symbol_delay\sym1.bmp,5,4830
4467,digit_symbol_delay,6,9,c:\Charlie\charlie\stimuli\visual\digit_symbol_delay\sym9.bmp,2,3201
4467,digit_symbol_delay,7,2,c:\Charlie\charlie\stimuli\visual\digit_symbol_delay\sym2.bmp,1,3360
4467,digit_symbol_delay,8,3,c:\Charlie\charlie\stimuli\visual\digit_symbol_delay\sym3.bmp,4,3420
4470,digit_symbol_delay,0,6,C:\Users\Jbarrett\Charlie\charlie\stimuli\visual\digit_symbol_delay\sym6.bmp,6,16961
4470,digit_symbol_delay,1,7,C:\Users\Jbarrett\Charlie\charlie\stimuli\visual\digit_symbol_delay\sym7.bmp,7,2750
4470,digit_symbol_delay,2,4,C:\Users\Jbarrett\Charlie\charlie\stimuli\visual\digit_symbol_delay\sym4.bmp,4,1940
4470,digit_symbol_delay,3,8,C:\Users\Jbarrett\Charlie\charlie\stimuli\visual\digit_symbol_delay\sym8.bmp,8,2340
4470,digit_symbol_delay,4,5,C:\Users\Jbarrett\Charlie\charlie\stimuli\visual\digit_symbol_delay\sym5.bmp,9,16151
4470,digit_symbol_delay,5,1,C:\Users\Jbarrett\Charlie\charlie\stimuli\visual\digit_symbol_delay\sym1.bmp,3,2560
4470,digit_symbol_delay,6,9,C:\Users\Jbarrett\Charlie\charlie\stimuli\visual\digit_symbol_delay\sym9.bmp,9,4720
4470,digit_symbol_delay,7,2,C:\Users\Jbarrett\Charlie\charlie\stimuli\visual\digit_symbol_delay\sym2.bmp,2,2120
4470,digit_symbol_delay,8,3,C:\Users\Jbarrett\Charlie\charlie\stimuli\visual\digit_symbol_delay\sym3.bmp,5,1981
