,proband_id,test_name,phase,trialn,updates,origin,endpoint,moves,marginalpositions,rsp,rt
0,4273,updating,prac,0,0,4,4,------------,"4,4,4,4,4,4,4,4,4,4,4,4,4",0,3310
1,4273,updating,prac,1,1,8,12,-----------d,"8,8,8,8,8,8,8,8,8,8,8,8,12",8,1060
2,4273,updating,prac,2,2,9,6,-----u-----r,"9,9,9,9,9,9,5,5,5,5,5,5,6",2,1570
3,4273,updating,test,0,0,13,13,------------,"13,13,13,13,13,13,13,13,13,13,13,13,13",13,1661
4,4273,updating,test,1,0,15,15,------------,"15,15,15,15,15,15,15,15,15,15,15,15,15",7,1720
5,4273,updating,test,2,0,13,13,------------,"13,13,13,13,13,13,13,13,13,13,13,13,13",11,1690
6,4273,updating,test,3,1,3,2,-----------l,"3,3,3,3,3,3,3,3,3,3,3,3,2",1,1190
7,4273,updating,test,4,1,1,2,-----------r,"1,1,1,1,1,1,1,1,1,1,1,1,2",2,1070
8,4273,updating,test,5,1,0,4,-----------d,"0,0,0,0,0,0,0,0,0,0,0,0,4",4,770
9,4273,updating,test,6,2,5,2,-----u-----r,"5,5,5,5,5,5,1,1,1,1,1,1,2",7,1180
10,4273,updating,test,7,2,13,8,-----l-----u,"13,13,13,13,13,13,12,12,12,12,12,12,8",8,830
11,4273,updating,test,8,2,7,2,-----l-----u,"7,7,7,7,7,7,6,6,6,6,6,6,2",1,3070
12,4273,updating,test,9,3,6,15,---d---d---r,"6,6,6,6,10,10,10,10,14,14,14,14,15",6,1310
13,4273,updating,test,10,3,15,11,---l---r---u,"15,15,15,15,14,14,14,14,15,15,15,15,11",8,930
14,4273,updating,test,11,3,10,6,---l---r---u,"10,10,10,10,9,9,9,9,10,10,10,10,6",2,790
0,4307,updating,prac,0,0,4,4,------------,"4,4,4,4,4,4,4,4,4,4,4,4,4",4,6991
1,4307,updating,prac,1,1,8,12,-----------d,"8,8,8,8,8,8,8,8,8,8,8,8,12",12,1760
2,4307,updating,prac,2,2,9,6,-----u-----r,"9,9,9,9,9,9,5,5,5,5,5,5,6",6,2760
3,4307,updating,test,0,0,13,13,------------,"13,13,13,13,13,13,13,13,13,13,13,13,13",13,940
4,4307,updating,test,1,0,15,15,------------,"15,15,15,15,15,15,15,15,15,15,15,15,15",15,910
5,4307,updating,test,2,0,13,13,------------,"13,13,13,13,13,13,13,13,13,13,13,13,13",13,770
6,4307,updating,test,3,1,3,2,-----------l,"3,3,3,3,3,3,3,3,3,3,3,3,2",2,1100
7,4307,updating,test,4,1,1,2,-----------r,"1,1,1,1,1,1,1,1,1,1,1,1,2",2,951
8,4307,updating,test,5,1,0,4,-----------d,"0,0,0,0,0,0,0,0,0,0,0,0,4",4,840
9,4307,updating,test,6,2,5,2,-----u-----r,"5,5,5,5,5,5,1,1,1,1,1,1,2",2,740
10,4307,updating,test,7,2,13,8,-----l-----u,"13,13,13,13,13,13,12,12,12,12,12,12,8",8,960
11,4307,updating,test,8,2,7,2,-----l-----u,"7,7,7,7,7,7,6,6,6,6,6,6,2",1,5710
12,4307,updating,test,9,3,6,15,---d---d---r,"6,6,6,6,10,10,10,10,14,14,14,14,15",15,3440
13,4307,updating,test,10,3,15,11,---l---r---u,"15,15,15,15,14,14,14,14,15,15,15,15,11",11,790
14,4307,updating,test,11,3,10,6,---l---r---u,"10,10,10,10,9,9,9,9,10,10,10,10,6",6,1260
15,4307,updating,test,12,4,13,15,--u--d--r--r,"13,13,13,9,9,9,13,13,13,14,14,14,15",15,1250
16,4307,updating,test,13,4,3,6,--d--u--d--l,"3,3,3,7,7,7,3,3,3,7,7,7,6",6,1370
17,4307,updating,test,14,4,0,5,--d--u--d--r,"0,0,0,4,4,4,0,0,0,4,4,4,5",5,1040
18,4307,updating,test,15,6,14,11,-r-u-d-u-u-d,"14,14,15,15,11,11,15,15,11,11,7,7,11",10,1790
19,4307,updating,test,16,6,0,10,-d-d-d-r-r-u,"0,0,4,4,8,8,12,12,13,13,14,14,10",10,1270
20,4307,updating,test,17,6,1,9,-d-d-d-r-u-l,"1,1,5,5,9,9,13,13,14,14,10,10,9",9,1280
21,4307,updating,test,18,8,10,7,-lu-lu-rr-dr,"10,10,9,5,5,4,0,0,1,2,2,6,7",10,1370
22,4307,updating,test,19,8,14,9,-rl-rl-ul-lr,"14,14,15,14,14,15,14,14,10,9,9,8,9",4,930
23,4307,updating,test,20,8,3,1,-ld-rd-uu-ll,"3,3,2,6,6,7,11,11,7,3,3,2,1",5,1740
0,4346,updating,prac,0,0,4,4,------------,"4,4,4,4,4,4,4,4,4,4,4,4,4",4,2791
1,4346,updating,prac,1,1,8,12,-----------d,"8,8,8,8,8,8,8,8,8,8,8,8,12",12,3030
2,4346,updating,prac,2,2,9,6,-----u-----r,"9,9,9,9,9,9,5,5,5,5,5,5,6",6,2640
3,4346,updating,test,0,0,13,13,------------,"13,13,13,13,13,13,13,13,13,13,13,13,13",13,3150
4,4346,updating,test,1,0,15,15,------------,"15,15,15,15,15,15,15,15,15,15,15,15,15",15,1271
5,4346,updating,test,2,0,13,13,------------,"13,13,13,13,13,13,13,13,13,13,13,13,13",13,3090
6,4346,updating,test,3,1,3,2,-----------l,"3,3,3,3,3,3,3,3,3,3,3,3,2",2,1690
7,4346,updating,test,4,1,1,2,-----------r,"1,1,1,1,1,1,1,1,1,1,1,1,2",3,3481
8,4346,updating,test,5,1,0,4,-----------d,"0,0,0,0,0,0,0,0,0,0,0,0,4",4,1530
9,4346,updating,test,6,2,5,2,-----u-----r,"5,5,5,5,5,5,1,1,1,1,1,1,2",2,1930
10,4346,updating,test,7,2,13,8,-----l-----u,"13,13,13,13,13,13,12,12,12,12,12,12,8",8,1640
11,4346,updating,test,8,2,7,2,-----l-----u,"7,7,7,7,7,7,6,6,6,6,6,6,2",2,2840
12,4346,updating,test,9,3,6,15,---d---d---r,"6,6,6,6,10,10,10,10,14,14,14,14,15",15,5990
13,4346,updating,test,10,3,15,11,---l---r---u,"15,15,15,15,14,14,14,14,15,15,15,15,11",11,2190
14,4346,updating,test,11,3,10,6,---l---r---u,"10,10,10,10,9,9,9,9,10,10,10,10,6",6,2640
15,4346,updating,test,12,4,13,15,--u--d--r--r,"13,13,13,9,9,9,13,13,13,14,14,14,15",11,3310
16,4346,updating,test,13,4,3,6,--d--u--d--l,"3,3,3,7,7,7,3,3,3,7,7,7,6",6,1560
17,4346,updating,test,14,4,0,5,--d--u--d--r,"0,0,0,4,4,4,0,0,0,4,4,4,5",5,880
18,4346,updating,test,15,6,14,11,-r-u-d-u-u-d,"14,14,15,15,11,11,15,15,11,11,7,7,11",11,1250
19,4346,updating,test,16,6,0,10,-d-d-d-r-r-u,"0,0,4,4,8,8,12,12,13,13,14,14,10",10,3600
20,4346,updating,test,17,6,1,9,-d-d-d-r-u-l,"1,1,5,5,9,9,13,13,14,14,10,10,9",9,5010
21,4346,updating,test,18,8,10,7,-lu-lu-rr-dr,"10,10,9,5,5,4,0,0,1,2,2,6,7",9,9870
22,4346,updating,test,19,8,14,9,-rl-rl-ul-lr,"14,14,15,14,14,15,14,14,10,9,9,8,9",6,7070
23,4346,updating,test,20,8,3,1,-ld-rd-uu-ll,"3,3,2,6,6,7,11,11,7,3,3,2,1",2,9570
0,4365,updating,prac,0,0,4,4,------------,"4,4,4,4,4,4,4,4,4,4,4,4,4",8,2820
1,4365,updating,prac,1,1,8,12,-----------d,"8,8,8,8,8,8,8,8,8,8,8,8,12",8,4571
2,4365,updating,prac,2,2,9,6,-----u-----r,"9,9,9,9,9,9,5,5,5,5,5,5,6",9,4671
3,4365,updating,test,0,0,13,13,------------,"13,13,13,13,13,13,13,13,13,13,13,13,13",13,2070
4,4365,updating,test,1,0,15,15,------------,"15,15,15,15,15,15,15,15,15,15,15,15,15",15,1720
5,4365,updating,test,2,0,13,13,------------,"13,13,13,13,13,13,13,13,13,13,13,13,13",13,1480
6,4365,updating,test,3,1,3,2,-----------l,"3,3,3,3,3,3,3,3,3,3,3,3,2",2,1600
7,4365,updating,test,4,1,1,2,-----------r,"1,1,1,1,1,1,1,1,1,1,1,1,2",2,870
8,4365,updating,test,5,1,0,4,-----------d,"0,0,0,0,0,0,0,0,0,0,0,0,4",4,660
9,4365,updating,test,6,2,5,2,-----u-----r,"5,5,5,5,5,5,1,1,1,1,1,1,2",2,2700
10,4365,updating,test,7,2,13,8,-----l-----u,"13,13,13,13,13,13,12,12,12,12,12,12,8",8,2120
11,4365,updating,test,8,2,7,2,-----l-----u,"7,7,7,7,7,7,6,6,6,6,6,6,2",2,2971
12,4365,updating,test,9,3,6,15,---d---d---r,"6,6,6,6,10,10,10,10,14,14,14,14,15",11,3850
13,4365,updating,test,10,3,15,11,---l---r---u,"15,15,15,15,14,14,14,14,15,15,15,15,11",11,3100
14,4365,updating,test,11,3,10,6,---l---r---u,"10,10,10,10,9,9,9,9,10,10,10,10,6",6,2741
15,4365,updating,test,12,4,13,15,--u--d--r--r,"13,13,13,9,9,9,13,13,13,14,14,14,15",14,3110
16,4365,updating,test,13,4,3,6,--d--u--d--l,"3,3,3,7,7,7,3,3,3,7,7,7,6",6,3660
17,4365,updating,test,14,4,0,5,--d--u--d--r,"0,0,0,4,4,4,0,0,0,4,4,4,5",5,3940
18,4365,updating,test,15,6,14,11,-r-u-d-u-u-d,"14,14,15,15,11,11,15,15,11,11,7,7,11",13,4231
19,4365,updating,test,16,6,0,10,-d-d-d-r-r-u,"0,0,4,4,8,8,12,12,13,13,14,14,10",6,4190
20,4365,updating,test,17,6,1,9,-d-d-d-r-u-l,"1,1,5,5,9,9,13,13,14,14,10,10,9",5,4620
0,4367,updating,prac,0,0,4,4,------------,"4,4,4,4,4,4,4,4,4,4,4,4,4",4,9771
1,4367,updating,prac,1,1,8,12,-----------d,"8,8,8,8,8,8,8,8,8,8,8,8,12",12,2910
2,4367,updating,prac,2,2,9,6,-----u-----r,"9,9,9,9,9,9,5,5,5,5,5,5,6",9,2130
3,4367,updating,test,0,0,13,13,------------,"13,13,13,13,13,13,13,13,13,13,13,13,13",6,1810
4,4367,updating,test,1,0,15,15,------------,"15,15,15,15,15,15,15,15,15,15,15,15,15",15,2980
5,4367,updating,test,2,0,13,13,------------,"13,13,13,13,13,13,13,13,13,13,13,13,13",13,9350
6,4367,updating,test,3,1,3,2,-----------l,"3,3,3,3,3,3,3,3,3,3,3,3,2",3,2260
7,4367,updating,test,4,1,1,2,-----------r,"1,1,1,1,1,1,1,1,1,1,1,1,2",1,5191
8,4367,updating,test,5,1,0,4,-----------d,"0,0,0,0,0,0,0,0,0,0,0,0,4",0,3160
0,4368,updating,prac,0,0,4,4,------------,"4,4,4,4,4,4,4,4,4,4,4,4,4",4,8811
1,4368,updating,prac,1,1,8,12,-----------d,"8,8,8,8,8,8,8,8,8,8,8,8,12",8,3481
2,4368,updating,prac,2,2,9,6,-----u-----r,"9,9,9,9,9,9,5,5,5,5,5,5,6",6,8411
3,4368,updating,test,0,0,13,13,------------,"13,13,13,13,13,13,13,13,13,13,13,13,13",13,870
4,4368,updating,test,1,0,15,15,------------,"15,15,15,15,15,15,15,15,15,15,15,15,15",11,500
5,4368,updating,test,2,0,13,13,------------,"13,13,13,13,13,13,13,13,13,13,13,13,13",9,4520
6,4368,updating,test,3,1,3,2,-----------l,"3,3,3,3,3,3,3,3,3,3,3,3,2",2,1640
7,4368,updating,test,4,1,1,2,-----------r,"1,1,1,1,1,1,1,1,1,1,1,1,2",3,480
8,4368,updating,test,5,1,0,4,-----------d,"0,0,0,0,0,0,0,0,0,0,0,0,4",12,6380
9,4368,updating,test,6,2,5,2,-----u-----r,"5,5,5,5,5,5,1,1,1,1,1,1,2",7,40
10,4368,updating,test,7,2,13,8,-----l-----u,"13,13,13,13,13,13,12,12,12,12,12,12,8",9,820
11,4368,updating,test,8,2,7,2,-----l-----u,"7,7,7,7,7,7,6,6,6,6,6,6,2",5,1100
0,4369,updating,prac,0,0,4,4,------------,"4,4,4,4,4,4,4,4,4,4,4,4,4",4,1820
1,4369,updating,prac,1,1,8,12,-----------d,"8,8,8,8,8,8,8,8,8,8,8,8,12",12,1380
2,4369,updating,prac,2,2,9,6,-----u-----r,"9,9,9,9,9,9,5,5,5,5,5,5,6",10,2970
3,4369,updating,test,0,0,13,13,------------,"13,13,13,13,13,13,13,13,13,13,13,13,13",13,800
4,4369,updating,test,1,0,15,15,------------,"15,15,15,15,15,15,15,15,15,15,15,15,15",15,1450
5,4369,updating,test,2,0,13,13,------------,"13,13,13,13,13,13,13,13,13,13,13,13,13",5,1370
6,4369,updating,test,3,1,3,2,-----------l,"3,3,3,3,3,3,3,3,3,3,3,3,2",4,1471
7,4369,updating,test,4,1,1,2,-----------r,"1,1,1,1,1,1,1,1,1,1,1,1,2",4,2710
8,4369,updating,test,5,1,0,4,-----------d,"0,0,0,0,0,0,0,0,0,0,0,0,4",14,1320
0,4370,updating,prac,0,0,4,4,------------,"4,4,4,4,4,4,4,4,4,4,4,4,4",4,12690
1,4370,updating,prac,1,1,8,12,-----------d,"8,8,8,8,8,8,8,8,8,8,8,8,12",12,1050
2,4370,updating,prac,2,2,9,6,-----u-----r,"9,9,9,9,9,9,5,5,5,5,5,5,6",4,2200
3,4370,updating,test,0,0,13,13,------------,"13,13,13,13,13,13,13,13,13,13,13,13,13",9,2491
4,4370,updating,test,1,0,15,15,------------,"15,15,15,15,15,15,15,15,15,15,15,15,15",9,1930
5,4370,updating,test,2,0,13,13,------------,"13,13,13,13,13,13,13,13,13,13,13,13,13",13,920
6,4370,updating,test,3,1,3,2,-----------l,"3,3,3,3,3,3,3,3,3,3,3,3,2",2,1540
7,4370,updating,test,4,1,1,2,-----------r,"1,1,1,1,1,1,1,1,1,1,1,1,2",2,1230
8,4370,updating,test,5,1,0,4,-----------d,"0,0,0,0,0,0,0,0,0,0,0,0,4",12,1431
9,4370,updating,test,6,2,5,2,-----u-----r,"5,5,5,5,5,5,1,1,1,1,1,1,2",3,3370
10,4370,updating,test,7,2,13,8,-----l-----u,"13,13,13,13,13,13,12,12,12,12,12,12,8",1,1350
11,4370,updating,test,8,2,7,2,-----l-----u,"7,7,7,7,7,7,6,6,6,6,6,6,2",1,1720
0,4371,updating,prac,0,0,4,4,------------,"4,4,4,4,4,4,4,4,4,4,4,4,4",4,14191
1,4371,updating,prac,1,1,8,12,-----------d,"8,8,8,8,8,8,8,8,8,8,8,8,12",8,8800
2,4371,updating,prac,2,2,9,6,-----u-----r,"9,9,9,9,9,9,5,5,5,5,5,5,6",9,4700
3,4371,updating,test,0,0,13,13,------------,"13,13,13,13,13,13,13,13,13,13,13,13,13",13,1330
4,4371,updating,test,1,0,15,15,------------,"15,15,15,15,15,15,15,15,15,15,15,15,15",15,3520
5,4371,updating,test,2,0,13,13,------------,"13,13,13,13,13,13,13,13,13,13,13,13,13",13,1400
6,4371,updating,test,3,1,3,2,-----------l,"3,3,3,3,3,3,3,3,3,3,3,3,2",3,1740
7,4371,updating,test,4,1,1,2,-----------r,"1,1,1,1,1,1,1,1,1,1,1,1,2",5,3170
8,4371,updating,test,5,1,0,4,-----------d,"0,0,0,0,0,0,0,0,0,0,0,0,4",1,2340
0,4372,updating,prac,0,0,4,4,------------,"4,4,4,4,4,4,4,4,4,4,4,4,4",4,1540
1,4372,updating,prac,1,1,8,12,-----------d,"8,8,8,8,8,8,8,8,8,8,8,8,12",12,2060
2,4372,updating,prac,2,2,9,6,-----u-----r,"9,9,9,9,9,9,5,5,5,5,5,5,6",6,1830
3,4372,updating,test,0,0,13,13,------------,"13,13,13,13,13,13,13,13,13,13,13,13,13",13,1910
4,4372,updating,test,1,0,15,15,------------,"15,15,15,15,15,15,15,15,15,15,15,15,15",15,1290
5,4372,updating,test,2,0,13,13,------------,"13,13,13,13,13,13,13,13,13,13,13,13,13",13,1100
6,4372,updating,test,3,1,3,2,-----------l,"3,3,3,3,3,3,3,3,3,3,3,3,2",2,1041
7,4372,updating,test,4,1,1,2,-----------r,"1,1,1,1,1,1,1,1,1,1,1,1,2",2,970
8,4372,updating,test,5,1,0,4,-----------d,"0,0,0,0,0,0,0,0,0,0,0,0,4",4,1160
9,4372,updating,test,6,2,5,2,-----u-----r,"5,5,5,5,5,5,1,1,1,1,1,1,2",2,940
10,4372,updating,test,7,2,13,8,-----l-----u,"13,13,13,13,13,13,12,12,12,12,12,12,8",8,1110
11,4372,updating,test,8,2,7,2,-----l-----u,"7,7,7,7,7,7,6,6,6,6,6,6,2",2,1170
12,4372,updating,test,9,3,6,15,---d---d---r,"6,6,6,6,10,10,10,10,14,14,14,14,15",11,2980
13,4372,updating,test,10,3,15,11,---l---r---u,"15,15,15,15,14,14,14,14,15,15,15,15,11",11,1040
14,4372,updating,test,11,3,10,6,---l---r---u,"10,10,10,10,9,9,9,9,10,10,10,10,6",6,1110
15,4372,updating,test,12,4,13,15,--u--d--r--r,"13,13,13,9,9,9,13,13,13,14,14,14,15",15,900
16,4372,updating,test,13,4,3,6,--d--u--d--l,"3,3,3,7,7,7,3,3,3,7,7,7,6",6,910
17,4372,updating,test,14,4,0,5,--d--u--d--r,"0,0,0,4,4,4,0,0,0,4,4,4,5",5,970
18,4372,updating,test,15,6,14,11,-r-u-d-u-u-d,"14,14,15,15,11,11,15,15,11,11,7,7,11",11,1650
19,4372,updating,test,16,6,0,10,-d-d-d-r-r-u,"0,0,4,4,8,8,12,12,13,13,14,14,10",10,1520
20,4372,updating,test,17,6,1,9,-d-d-d-r-u-l,"1,1,5,5,9,9,13,13,14,14,10,10,9",9,1970
21,4372,updating,test,18,8,10,7,-lu-lu-rr-dr,"10,10,9,5,5,4,0,0,1,2,2,6,7",7,590
22,4372,updating,test,19,8,14,9,-rl-rl-ul-lr,"14,14,15,14,14,15,14,14,10,9,9,8,9",9,3930
23,4372,updating,test,20,8,3,1,-ld-rd-uu-ll,"3,3,2,6,6,7,11,11,7,3,3,2,1",1,1790
24,4372,updating,test,21,9,5,4,-udd-ldr-luu,"5,5,1,5,9,9,8,12,13,13,12,8,4",4,1460
25,4372,updating,test,22,9,3,0,-dll-rrl-llu,"3,3,7,6,5,5,6,7,6,6,5,4,0",0,1720
26,4372,updating,test,23,9,10,9,-dur-udl-dul,"10,10,14,10,11,11,7,11,10,10,14,10,9",5,1550
27,4372,updating,test,24,12,1,12,drududdldlrl,"1,5,6,2,6,2,6,10,9,13,12,13,12",12,1650
28,4372,updating,test,25,12,12,9,rluuurrlldrd,"12,13,12,8,4,0,1,2,1,0,4,5,9",14,1320
29,4372,updating,test,26,12,11,6,llrruddudluu,"11,10,9,10,11,7,11,15,11,15,14,10,6",5,1490
0,4373,updating,prac,0,0,4,4,------------,"4,4,4,4,4,4,4,4,4,4,4,4,4",4,7380
1,4373,updating,prac,1,1,8,12,-----------d,"8,8,8,8,8,8,8,8,8,8,8,8,12",12,13221
2,4373,updating,prac,2,2,9,6,-----u-----r,"9,9,9,9,9,9,5,5,5,5,5,5,6",5,5420
3,4373,updating,test,0,0,13,13,------------,"13,13,13,13,13,13,13,13,13,13,13,13,13",13,1320
4,4373,updating,test,1,0,15,15,------------,"15,15,15,15,15,15,15,15,15,15,15,15,15",15,2210
5,4373,updating,test,2,0,13,13,------------,"13,13,13,13,13,13,13,13,13,13,13,13,13",9,1220
6,4373,updating,test,3,1,3,2,-----------l,"3,3,3,3,3,3,3,3,3,3,3,3,2",2,2270
7,4373,updating,test,4,1,1,2,-----------r,"1,1,1,1,1,1,1,1,1,1,1,1,2",2,2000
8,4373,updating,test,5,1,0,4,-----------d,"0,0,0,0,0,0,0,0,0,0,0,0,4",4,1451
9,4373,updating,test,6,2,5,2,-----u-----r,"5,5,5,5,5,5,1,1,1,1,1,1,2",2,2950
10,4373,updating,test,7,2,13,8,-----l-----u,"13,13,13,13,13,13,12,12,12,12,12,12,8",8,2190
11,4373,updating,test,8,2,7,2,-----l-----u,"7,7,7,7,7,7,6,6,6,6,6,6,2",1,4141
12,4373,updating,test,9,3,6,15,---d---d---r,"6,6,6,6,10,10,10,10,14,14,14,14,15",15,2700
13,4373,updating,test,10,3,15,11,---l---r---u,"15,15,15,15,14,14,14,14,15,15,15,15,11",11,1380
14,4373,updating,test,11,3,10,6,---l---r---u,"10,10,10,10,9,9,9,9,10,10,10,10,6",6,4391
15,4373,updating,test,12,4,13,15,--u--d--r--r,"13,13,13,9,9,9,13,13,13,14,14,14,15",14,1390
16,4373,updating,test,13,4,3,6,--d--u--d--l,"3,3,3,7,7,7,3,3,3,7,7,7,6",6,1010
17,4373,updating,test,14,4,0,5,--d--u--d--r,"0,0,0,4,4,4,0,0,0,4,4,4,5",5,1190
18,4373,updating,test,15,6,14,11,-r-u-d-u-u-d,"14,14,15,15,11,11,15,15,11,11,7,7,11",7,1370
19,4373,updating,test,16,6,0,10,-d-d-d-r-r-u,"0,0,4,4,8,8,12,12,13,13,14,14,10",10,1931
20,4373,updating,test,17,6,1,9,-d-d-d-r-u-l,"1,1,5,5,9,9,13,13,14,14,10,10,9",9,1270
21,4373,updating,test,18,8,10,7,-lu-lu-rr-dr,"10,10,9,5,5,4,0,0,1,2,2,6,7",6,3800
22,4373,updating,test,19,8,14,9,-rl-rl-ul-lr,"14,14,15,14,14,15,14,14,10,9,9,8,9",10,1140
23,4373,updating,test,20,8,3,1,-ld-rd-uu-ll,"3,3,2,6,6,7,11,11,7,3,3,2,1",1,2300
24,4373,updating,test,21,9,5,4,-udd-ldr-luu,"5,5,1,5,9,9,8,12,13,13,12,8,4",0,1310
25,4373,updating,test,22,9,3,0,-dll-rrl-llu,"3,3,7,6,5,5,6,7,6,6,5,4,0",2,1270
26,4373,updating,test,23,9,10,9,-dur-udl-dul,"10,10,14,10,11,11,7,11,10,10,14,10,9",4,6810
0,4374,updating,prac,0,0,4,4,------------,"4,4,4,4,4,4,4,4,4,4,4,4,4",4,13431
1,4374,updating,prac,1,1,8,12,-----------d,"8,8,8,8,8,8,8,8,8,8,8,8,12",8,3691
2,4374,updating,prac,2,2,9,6,-----u-----r,"9,9,9,9,9,9,5,5,5,5,5,5,6",10,7340
3,4374,updating,test,0,0,13,13,------------,"13,13,13,13,13,13,13,13,13,13,13,13,13",13,5060
4,4374,updating,test,1,0,15,15,------------,"15,15,15,15,15,15,15,15,15,15,15,15,15",15,1510
5,4374,updating,test,2,0,13,13,------------,"13,13,13,13,13,13,13,13,13,13,13,13,13",13,1791
6,4374,updating,test,3,1,3,2,-----------l,"3,3,3,3,3,3,3,3,3,3,3,3,2",2,1860
7,4374,updating,test,4,1,1,2,-----------r,"1,1,1,1,1,1,1,1,1,1,1,1,2",2,1430
8,4374,updating,test,5,1,0,4,-----------d,"0,0,0,0,0,0,0,0,0,0,0,0,4",4,1400
9,4374,updating,test,6,2,5,2,-----u-----r,"5,5,5,5,5,5,1,1,1,1,1,1,2",2,1430
10,4374,updating,test,7,2,13,8,-----l-----u,"13,13,13,13,13,13,12,12,12,12,12,12,8",8,1911
11,4374,updating,test,8,2,7,2,-----l-----u,"7,7,7,7,7,7,6,6,6,6,6,6,2",1,3070
12,4374,updating,test,9,3,6,15,---d---d---r,"6,6,6,6,10,10,10,10,14,14,14,14,15",15,4590
13,4374,updating,test,10,3,15,11,---l---r---u,"15,15,15,15,14,14,14,14,15,15,15,15,11",6,1871
14,4374,updating,test,11,3,10,6,---l---r---u,"10,10,10,10,9,9,9,9,10,10,10,10,6",6,1980
15,4374,updating,test,12,4,13,15,--u--d--r--r,"13,13,13,9,9,9,13,13,13,14,14,14,15",11,1940
16,4374,updating,test,13,4,3,6,--d--u--d--l,"3,3,3,7,7,7,3,3,3,7,7,7,6",9,2220
17,4374,updating,test,14,4,0,5,--d--u--d--r,"0,0,0,4,4,4,0,0,0,4,4,4,5",10,1370
0,4375,updating,prac,0,0,4,4,------------,"4,4,4,4,4,4,4,4,4,4,4,4,4",4,1140
1,4375,updating,prac,1,1,8,12,-----------d,"8,8,8,8,8,8,8,8,8,8,8,8,12",12,1090
2,4375,updating,prac,2,2,9,6,-----u-----r,"9,9,9,9,9,9,5,5,5,5,5,5,6",6,3960
3,4375,updating,test,0,0,13,13,------------,"13,13,13,13,13,13,13,13,13,13,13,13,13",13,2230
4,4375,updating,test,1,0,15,15,------------,"15,15,15,15,15,15,15,15,15,15,15,15,15",15,1210
5,4375,updating,test,2,0,13,13,------------,"13,13,13,13,13,13,13,13,13,13,13,13,13",13,1010
6,4375,updating,test,3,1,3,2,-----------l,"3,3,3,3,3,3,3,3,3,3,3,3,2",2,1430
7,4375,updating,test,4,1,1,2,-----------r,"1,1,1,1,1,1,1,1,1,1,1,1,2",1,2430
8,4375,updating,test,5,1,0,4,-----------d,"0,0,0,0,0,0,0,0,0,0,0,0,4",4,1300
9,4375,updating,test,6,2,5,2,-----u-----r,"5,5,5,5,5,5,1,1,1,1,1,1,2",2,1510
10,4375,updating,test,7,2,13,8,-----l-----u,"13,13,13,13,13,13,12,12,12,12,12,12,8",8,2210
11,4375,updating,test,8,2,7,2,-----l-----u,"7,7,7,7,7,7,6,6,6,6,6,6,2",2,1610
12,4375,updating,test,9,3,6,15,---d---d---r,"6,6,6,6,10,10,10,10,14,14,14,14,15",15,2010
13,4375,updating,test,10,3,15,11,---l---r---u,"15,15,15,15,14,14,14,14,15,15,15,15,11",11,1120
14,4375,updating,test,11,3,10,6,---l---r---u,"10,10,10,10,9,9,9,9,10,10,10,10,6",6,880
15,4375,updating,test,12,4,13,15,--u--d--r--r,"13,13,13,9,9,9,13,13,13,14,14,14,15",15,1960
16,4375,updating,test,13,4,3,6,--d--u--d--l,"3,3,3,7,7,7,3,3,3,7,7,7,6",6,1590
17,4375,updating,test,14,4,0,5,--d--u--d--r,"0,0,0,4,4,4,0,0,0,4,4,4,5",5,970
18,4375,updating,test,15,6,14,11,-r-u-d-u-u-d,"14,14,15,15,11,11,15,15,11,11,7,7,11",11,870
19,4375,updating,test,16,6,0,10,-d-d-d-r-r-u,"0,0,4,4,8,8,12,12,13,13,14,14,10",9,3231
20,4375,updating,test,17,6,1,9,-d-d-d-r-u-l,"1,1,5,5,9,9,13,13,14,14,10,10,9",5,3910
21,4375,updating,test,18,8,10,7,-lu-lu-rr-dr,"10,10,9,5,5,4,0,0,1,2,2,6,7",5,5570
22,4375,updating,test,19,8,14,9,-rl-rl-ul-lr,"14,14,15,14,14,15,14,14,10,9,9,8,9",6,1050
23,4375,updating,test,20,8,3,1,-ld-rd-uu-ll,"3,3,2,6,6,7,11,11,7,3,3,2,1",5,950
0,4376,updating,prac,0,0,4,4,------------,"4,4,4,4,4,4,4,4,4,4,4,4,4",5,4410
1,4376,updating,prac,1,1,8,12,-----------d,"8,8,8,8,8,8,8,8,8,8,8,8,12",9,3720
2,4376,updating,prac,2,2,9,6,-----u-----r,"9,9,9,9,9,9,5,5,5,5,5,5,6",6,7621
3,4376,updating,test,0,0,13,13,------------,"13,13,13,13,13,13,13,13,13,13,13,13,13",13,1730
4,4376,updating,test,1,0,15,15,------------,"15,15,15,15,15,15,15,15,15,15,15,15,15",15,2600
5,4376,updating,test,2,0,13,13,------------,"13,13,13,13,13,13,13,13,13,13,13,13,13",13,1360
6,4376,updating,test,3,1,3,2,-----------l,"3,3,3,3,3,3,3,3,3,3,3,3,2",2,2511
7,4376,updating,test,4,1,1,2,-----------r,"1,1,1,1,1,1,1,1,1,1,1,1,2",1,2050
8,4376,updating,test,5,1,0,4,-----------d,"0,0,0,0,0,0,0,0,0,0,0,0,4",12,4120
9,4376,updating,test,6,2,5,2,-----u-----r,"5,5,5,5,5,5,1,1,1,1,1,1,2",1,1500
10,4376,updating,test,7,2,13,8,-----l-----u,"13,13,13,13,13,13,12,12,12,12,12,12,8",12,1850
11,4376,updating,test,8,2,7,2,-----l-----u,"7,7,7,7,7,7,6,6,6,6,6,6,2",3,2200
0,4377,updating,prac,0,0,4,4,------------,"4,4,4,4,4,4,4,4,4,4,4,4,4",4,1090
1,4377,updating,prac,1,1,8,12,-----------d,"8,8,8,8,8,8,8,8,8,8,8,8,12",12,1981
2,4377,updating,prac,2,2,9,6,-----u-----r,"9,9,9,9,9,9,5,5,5,5,5,5,6",6,2300
3,4377,updating,test,0,0,13,13,------------,"13,13,13,13,13,13,13,13,13,13,13,13,13",13,780
4,4377,updating,test,1,0,15,15,------------,"15,15,15,15,15,15,15,15,15,15,15,15,15",15,1130
5,4377,updating,test,2,0,13,13,------------,"13,13,13,13,13,13,13,13,13,13,13,13,13",13,1160
6,4377,updating,test,3,1,3,2,-----------l,"3,3,3,3,3,3,3,3,3,3,3,3,2",2,1210
7,4377,updating,test,4,1,1,2,-----------r,"1,1,1,1,1,1,1,1,1,1,1,1,2",2,820
8,4377,updating,test,5,1,0,4,-----------d,"0,0,0,0,0,0,0,0,0,0,0,0,4",4,880
9,4377,updating,test,6,2,5,2,-----u-----r,"5,5,5,5,5,5,1,1,1,1,1,1,2",2,920
10,4377,updating,test,7,2,13,8,-----l-----u,"13,13,13,13,13,13,12,12,12,12,12,12,8",8,970
11,4377,updating,test,8,2,7,2,-----l-----u,"7,7,7,7,7,7,6,6,6,6,6,6,2",2,970
12,4377,updating,test,9,3,6,15,---d---d---r,"6,6,6,6,10,10,10,10,14,14,14,14,15",15,1061
13,4377,updating,test,10,3,15,11,---l---r---u,"15,15,15,15,14,14,14,14,15,15,15,15,11",11,980
14,4377,updating,test,11,3,10,6,---l---r---u,"10,10,10,10,9,9,9,9,10,10,10,10,6",6,1090
15,4377,updating,test,12,4,13,15,--u--d--r--r,"13,13,13,9,9,9,13,13,13,14,14,14,15",15,2360
16,4377,updating,test,13,4,3,6,--d--u--d--l,"3,3,3,7,7,7,3,3,3,7,7,7,6",6,1010
17,4377,updating,test,14,4,0,5,--d--u--d--r,"0,0,0,4,4,4,0,0,0,4,4,4,5",5,1080
18,4377,updating,test,15,6,14,11,-r-u-d-u-u-d,"14,14,15,15,11,11,15,15,11,11,7,7,11",11,960
19,4377,updating,test,16,6,0,10,-d-d-d-r-r-u,"0,0,4,4,8,8,12,12,13,13,14,14,10",9,1970
20,4377,updating,test,17,6,1,9,-d-d-d-r-u-l,"1,1,5,5,9,9,13,13,14,14,10,10,9",9,700
21,4377,updating,test,18,8,10,7,-lu-lu-rr-dr,"10,10,9,5,5,4,0,0,1,2,2,6,7",11,3460
22,4377,updating,test,19,8,14,9,-rl-rl-ul-lr,"14,14,15,14,14,15,14,14,10,9,9,8,9",9,850
23,4377,updating,test,20,8,3,1,-ld-rd-uu-ll,"3,3,2,6,6,7,11,11,7,3,3,2,1",1,1020
24,4377,updating,test,21,9,5,4,-udd-ldr-luu,"5,5,1,5,9,9,8,12,13,13,12,8,4",10,2210
25,4377,updating,test,22,9,3,0,-dll-rrl-llu,"3,3,7,6,5,5,6,7,6,6,5,4,0",1,5770
26,4377,updating,test,23,9,10,9,-dur-udl-dul,"10,10,14,10,11,11,7,11,10,10,14,10,9",9,790
27,4377,updating,test,24,12,1,12,drududdldlrl,"1,5,6,2,6,2,6,10,9,13,12,13,12",9,1640
28,4377,updating,test,25,12,12,9,rluuurrlldrd,"12,13,12,8,4,0,1,2,1,0,4,5,9",9,750
29,4377,updating,test,26,12,11,6,llrruddudluu,"11,10,9,10,11,7,11,15,11,15,14,10,6",4,4460
0,4378,updating,prac,0,0,4,4,------------,"4,4,4,4,4,4,4,4,4,4,4,4,4",4,4421
1,4378,updating,prac,1,1,8,12,-----------d,"8,8,8,8,8,8,8,8,8,8,8,8,12",8,1150
2,4378,updating,prac,2,2,9,6,-----u-----r,"9,9,9,9,9,9,5,5,5,5,5,5,6",10,1360
3,4378,updating,test,0,0,13,13,------------,"13,13,13,13,13,13,13,13,13,13,13,13,13",13,1150
4,4378,updating,test,1,0,15,15,------------,"15,15,15,15,15,15,15,15,15,15,15,15,15",15,1590
5,4378,updating,test,2,0,13,13,------------,"13,13,13,13,13,13,13,13,13,13,13,13,13",13,1230
6,4378,updating,test,3,1,3,2,-----------l,"3,3,3,3,3,3,3,3,3,3,3,3,2",3,1310
7,4378,updating,test,4,1,1,2,-----------r,"1,1,1,1,1,1,1,1,1,1,1,1,2",2,1250
8,4378,updating,test,5,1,0,4,-----------d,"0,0,0,0,0,0,0,0,0,0,0,0,4",4,1010
9,4378,updating,test,6,2,5,2,-----u-----r,"5,5,5,5,5,5,1,1,1,1,1,1,2",1,1030
10,4378,updating,test,7,2,13,8,-----l-----u,"13,13,13,13,13,13,12,12,12,12,12,12,8",9,980
11,4378,updating,test,8,2,7,2,-----l-----u,"7,7,7,7,7,7,6,6,6,6,6,6,2",2,1410
12,4378,updating,test,9,3,6,15,---d---d---r,"6,6,6,6,10,10,10,10,14,14,14,14,15",15,1260
13,4378,updating,test,10,3,15,11,---l---r---u,"15,15,15,15,14,14,14,14,15,15,15,15,11",10,940
14,4378,updating,test,11,3,10,6,---l---r---u,"10,10,10,10,9,9,9,9,10,10,10,10,6",6,1090
15,4378,updating,test,12,4,13,15,--u--d--r--r,"13,13,13,9,9,9,13,13,13,14,14,14,15",15,1020
16,4378,updating,test,13,4,3,6,--d--u--d--l,"3,3,3,7,7,7,3,3,3,7,7,7,6",6,1751
17,4378,updating,test,14,4,0,5,--d--u--d--r,"0,0,0,4,4,4,0,0,0,4,4,4,5",5,1030
18,4378,updating,test,15,6,14,11,-r-u-d-u-u-d,"14,14,15,15,11,11,15,15,11,11,7,7,11",11,880
19,4378,updating,test,16,6,0,10,-d-d-d-r-r-u,"0,0,4,4,8,8,12,12,13,13,14,14,10",10,1190
20,4378,updating,test,17,6,1,9,-d-d-d-r-u-l,"1,1,5,5,9,9,13,13,14,14,10,10,9",9,990
21,4378,updating,test,18,8,10,7,-lu-lu-rr-dr,"10,10,9,5,5,4,0,0,1,2,2,6,7",10,1230
22,4378,updating,test,19,8,14,9,-rl-rl-ul-lr,"14,14,15,14,14,15,14,14,10,9,9,8,9",6,2710
23,4378,updating,test,20,8,3,1,-ld-rd-uu-ll,"3,3,2,6,6,7,11,11,7,3,3,2,1",5,1870
0,4379,updating,prac,0,0,4,4,------------,"4,4,4,4,4,4,4,4,4,4,4,4,4",1,5390
1,4379,updating,prac,1,1,8,12,-----------d,"8,8,8,8,8,8,8,8,8,8,8,8,12",12,3950
2,4379,updating,prac,2,2,9,6,-----u-----r,"9,9,9,9,9,9,5,5,5,5,5,5,6",6,2880
3,4379,updating,test,0,0,13,13,------------,"13,13,13,13,13,13,13,13,13,13,13,13,13",13,1570
4,4379,updating,test,1,0,15,15,------------,"15,15,15,15,15,15,15,15,15,15,15,15,15",15,1490
5,4379,updating,test,2,0,13,13,------------,"13,13,13,13,13,13,13,13,13,13,13,13,13",13,1370
6,4379,updating,test,3,1,3,2,-----------l,"3,3,3,3,3,3,3,3,3,3,3,3,2",2,760
7,4379,updating,test,4,1,1,2,-----------r,"1,1,1,1,1,1,1,1,1,1,1,1,2",2,1230
8,4379,updating,test,5,1,0,4,-----------d,"0,0,0,0,0,0,0,0,0,0,0,0,4",4,1051
9,4379,updating,test,6,2,5,2,-----u-----r,"5,5,5,5,5,5,1,1,1,1,1,1,2",2,1660
10,4379,updating,test,7,2,13,8,-----l-----u,"13,13,13,13,13,13,12,12,12,12,12,12,8",8,1590
11,4379,updating,test,8,2,7,2,-----l-----u,"7,7,7,7,7,7,6,6,6,6,6,6,2",2,1580
12,4379,updating,test,9,3,6,15,---d---d---r,"6,6,6,6,10,10,10,10,14,14,14,14,15",11,3260
13,4379,updating,test,10,3,15,11,---l---r---u,"15,15,15,15,14,14,14,14,15,15,15,15,11",11,2110
14,4379,updating,test,11,3,10,6,---l---r---u,"10,10,10,10,9,9,9,9,10,10,10,10,6",7,4750
15,4379,updating,test,12,4,13,15,--u--d--r--r,"13,13,13,9,9,9,13,13,13,14,14,14,15",15,2910
16,4379,updating,test,13,4,3,6,--d--u--d--l,"3,3,3,7,7,7,3,3,3,7,7,7,6",6,5760
17,4379,updating,test,14,4,0,5,--d--u--d--r,"0,0,0,4,4,4,0,0,0,4,4,4,5",5,3071
18,4379,updating,test,15,6,14,11,-r-u-d-u-u-d,"14,14,15,15,11,11,15,15,11,11,7,7,11",10,2860
19,4379,updating,test,16,6,0,10,-d-d-d-r-r-u,"0,0,4,4,8,8,12,12,13,13,14,14,10",6,5830
20,4379,updating,test,17,6,1,9,-d-d-d-r-u-l,"1,1,5,5,9,9,13,13,14,14,10,10,9",10,2820
0,4380,updating,prac,0,0,4,4,------------,"4,4,4,4,4,4,4,4,4,4,4,4,4",4,5951
1,4380,updating,prac,1,1,8,12,-----------d,"8,8,8,8,8,8,8,8,8,8,8,8,12",8,2640
2,4380,updating,prac,2,2,9,6,-----u-----r,"9,9,9,9,9,9,5,5,5,5,5,5,6",6,1500
3,4380,updating,test,0,0,13,13,------------,"13,13,13,13,13,13,13,13,13,13,13,13,13",13,5360
4,4380,updating,test,1,0,15,15,------------,"15,15,15,15,15,15,15,15,15,15,15,15,15",15,4380
5,4380,updating,test,2,0,13,13,------------,"13,13,13,13,13,13,13,13,13,13,13,13,13",13,1651
6,4380,updating,test,3,1,3,2,-----------l,"3,3,3,3,3,3,3,3,3,3,3,3,2",2,2030
7,4380,updating,test,4,1,1,2,-----------r,"1,1,1,1,1,1,1,1,1,1,1,1,2",2,1350
8,4380,updating,test,5,1,0,4,-----------d,"0,0,0,0,0,0,0,0,0,0,0,0,4",4,1160
9,4380,updating,test,6,2,5,2,-----u-----r,"5,5,5,5,5,5,1,1,1,1,1,1,2",5,1360
10,4380,updating,test,7,2,13,8,-----l-----u,"13,13,13,13,13,13,12,12,12,12,12,12,8",4,1661
11,4380,updating,test,8,2,7,2,-----l-----u,"7,7,7,7,7,7,6,6,6,6,6,6,2",6,2220
0,4381,updating,prac,0,0,4,4,------------,"4,4,4,4,4,4,4,4,4,4,4,4,4",8,3180
1,4381,updating,prac,1,1,8,12,-----------d,"8,8,8,8,8,8,8,8,8,8,8,8,12",8,37022
2,4381,updating,prac,2,2,9,6,-----u-----r,"9,9,9,9,9,9,5,5,5,5,5,5,6",6,3791
3,4381,updating,test,0,0,13,13,------------,"13,13,13,13,13,13,13,13,13,13,13,13,13",13,1290
4,4381,updating,test,1,0,15,15,------------,"15,15,15,15,15,15,15,15,15,15,15,15,15",15,1881
5,4381,updating,test,2,0,13,13,------------,"13,13,13,13,13,13,13,13,13,13,13,13,13",13,1070
6,4381,updating,test,3,1,3,2,-----------l,"3,3,3,3,3,3,3,3,3,3,3,3,2",2,1490
7,4381,updating,test,4,1,1,2,-----------r,"1,1,1,1,1,1,1,1,1,1,1,1,2",2,1290
8,4381,updating,test,5,1,0,4,-----------d,"0,0,0,0,0,0,0,0,0,0,0,0,4",4,1340
9,4381,updating,test,6,2,5,2,-----u-----r,"5,5,5,5,5,5,1,1,1,1,1,1,2",2,1080
10,4381,updating,test,7,2,13,8,-----l-----u,"13,13,13,13,13,13,12,12,12,12,12,12,8",8,1400
11,4381,updating,test,8,2,7,2,-----l-----u,"7,7,7,7,7,7,6,6,6,6,6,6,2",2,1060
12,4381,updating,test,9,3,6,15,---d---d---r,"6,6,6,6,10,10,10,10,14,14,14,14,15",11,1520
13,4381,updating,test,10,3,15,11,---l---r---u,"15,15,15,15,14,14,14,14,15,15,15,15,11",11,1180
14,4381,updating,test,11,3,10,6,---l---r---u,"10,10,10,10,9,9,9,9,10,10,10,10,6",6,1120
15,4381,updating,test,12,4,13,15,--u--d--r--r,"13,13,13,9,9,9,13,13,13,14,14,14,15",15,1270
16,4381,updating,test,13,4,3,6,--d--u--d--l,"3,3,3,7,7,7,3,3,3,7,7,7,6",6,850
17,4381,updating,test,14,4,0,5,--d--u--d--r,"0,0,0,4,4,4,0,0,0,4,4,4,5",5,780
18,4381,updating,test,15,6,14,11,-r-u-d-u-u-d,"14,14,15,15,11,11,15,15,11,11,7,7,11",11,930
19,4381,updating,test,16,6,0,10,-d-d-d-r-r-u,"0,0,4,4,8,8,12,12,13,13,14,14,10",10,2000
20,4381,updating,test,17,6,1,9,-d-d-d-r-u-l,"1,1,5,5,9,9,13,13,14,14,10,10,9",9,4160
21,4381,updating,test,18,8,10,7,-lu-lu-rr-dr,"10,10,9,5,5,4,0,0,1,2,2,6,7",7,11331
22,4381,updating,test,19,8,14,9,-rl-rl-ul-lr,"14,14,15,14,14,15,14,14,10,9,9,8,9",6,7740
23,4381,updating,test,20,8,3,1,-ld-rd-uu-ll,"3,3,2,6,6,7,11,11,7,3,3,2,1",3,15740
24,4381,updating,test,21,9,5,4,-udd-ldr-luu,"5,5,1,5,9,9,8,12,13,13,12,8,4",2,24501
25,4381,updating,test,22,9,3,0,-dll-rrl-llu,"3,3,7,6,5,5,6,7,6,6,5,4,0",6,16921
26,4381,updating,test,23,9,10,9,-dur-udl-dul,"10,10,14,10,11,11,7,11,10,10,14,10,9",11,23132
0,4383,updating,prac,0,0,4,4,------------,"4,4,4,4,4,4,4,4,4,4,4,4,4",4,2870
1,4383,updating,prac,1,1,8,12,-----------d,"8,8,8,8,8,8,8,8,8,8,8,8,12",12,1130
2,4383,updating,prac,2,2,9,6,-----u-----r,"9,9,9,9,9,9,5,5,5,5,5,5,6",5,1120
3,4383,updating,test,0,0,13,13,------------,"13,13,13,13,13,13,13,13,13,13,13,13,13",13,1840
4,4383,updating,test,1,0,15,15,------------,"15,15,15,15,15,15,15,15,15,15,15,15,15",15,1480
5,4383,updating,test,2,0,13,13,------------,"13,13,13,13,13,13,13,13,13,13,13,13,13",9,2350
6,4383,updating,test,3,1,3,2,-----------l,"3,3,3,3,3,3,3,3,3,3,3,3,2",3,2730
7,4383,updating,test,4,1,1,2,-----------r,"1,1,1,1,1,1,1,1,1,1,1,1,2",5,1131
8,4383,updating,test,5,1,0,4,-----------d,"0,0,0,0,0,0,0,0,0,0,0,0,4",13,1530
0,4384,updating,prac,0,0,4,4,------------,"4,4,4,4,4,4,4,4,4,4,4,4,4",4,6041
1,4384,updating,prac,1,1,8,12,-----------d,"8,8,8,8,8,8,8,8,8,8,8,8,12",8,2110
2,4384,updating,prac,2,2,9,6,-----u-----r,"9,9,9,9,9,9,5,5,5,5,5,5,6",13,7890
3,4384,updating,test,0,0,13,13,------------,"13,13,13,13,13,13,13,13,13,13,13,13,13",13,1030
4,4384,updating,test,1,0,15,15,------------,"15,15,15,15,15,15,15,15,15,15,15,15,15",15,1200
5,4384,updating,test,2,0,13,13,------------,"13,13,13,13,13,13,13,13,13,13,13,13,13",12,1030
6,4384,updating,test,3,1,3,2,-----------l,"3,3,3,3,3,3,3,3,3,3,3,3,2",8,1120
7,4384,updating,test,4,1,1,2,-----------r,"1,1,1,1,1,1,1,1,1,1,1,1,2",11,990
8,4384,updating,test,5,1,0,4,-----------d,"0,0,0,0,0,0,0,0,0,0,0,0,4",13,1000
0,4385,updating,prac,0,0,4,4,------------,"4,4,4,4,4,4,4,4,4,4,4,4,4",10,15441
1,4385,updating,prac,1,1,8,12,-----------d,"8,8,8,8,8,8,8,8,8,8,8,8,12",8,12691
2,4385,updating,prac,2,2,9,6,-----u-----r,"9,9,9,9,9,9,5,5,5,5,5,5,6",6,5521
3,4385,updating,test,0,0,13,13,------------,"13,13,13,13,13,13,13,13,13,13,13,13,13",10,9431
4,4385,updating,test,1,0,15,15,------------,"15,15,15,15,15,15,15,15,15,15,15,15,15",10,4590
5,4385,updating,test,2,0,13,13,------------,"13,13,13,13,13,13,13,13,13,13,13,13,13",14,2260
0,4386,updating,prac,0,0,4,4,------------,"4,4,4,4,4,4,4,4,4,4,4,4,4",4,1910
1,4386,updating,prac,1,1,8,12,-----------d,"8,8,8,8,8,8,8,8,8,8,8,8,12",8,2110
2,4386,updating,prac,2,2,9,6,-----u-----r,"9,9,9,9,9,9,5,5,5,5,5,5,6",9,1271
3,4386,updating,test,0,0,13,13,------------,"13,13,13,13,13,13,13,13,13,13,13,13,13",13,1610
4,4386,updating,test,1,0,15,15,------------,"15,15,15,15,15,15,15,15,15,15,15,15,15",15,2000
5,4386,updating,test,2,0,13,13,------------,"13,13,13,13,13,13,13,13,13,13,13,13,13",13,1620
6,4386,updating,test,3,1,3,2,-----------l,"3,3,3,3,3,3,3,3,3,3,3,3,2",0,2010
7,4386,updating,test,4,1,1,2,-----------r,"1,1,1,1,1,1,1,1,1,1,1,1,2",7,2200
8,4386,updating,test,5,1,0,4,-----------d,"0,0,0,0,0,0,0,0,0,0,0,0,4",14,2761
0,4387,updating,prac,0,0,4,4,------------,"4,4,4,4,4,4,4,4,4,4,4,4,4",4,4200
1,4387,updating,prac,1,1,8,12,-----------d,"8,8,8,8,8,8,8,8,8,8,8,8,12",8,990
2,4387,updating,prac,2,2,9,6,-----u-----r,"9,9,9,9,9,9,5,5,5,5,5,5,6",6,3881
3,4387,updating,test,0,0,13,13,------------,"13,13,13,13,13,13,13,13,13,13,13,13,13",13,1070
4,4387,updating,test,1,0,15,15,------------,"15,15,15,15,15,15,15,15,15,15,15,15,15",15,1300
5,4387,updating,test,2,0,13,13,------------,"13,13,13,13,13,13,13,13,13,13,13,13,13",13,961
6,4387,updating,test,3,1,3,2,-----------l,"3,3,3,3,3,3,3,3,3,3,3,3,2",2,1360
7,4387,updating,test,4,1,1,2,-----------r,"1,1,1,1,1,1,1,1,1,1,1,1,2",2,1870
8,4387,updating,test,5,1,0,4,-----------d,"0,0,0,0,0,0,0,0,0,0,0,0,4",4,1351
9,4387,updating,test,6,2,5,2,-----u-----r,"5,5,5,5,5,5,1,1,1,1,1,1,2",2,1500
10,4387,updating,test,7,2,13,8,-----l-----u,"13,13,13,13,13,13,12,12,12,12,12,12,8",8,2481
11,4387,updating,test,8,2,7,2,-----l-----u,"7,7,7,7,7,7,6,6,6,6,6,6,2",2,4950
12,4387,updating,test,9,3,6,15,---d---d---r,"6,6,6,6,10,10,10,10,14,14,14,14,15",15,4810
13,4387,updating,test,10,3,15,11,---l---r---u,"15,15,15,15,14,14,14,14,15,15,15,15,11",10,8870
14,4387,updating,test,11,3,10,6,---l---r---u,"10,10,10,10,9,9,9,9,10,10,10,10,6",6,2010
15,4387,updating,test,12,4,13,15,--u--d--r--r,"13,13,13,9,9,9,13,13,13,14,14,14,15",14,2650
16,4387,updating,test,13,4,3,6,--d--u--d--l,"3,3,3,7,7,7,3,3,3,7,7,7,6",1,5710
17,4387,updating,test,14,4,0,5,--d--u--d--r,"0,0,0,4,4,4,0,0,0,4,4,4,5",5,5480
18,4387,updating,test,15,6,14,11,-r-u-d-u-u-d,"14,14,15,15,11,11,15,15,11,11,7,7,11",10,6870
19,4387,updating,test,16,6,0,10,-d-d-d-r-r-u,"0,0,4,4,8,8,12,12,13,13,14,14,10",9,5480
20,4387,updating,test,17,6,1,9,-d-d-d-r-u-l,"1,1,5,5,9,9,13,13,14,14,10,10,9",9,7211
21,4387,updating,test,18,8,10,7,-lu-lu-rr-dr,"10,10,9,5,5,4,0,0,1,2,2,6,7",9,13491
22,4387,updating,test,19,8,14,9,-rl-rl-ul-lr,"14,14,15,14,14,15,14,14,10,9,9,8,9",9,1780
23,4387,updating,test,20,8,3,1,-ld-rd-uu-ll,"3,3,2,6,6,7,11,11,7,3,3,2,1",6,8261
24,4387,updating,test,21,9,5,4,-udd-ldr-luu,"5,5,1,5,9,9,8,12,13,13,12,8,4",8,9031
25,4387,updating,test,22,9,3,0,-dll-rrl-llu,"3,3,7,6,5,5,6,7,6,6,5,4,0",3,13701
26,4387,updating,test,23,9,10,9,-dur-udl-dul,"10,10,14,10,11,11,7,11,10,10,14,10,9",10,2561
0,4388,updating,prac,0,0,4,4,------------,"4,4,4,4,4,4,4,4,4,4,4,4,4",4,6861
1,4388,updating,prac,1,1,8,12,-----------d,"8,8,8,8,8,8,8,8,8,8,8,8,12",12,4030
2,4388,updating,prac,2,2,9,6,-----u-----r,"9,9,9,9,9,9,5,5,5,5,5,5,6",6,2190
3,4388,updating,test,0,0,13,13,------------,"13,13,13,13,13,13,13,13,13,13,13,13,13",4,4920
4,4388,updating,test,1,0,15,15,------------,"15,15,15,15,15,15,15,15,15,15,15,15,15",15,1040
5,4388,updating,test,2,0,13,13,------------,"13,13,13,13,13,13,13,13,13,13,13,13,13",13,1450
6,4388,updating,test,3,1,3,2,-----------l,"3,3,3,3,3,3,3,3,3,3,3,3,2",2,950
7,4388,updating,test,4,1,1,2,-----------r,"1,1,1,1,1,1,1,1,1,1,1,1,2",2,1150
8,4388,updating,test,5,1,0,4,-----------d,"0,0,0,0,0,0,0,0,0,0,0,0,4",4,1260
9,4388,updating,test,6,2,5,2,-----u-----r,"5,5,5,5,5,5,1,1,1,1,1,1,2",6,890
10,4388,updating,test,7,2,13,8,-----l-----u,"13,13,13,13,13,13,12,12,12,12,12,12,8",9,1140
11,4388,updating,test,8,2,7,2,-----l-----u,"7,7,7,7,7,7,6,6,6,6,6,6,2",2,940
12,4388,updating,test,9,3,6,15,---d---d---r,"6,6,6,6,10,10,10,10,14,14,14,14,15",15,1650
13,4388,updating,test,10,3,15,11,---l---r---u,"15,15,15,15,14,14,14,14,15,15,15,15,11",10,3160
14,4388,updating,test,11,3,10,6,---l---r---u,"10,10,10,10,9,9,9,9,10,10,10,10,6",7,5991
15,4388,updating,test,12,4,13,15,--u--d--r--r,"13,13,13,9,9,9,13,13,13,14,14,14,15",10,1240
16,4388,updating,test,13,4,3,6,--d--u--d--l,"3,3,3,7,7,7,3,3,3,7,7,7,6",5,2320
17,4388,updating,test,14,4,0,5,--d--u--d--r,"0,0,0,4,4,4,0,0,0,4,4,4,5",6,3281
0,4389,updating,prac,0,0,4,4,------------,"4,4,4,4,4,4,4,4,4,4,4,4,4",4,2460
1,4389,updating,prac,1,1,8,12,-----------d,"8,8,8,8,8,8,8,8,8,8,8,8,12",8,930
2,4389,updating,prac,2,2,9,6,-----u-----r,"9,9,9,9,9,9,5,5,5,5,5,5,6",6,3580
3,4389,updating,test,0,0,13,13,------------,"13,13,13,13,13,13,13,13,13,13,13,13,13",13,730
4,4389,updating,test,1,0,15,15,------------,"15,15,15,15,15,15,15,15,15,15,15,15,15",15,840
5,4389,updating,test,2,0,13,13,------------,"13,13,13,13,13,13,13,13,13,13,13,13,13",13,870
6,4389,updating,test,3,1,3,2,-----------l,"3,3,3,3,3,3,3,3,3,3,3,3,2",2,1190
7,4389,updating,test,4,1,1,2,-----------r,"1,1,1,1,1,1,1,1,1,1,1,1,2",2,720
8,4389,updating,test,5,1,0,4,-----------d,"0,0,0,0,0,0,0,0,0,0,0,0,4",4,600
9,4389,updating,test,6,2,5,2,-----u-----r,"5,5,5,5,5,5,1,1,1,1,1,1,2",2,710
10,4389,updating,test,7,2,13,8,-----l-----u,"13,13,13,13,13,13,12,12,12,12,12,12,8",8,780
11,4389,updating,test,8,2,7,2,-----l-----u,"7,7,7,7,7,7,6,6,6,6,6,6,2",2,620
12,4389,updating,test,9,3,6,15,---d---d---r,"6,6,6,6,10,10,10,10,14,14,14,14,15",15,1840
13,4389,updating,test,10,3,15,11,---l---r---u,"15,15,15,15,14,14,14,14,15,15,15,15,11",11,680
14,4389,updating,test,11,3,10,6,---l---r---u,"10,10,10,10,9,9,9,9,10,10,10,10,6",6,590
15,4389,updating,test,12,4,13,15,--u--d--r--r,"13,13,13,9,9,9,13,13,13,14,14,14,15",15,710
16,4389,updating,test,13,4,3,6,--d--u--d--l,"3,3,3,7,7,7,3,3,3,7,7,7,6",2,4281
17,4389,updating,test,14,4,0,5,--d--u--d--r,"0,0,0,4,4,4,0,0,0,4,4,4,5",5,940
18,4389,updating,test,15,6,14,11,-r-u-d-u-u-d,"14,14,15,15,11,11,15,15,11,11,7,7,11",15,1020
19,4389,updating,test,16,6,0,10,-d-d-d-r-r-u,"0,0,4,4,8,8,12,12,13,13,14,14,10",10,4651
20,4389,updating,test,17,6,1,9,-d-d-d-r-u-l,"1,1,5,5,9,9,13,13,14,14,10,10,9",9,3200
21,4389,updating,test,18,8,10,7,-lu-lu-rr-dr,"10,10,9,5,5,4,0,0,1,2,2,6,7",15,1120
22,4389,updating,test,19,8,14,9,-rl-rl-ul-lr,"14,14,15,14,14,15,14,14,10,9,9,8,9",10,990
23,4389,updating,test,20,8,3,1,-ld-rd-uu-ll,"3,3,2,6,6,7,11,11,7,3,3,2,1",1,1040
24,4389,updating,test,21,9,5,4,-udd-ldr-luu,"5,5,1,5,9,9,8,12,13,13,12,8,4",4,1051
25,4389,updating,test,22,9,3,0,-dll-rrl-llu,"3,3,7,6,5,5,6,7,6,6,5,4,0",3,1850
26,4389,updating,test,23,9,10,9,-dur-udl-dul,"10,10,14,10,11,11,7,11,10,10,14,10,9",9,580
27,4389,updating,test,24,12,1,12,drududdldlrl,"1,5,6,2,6,2,6,10,9,13,12,13,12",0,1890
28,4389,updating,test,25,12,12,9,rluuurrlldrd,"12,13,12,8,4,0,1,2,1,0,4,5,9",9,600
29,4389,updating,test,26,12,11,6,llrruddudluu,"11,10,9,10,11,7,11,15,11,15,14,10,6",7,890
0,4390,updating,prac,0,0,4,4,------------,"4,4,4,4,4,4,4,4,4,4,4,4,4",4,5551
1,4390,updating,prac,1,1,8,12,-----------d,"8,8,8,8,8,8,8,8,8,8,8,8,12",12,1330
2,4390,updating,prac,2,2,9,6,-----u-----r,"9,9,9,9,9,9,5,5,5,5,5,5,6",6,2110
3,4390,updating,test,0,0,13,13,------------,"13,13,13,13,13,13,13,13,13,13,13,13,13",13,1730
4,4390,updating,test,1,0,15,15,------------,"15,15,15,15,15,15,15,15,15,15,15,15,15",15,1740
5,4390,updating,test,2,0,13,13,------------,"13,13,13,13,13,13,13,13,13,13,13,13,13",13,1600
6,4390,updating,test,3,1,3,2,-----------l,"3,3,3,3,3,3,3,3,3,3,3,3,2",2,1640
7,4390,updating,test,4,1,1,2,-----------r,"1,1,1,1,1,1,1,1,1,1,1,1,2",2,1250
8,4390,updating,test,5,1,0,4,-----------d,"0,0,0,0,0,0,0,0,0,0,0,0,4",4,1390
9,4390,updating,test,6,2,5,2,-----u-----r,"5,5,5,5,5,5,1,1,1,1,1,1,2",2,1590
10,4390,updating,test,7,2,13,8,-----l-----u,"13,13,13,13,13,13,12,12,12,12,12,12,8",8,1130
11,4390,updating,test,8,2,7,2,-----l-----u,"7,7,7,7,7,7,6,6,6,6,6,6,2",2,1000
12,4390,updating,test,9,3,6,15,---d---d---r,"6,6,6,6,10,10,10,10,14,14,14,14,15",15,1460
13,4390,updating,test,10,3,15,11,---l---r---u,"15,15,15,15,14,14,14,14,15,15,15,15,11",11,1320
14,4390,updating,test,11,3,10,6,---l---r---u,"10,10,10,10,9,9,9,9,10,10,10,10,6",6,970
15,4390,updating,test,12,4,13,15,--u--d--r--r,"13,13,13,9,9,9,13,13,13,14,14,14,15",15,1210
16,4390,updating,test,13,4,3,6,--d--u--d--l,"3,3,3,7,7,7,3,3,3,7,7,7,6",6,1050
17,4390,updating,test,14,4,0,5,--d--u--d--r,"0,0,0,4,4,4,0,0,0,4,4,4,5",5,1040
18,4390,updating,test,15,6,14,11,-r-u-d-u-u-d,"14,14,15,15,11,11,15,15,11,11,7,7,11",14,1500
19,4390,updating,test,16,6,0,10,-d-d-d-r-r-u,"0,0,4,4,8,8,12,12,13,13,14,14,10",10,1020
20,4390,updating,test,17,6,1,9,-d-d-d-r-u-l,"1,1,5,5,9,9,13,13,14,14,10,10,9",5,1270
21,4390,updating,test,18,8,10,7,-lu-lu-rr-dr,"10,10,9,5,5,4,0,0,1,2,2,6,7",14,1940
22,4390,updating,test,19,8,14,9,-rl-rl-ul-lr,"14,14,15,14,14,15,14,14,10,9,9,8,9",5,880
23,4390,updating,test,20,8,3,1,-ld-rd-uu-ll,"3,3,2,6,6,7,11,11,7,3,3,2,1",2,1341
0,4391,updating,prac,0,0,4,4,------------,"4,4,4,4,4,4,4,4,4,4,4,4,4",4,2140
1,4391,updating,prac,1,1,8,12,-----------d,"8,8,8,8,8,8,8,8,8,8,8,8,12",12,16301
2,4391,updating,prac,2,2,9,6,-----u-----r,"9,9,9,9,9,9,5,5,5,5,5,5,6",6,6800
3,4391,updating,test,0,0,13,13,------------,"13,13,13,13,13,13,13,13,13,13,13,13,13",13,1100
4,4391,updating,test,1,0,15,15,------------,"15,15,15,15,15,15,15,15,15,15,15,15,15",15,5640
5,4391,updating,test,2,0,13,13,------------,"13,13,13,13,13,13,13,13,13,13,13,13,13",13,1140
6,4391,updating,test,3,1,3,2,-----------l,"3,3,3,3,3,3,3,3,3,3,3,3,2",2,1750
7,4391,updating,test,4,1,1,2,-----------r,"1,1,1,1,1,1,1,1,1,1,1,1,2",2,1730
8,4391,updating,test,5,1,0,4,-----------d,"0,0,0,0,0,0,0,0,0,0,0,0,4",4,1410
9,4391,updating,test,6,2,5,2,-----u-----r,"5,5,5,5,5,5,1,1,1,1,1,1,2",2,1920
10,4391,updating,test,7,2,13,8,-----l-----u,"13,13,13,13,13,13,12,12,12,12,12,12,8",8,1240
11,4391,updating,test,8,2,7,2,-----l-----u,"7,7,7,7,7,7,6,6,6,6,6,6,2",2,990
12,4391,updating,test,9,3,6,15,---d---d---r,"6,6,6,6,10,10,10,10,14,14,14,14,15",15,4220
13,4391,updating,test,10,3,15,11,---l---r---u,"15,15,15,15,14,14,14,14,15,15,15,15,11",11,1010
14,4391,updating,test,11,3,10,6,---l---r---u,"10,10,10,10,9,9,9,9,10,10,10,10,6",6,770
15,4391,updating,test,12,4,13,15,--u--d--r--r,"13,13,13,9,9,9,13,13,13,14,14,14,15",15,810
16,4391,updating,test,13,4,3,6,--d--u--d--l,"3,3,3,7,7,7,3,3,3,7,7,7,6",6,800
17,4391,updating,test,14,4,0,5,--d--u--d--r,"0,0,0,4,4,4,0,0,0,4,4,4,5",5,3221
18,4391,updating,test,15,6,14,11,-r-u-d-u-u-d,"14,14,15,15,11,11,15,15,11,11,7,7,11",10,920
19,4391,updating,test,16,6,0,10,-d-d-d-r-r-u,"0,0,4,4,8,8,12,12,13,13,14,14,10",6,3830
20,4391,updating,test,17,6,1,9,-d-d-d-r-u-l,"1,1,5,5,9,9,13,13,14,14,10,10,9",9,3301
21,4391,updating,test,18,8,10,7,-lu-lu-rr-dr,"10,10,9,5,5,4,0,0,1,2,2,6,7",7,10401
22,4391,updating,test,19,8,14,9,-rl-rl-ul-lr,"14,14,15,14,14,15,14,14,10,9,9,8,9",5,5661
23,4391,updating,test,20,8,3,1,-ld-rd-uu-ll,"3,3,2,6,6,7,11,11,7,3,3,2,1",1,940
24,4391,updating,test,21,9,5,4,-udd-ldr-luu,"5,5,1,5,9,9,8,12,13,13,12,8,4",1,1870
25,4391,updating,test,22,9,3,0,-dll-rrl-llu,"3,3,7,6,5,5,6,7,6,6,5,4,0",2,1520
26,4391,updating,test,23,9,10,9,-dur-udl-dul,"10,10,14,10,11,11,7,11,10,10,14,10,9",1,3390
0,4392,updating,prac,0,0,4,4,------------,"4,4,4,4,4,4,4,4,4,4,4,4,4",4,4550
1,4392,updating,prac,1,1,8,12,-----------d,"8,8,8,8,8,8,8,8,8,8,8,8,12",12,1810
2,4392,updating,prac,2,2,9,6,-----u-----r,"9,9,9,9,9,9,5,5,5,5,5,5,6",6,5270
3,4392,updating,test,0,0,13,13,------------,"13,13,13,13,13,13,13,13,13,13,13,13,13",13,950
4,4392,updating,test,1,0,15,15,------------,"15,15,15,15,15,15,15,15,15,15,15,15,15",15,1360
5,4392,updating,test,2,0,13,13,------------,"13,13,13,13,13,13,13,13,13,13,13,13,13",15,6050
6,4392,updating,test,3,1,3,2,-----------l,"3,3,3,3,3,3,3,3,3,3,3,3,2",2,1150
7,4392,updating,test,4,1,1,2,-----------r,"1,1,1,1,1,1,1,1,1,1,1,1,2",2,1480
8,4392,updating,test,5,1,0,4,-----------d,"0,0,0,0,0,0,0,0,0,0,0,0,4",4,1270
9,4392,updating,test,6,2,5,2,-----u-----r,"5,5,5,5,5,5,1,1,1,1,1,1,2",1,2310
10,4392,updating,test,7,2,13,8,-----l-----u,"13,13,13,13,13,13,12,12,12,12,12,12,8",8,1970
11,4392,updating,test,8,2,7,2,-----l-----u,"7,7,7,7,7,7,6,6,6,6,6,6,2",2,1440
12,4392,updating,test,9,3,6,15,---d---d---r,"6,6,6,6,10,10,10,10,14,14,14,14,15",10,5840
13,4392,updating,test,10,3,15,11,---l---r---u,"15,15,15,15,14,14,14,14,15,15,15,15,11",11,910
14,4392,updating,test,11,3,10,6,---l---r---u,"10,10,10,10,9,9,9,9,10,10,10,10,6",6,880
15,4392,updating,test,12,4,13,15,--u--d--r--r,"13,13,13,9,9,9,13,13,13,14,14,14,15",15,750
16,4392,updating,test,13,4,3,6,--d--u--d--l,"3,3,3,7,7,7,3,3,3,7,7,7,6",6,750
17,4392,updating,test,14,4,0,5,--d--u--d--r,"0,0,0,4,4,4,0,0,0,4,4,4,5",5,850
18,4392,updating,test,15,6,14,11,-r-u-d-u-u-d,"14,14,15,15,11,11,15,15,11,11,7,7,11",7,1000
19,4392,updating,test,16,6,0,10,-d-d-d-r-r-u,"0,0,4,4,8,8,12,12,13,13,14,14,10",10,3710
20,4392,updating,test,17,6,1,9,-d-d-d-r-u-l,"1,1,5,5,9,9,13,13,14,14,10,10,9",9,3671
21,4392,updating,test,18,8,10,7,-lu-lu-rr-dr,"10,10,9,5,5,4,0,0,1,2,2,6,7",6,9801
22,4392,updating,test,19,8,14,9,-rl-rl-ul-lr,"14,14,15,14,14,15,14,14,10,9,9,8,9",10,3570
23,4392,updating,test,20,8,3,1,-ld-rd-uu-ll,"3,3,2,6,6,7,11,11,7,3,3,2,1",7,11641
0,4393,updating,prac,0,0,4,4,------------,"4,4,4,4,4,4,4,4,4,4,4,4,4",4,2560
1,4393,updating,prac,1,1,8,12,-----------d,"8,8,8,8,8,8,8,8,8,8,8,8,12",12,2031
2,4393,updating,prac,2,2,9,6,-----u-----r,"9,9,9,9,9,9,5,5,5,5,5,5,6",6,950
3,4393,updating,test,0,0,13,13,------------,"13,13,13,13,13,13,13,13,13,13,13,13,13",13,1580
4,4393,updating,test,1,0,15,15,------------,"15,15,15,15,15,15,15,15,15,15,15,15,15",15,1401
5,4393,updating,test,2,0,13,13,------------,"13,13,13,13,13,13,13,13,13,13,13,13,13",13,920
6,4393,updating,test,3,1,3,2,-----------l,"3,3,3,3,3,3,3,3,3,3,3,3,2",2,630
7,4393,updating,test,4,1,1,2,-----------r,"1,1,1,1,1,1,1,1,1,1,1,1,2",2,520
8,4393,updating,test,5,1,0,4,-----------d,"0,0,0,0,0,0,0,0,0,0,0,0,4",4,2220
9,4393,updating,test,6,2,5,2,-----u-----r,"5,5,5,5,5,5,1,1,1,1,1,1,2",2,1740
10,4393,updating,test,7,2,13,8,-----l-----u,"13,13,13,13,13,13,12,12,12,12,12,12,8",8,2070
11,4393,updating,test,8,2,7,2,-----l-----u,"7,7,7,7,7,7,6,6,6,6,6,6,2",2,2590
12,4393,updating,test,9,3,6,15,---d---d---r,"6,6,6,6,10,10,10,10,14,14,14,14,15",11,2800
13,4393,updating,test,10,3,15,11,---l---r---u,"15,15,15,15,14,14,14,14,15,15,15,15,11",10,5950
14,4393,updating,test,11,3,10,6,---l---r---u,"10,10,10,10,9,9,9,9,10,10,10,10,6",6,2140
15,4393,updating,test,12,4,13,15,--u--d--r--r,"13,13,13,9,9,9,13,13,13,14,14,14,15",15,2170
16,4393,updating,test,13,4,3,6,--d--u--d--l,"3,3,3,7,7,7,3,3,3,7,7,7,6",6,1750
17,4393,updating,test,14,4,0,5,--d--u--d--r,"0,0,0,4,4,4,0,0,0,4,4,4,5",5,2070
18,4393,updating,test,15,6,14,11,-r-u-d-u-u-d,"14,14,15,15,11,11,15,15,11,11,7,7,11",10,1730
19,4393,updating,test,16,6,0,10,-d-d-d-r-r-u,"0,0,4,4,8,8,12,12,13,13,14,14,10",5,5180
20,4393,updating,test,17,6,1,9,-d-d-d-r-u-l,"1,1,5,5,9,9,13,13,14,14,10,10,9",5,1430
0,4394,updating,prac,0,0,4,4,------------,"4,4,4,4,4,4,4,4,4,4,4,4,4",4,1550
1,4394,updating,prac,1,1,8,12,-----------d,"8,8,8,8,8,8,8,8,8,8,8,8,12",12,1000
2,4394,updating,prac,2,2,9,6,-----u-----r,"9,9,9,9,9,9,5,5,5,5,5,5,6",6,2150
3,4394,updating,test,0,0,13,13,------------,"13,13,13,13,13,13,13,13,13,13,13,13,13",13,770
4,4394,updating,test,1,0,15,15,------------,"15,15,15,15,15,15,15,15,15,15,15,15,15",15,960
5,4394,updating,test,2,0,13,13,------------,"13,13,13,13,13,13,13,13,13,13,13,13,13",13,490
6,4394,updating,test,3,1,3,2,-----------l,"3,3,3,3,3,3,3,3,3,3,3,3,2",2,1480
7,4394,updating,test,4,1,1,2,-----------r,"1,1,1,1,1,1,1,1,1,1,1,1,2",2,770
8,4394,updating,test,5,1,0,4,-----------d,"0,0,0,0,0,0,0,0,0,0,0,0,4",4,810
9,4394,updating,test,6,2,5,2,-----u-----r,"5,5,5,5,5,5,1,1,1,1,1,1,2",2,1110
10,4394,updating,test,7,2,13,8,-----l-----u,"13,13,13,13,13,13,12,12,12,12,12,12,8",8,1650
11,4394,updating,test,8,2,7,2,-----l-----u,"7,7,7,7,7,7,6,6,6,6,6,6,2",2,1270
12,4394,updating,test,9,3,6,15,---d---d---r,"6,6,6,6,10,10,10,10,14,14,14,14,15",15,2400
13,4394,updating,test,10,3,15,11,---l---r---u,"15,15,15,15,14,14,14,14,15,15,15,15,11",10,11061
14,4394,updating,test,11,3,10,6,---l---r---u,"10,10,10,10,9,9,9,9,10,10,10,10,6",6,2280
15,4394,updating,test,12,4,13,15,--u--d--r--r,"13,13,13,9,9,9,13,13,13,14,14,14,15",15,5621
16,4394,updating,test,13,4,3,6,--d--u--d--l,"3,3,3,7,7,7,3,3,3,7,7,7,6",3,11701
17,4394,updating,test,14,4,0,5,--d--u--d--r,"0,0,0,4,4,4,0,0,0,4,4,4,5",5,3821
18,4394,updating,test,15,6,14,11,-r-u-d-u-u-d,"14,14,15,15,11,11,15,15,11,11,7,7,11",9,9701
19,4394,updating,test,16,6,0,10,-d-d-d-r-r-u,"0,0,4,4,8,8,12,12,13,13,14,14,10",10,7641
20,4394,updating,test,17,6,1,9,-d-d-d-r-u-l,"1,1,5,5,9,9,13,13,14,14,10,10,9",9,5280
21,4394,updating,test,18,8,10,7,-lu-lu-rr-dr,"10,10,9,5,5,4,0,0,1,2,2,6,7",6,1180
22,4394,updating,test,19,8,14,9,-rl-rl-ul-lr,"14,14,15,14,14,15,14,14,10,9,9,8,9",6,2121
23,4394,updating,test,20,8,3,1,-ld-rd-uu-ll,"3,3,2,6,6,7,11,11,7,3,3,2,1",10,980
0,4395,updating,prac,0,0,4,4,------------,"4,4,4,4,4,4,4,4,4,4,4,4,4",4,1090
1,4395,updating,prac,1,1,8,12,-----------d,"8,8,8,8,8,8,8,8,8,8,8,8,12",8,1400
2,4395,updating,prac,2,2,9,6,-----u-----r,"9,9,9,9,9,9,5,5,5,5,5,5,6",6,1700
3,4395,updating,test,0,0,13,13,------------,"13,13,13,13,13,13,13,13,13,13,13,13,13",13,1250
4,4395,updating,test,1,0,15,15,------------,"15,15,15,15,15,15,15,15,15,15,15,15,15",15,1410
5,4395,updating,test,2,0,13,13,------------,"13,13,13,13,13,13,13,13,13,13,13,13,13",13,1520
6,4395,updating,test,3,1,3,2,-----------l,"3,3,3,3,3,3,3,3,3,3,3,3,2",2,1080
7,4395,updating,test,4,1,1,2,-----------r,"1,1,1,1,1,1,1,1,1,1,1,1,2",2,911
8,4395,updating,test,5,1,0,4,-----------d,"0,0,0,0,0,0,0,0,0,0,0,0,4",4,900
9,4395,updating,test,6,2,5,2,-----u-----r,"5,5,5,5,5,5,1,1,1,1,1,1,2",2,1430
10,4395,updating,test,7,2,13,8,-----l-----u,"13,13,13,13,13,13,12,12,12,12,12,12,8",8,990
11,4395,updating,test,8,2,7,2,-----l-----u,"7,7,7,7,7,7,6,6,6,6,6,6,2",2,1020
12,4395,updating,test,9,3,6,15,---d---d---r,"6,6,6,6,10,10,10,10,14,14,14,14,15",15,1760
13,4395,updating,test,10,3,15,11,---l---r---u,"15,15,15,15,14,14,14,14,15,15,15,15,11",10,1600
14,4395,updating,test,11,3,10,6,---l---r---u,"10,10,10,10,9,9,9,9,10,10,10,10,6",6,840
15,4395,updating,test,12,4,13,15,--u--d--r--r,"13,13,13,9,9,9,13,13,13,14,14,14,15",15,980
16,4395,updating,test,13,4,3,6,--d--u--d--l,"3,3,3,7,7,7,3,3,3,7,7,7,6",6,920
17,4395,updating,test,14,4,0,5,--d--u--d--r,"0,0,0,4,4,4,0,0,0,4,4,4,5",5,880
18,4395,updating,test,15,6,14,11,-r-u-d-u-u-d,"14,14,15,15,11,11,15,15,11,11,7,7,11",15,1110
19,4395,updating,test,16,6,0,10,-d-d-d-r-r-u,"0,0,4,4,8,8,12,12,13,13,14,14,10",9,1100
20,4395,updating,test,17,6,1,9,-d-d-d-r-u-l,"1,1,5,5,9,9,13,13,14,14,10,10,9",9,800
21,4395,updating,test,18,8,10,7,-lu-lu-rr-dr,"10,10,9,5,5,4,0,0,1,2,2,6,7",11,730
22,4395,updating,test,19,8,14,9,-rl-rl-ul-lr,"14,14,15,14,14,15,14,14,10,9,9,8,9",9,880
23,4395,updating,test,20,8,3,1,-ld-rd-uu-ll,"3,3,2,6,6,7,11,11,7,3,3,2,1",9,1330
24,4395,updating,test,21,9,5,4,-udd-ldr-luu,"5,5,1,5,9,9,8,12,13,13,12,8,4",5,1270
25,4395,updating,test,22,9,3,0,-dll-rrl-llu,"3,3,7,6,5,5,6,7,6,6,5,4,0",1,850
26,4395,updating,test,23,9,10,9,-dur-udl-dul,"10,10,14,10,11,11,7,11,10,10,14,10,9",2,880
0,4396,updating,prac,0,0,4,4,------------,"4,4,4,4,4,4,4,4,4,4,4,4,4",10,3540
1,4396,updating,prac,1,1,8,12,-----------d,"8,8,8,8,8,8,8,8,8,8,8,8,12",15,2650
2,4396,updating,prac,2,2,9,6,-----u-----r,"9,9,9,9,9,9,5,5,5,5,5,5,6",7,1140
3,4396,updating,test,0,0,13,13,------------,"13,13,13,13,13,13,13,13,13,13,13,13,13",5,2690
4,4396,updating,test,1,0,15,15,------------,"15,15,15,15,15,15,15,15,15,15,15,15,15",2,900
5,4396,updating,test,2,0,13,13,------------,"13,13,13,13,13,13,13,13,13,13,13,13,13",10,710
0,4397,updating,prac,0,0,4,4,------------,"4,4,4,4,4,4,4,4,4,4,4,4,4",4,2260
1,4397,updating,prac,1,1,8,12,-----------d,"8,8,8,8,8,8,8,8,8,8,8,8,12",12,1470
2,4397,updating,prac,2,2,9,6,-----u-----r,"9,9,9,9,9,9,5,5,5,5,5,5,6",6,2050
3,4397,updating,test,0,0,13,13,------------,"13,13,13,13,13,13,13,13,13,13,13,13,13",13,1300
4,4397,updating,test,1,0,15,15,------------,"15,15,15,15,15,15,15,15,15,15,15,15,15",15,1470
5,4397,updating,test,2,0,13,13,------------,"13,13,13,13,13,13,13,13,13,13,13,13,13",13,890
6,4397,updating,test,3,1,3,2,-----------l,"3,3,3,3,3,3,3,3,3,3,3,3,2",2,1310
7,4397,updating,test,4,1,1,2,-----------r,"1,1,1,1,1,1,1,1,1,1,1,1,2",2,1071
8,4397,updating,test,5,1,0,4,-----------d,"0,0,0,0,0,0,0,0,0,0,0,0,4",4,1230
9,4397,updating,test,6,2,5,2,-----u-----r,"5,5,5,5,5,5,1,1,1,1,1,1,2",2,1290
10,4397,updating,test,7,2,13,8,-----l-----u,"13,13,13,13,13,13,12,12,12,12,12,12,8",8,890
11,4397,updating,test,8,2,7,2,-----l-----u,"7,7,7,7,7,7,6,6,6,6,6,6,2",2,2770
12,4397,updating,test,9,3,6,15,---d---d---r,"6,6,6,6,10,10,10,10,14,14,14,14,15",15,1901
13,4397,updating,test,10,3,15,11,---l---r---u,"15,15,15,15,14,14,14,14,15,15,15,15,11",11,750
14,4397,updating,test,11,3,10,6,---l---r---u,"10,10,10,10,9,9,9,9,10,10,10,10,6",6,690
15,4397,updating,test,12,4,13,15,--u--d--r--r,"13,13,13,9,9,9,13,13,13,14,14,14,15",15,910
16,4397,updating,test,13,4,3,6,--d--u--d--l,"3,3,3,7,7,7,3,3,3,7,7,7,6",6,770
17,4397,updating,test,14,4,0,5,--d--u--d--r,"0,0,0,4,4,4,0,0,0,4,4,4,5",5,750
18,4397,updating,test,15,6,14,11,-r-u-d-u-u-d,"14,14,15,15,11,11,15,15,11,11,7,7,11",11,810
19,4397,updating,test,16,6,0,10,-d-d-d-r-r-u,"0,0,4,4,8,8,12,12,13,13,14,14,10",1,5021
20,4397,updating,test,17,6,1,9,-d-d-d-r-u-l,"1,1,5,5,9,9,13,13,14,14,10,10,9",9,4610
21,4397,updating,test,18,8,10,7,-lu-lu-rr-dr,"10,10,9,5,5,4,0,0,1,2,2,6,7",11,2970
22,4397,updating,test,19,8,14,9,-rl-rl-ul-lr,"14,14,15,14,14,15,14,14,10,9,9,8,9",6,2320
23,4397,updating,test,20,8,3,1,-ld-rd-uu-ll,"3,3,2,6,6,7,11,11,7,3,3,2,1",1,1350
24,4397,updating,test,21,9,5,4,-udd-ldr-luu,"5,5,1,5,9,9,8,12,13,13,12,8,4",6,940
25,4397,updating,test,22,9,3,0,-dll-rrl-llu,"3,3,7,6,5,5,6,7,6,6,5,4,0",1,810
26,4397,updating,test,23,9,10,9,-dur-udl-dul,"10,10,14,10,11,11,7,11,10,10,14,10,9",9,2000
27,4397,updating,test,24,12,1,12,drududdldlrl,"1,5,6,2,6,2,6,10,9,13,12,13,12",4,1570
28,4397,updating,test,25,12,12,9,rluuurrlldrd,"12,13,12,8,4,0,1,2,1,0,4,5,9",10,900
29,4397,updating,test,26,12,11,6,llrruddudluu,"11,10,9,10,11,7,11,15,11,15,14,10,6",10,760
0,4398,updating,prac,0,0,4,4,------------,"4,4,4,4,4,4,4,4,4,4,4,4,4",4,910
1,4398,updating,prac,1,1,8,12,-----------d,"8,8,8,8,8,8,8,8,8,8,8,8,12",12,1390
2,4398,updating,prac,2,2,9,6,-----u-----r,"9,9,9,9,9,9,5,5,5,5,5,5,6",6,1100
3,4398,updating,test,0,0,13,13,------------,"13,13,13,13,13,13,13,13,13,13,13,13,13",13,1231
4,4398,updating,test,1,0,15,15,------------,"15,15,15,15,15,15,15,15,15,15,15,15,15",15,1200
5,4398,updating,test,2,0,13,13,------------,"13,13,13,13,13,13,13,13,13,13,13,13,13",13,1240
6,4398,updating,test,3,1,3,2,-----------l,"3,3,3,3,3,3,3,3,3,3,3,3,2",2,1140
7,4398,updating,test,4,1,1,2,-----------r,"1,1,1,1,1,1,1,1,1,1,1,1,2",2,1000
8,4398,updating,test,5,1,0,4,-----------d,"0,0,0,0,0,0,0,0,0,0,0,0,4",4,1100
9,4398,updating,test,6,2,5,2,-----u-----r,"5,5,5,5,5,5,1,1,1,1,1,1,2",2,1060
10,4398,updating,test,7,2,13,8,-----l-----u,"13,13,13,13,13,13,12,12,12,12,12,12,8",8,881
11,4398,updating,test,8,2,7,2,-----l-----u,"7,7,7,7,7,7,6,6,6,6,6,6,2",2,1290
12,4398,updating,test,9,3,6,15,---d---d---r,"6,6,6,6,10,10,10,10,14,14,14,14,15",15,610
13,4398,updating,test,10,3,15,11,---l---r---u,"15,15,15,15,14,14,14,14,15,15,15,15,11",11,1000
14,4398,updating,test,11,3,10,6,---l---r---u,"10,10,10,10,9,9,9,9,10,10,10,10,6",6,2210
15,4398,updating,test,12,4,13,15,--u--d--r--r,"13,13,13,9,9,9,13,13,13,14,14,14,15",15,1000
16,4398,updating,test,13,4,3,6,--d--u--d--l,"3,3,3,7,7,7,3,3,3,7,7,7,6",6,980
17,4398,updating,test,14,4,0,5,--d--u--d--r,"0,0,0,4,4,4,0,0,0,4,4,4,5",5,1200
18,4398,updating,test,15,6,14,11,-r-u-d-u-u-d,"14,14,15,15,11,11,15,15,11,11,7,7,11",15,2710
19,4398,updating,test,16,6,0,10,-d-d-d-r-r-u,"0,0,4,4,8,8,12,12,13,13,14,14,10",10,2050
20,4398,updating,test,17,6,1,9,-d-d-d-r-u-l,"1,1,5,5,9,9,13,13,14,14,10,10,9",5,1821
21,4398,updating,test,18,8,10,7,-lu-lu-rr-dr,"10,10,9,5,5,4,0,0,1,2,2,6,7",11,920
22,4398,updating,test,19,8,14,9,-rl-rl-ul-lr,"14,14,15,14,14,15,14,14,10,9,9,8,9",9,840
23,4398,updating,test,20,8,3,1,-ld-rd-uu-ll,"3,3,2,6,6,7,11,11,7,3,3,2,1",9,580
24,4398,updating,test,21,9,5,4,-udd-ldr-luu,"5,5,1,5,9,9,8,12,13,13,12,8,4",1,2230
25,4398,updating,test,22,9,3,0,-dll-rrl-llu,"3,3,7,6,5,5,6,7,6,6,5,4,0",1,610
26,4398,updating,test,23,9,10,9,-dur-udl-dul,"10,10,14,10,11,11,7,11,10,10,14,10,9",4,2310
0,4401,updating,prac,0,0,4,4,------------,"4,4,4,4,4,4,4,4,4,4,4,4,4",4,4111
1,4401,updating,prac,1,1,8,12,-----------d,"8,8,8,8,8,8,8,8,8,8,8,8,12",12,410
2,4401,updating,prac,2,2,9,6,-----u-----r,"9,9,9,9,9,9,5,5,5,5,5,5,6",5,4640
3,4401,updating,test,0,0,13,13,------------,"13,13,13,13,13,13,13,13,13,13,13,13,13",13,1280
4,4401,updating,test,1,0,15,15,------------,"15,15,15,15,15,15,15,15,15,15,15,15,15",15,1740
5,4401,updating,test,2,0,13,13,------------,"13,13,13,13,13,13,13,13,13,13,13,13,13",13,1860
6,4401,updating,test,3,1,3,2,-----------l,"3,3,3,3,3,3,3,3,3,3,3,3,2",2,1660
7,4401,updating,test,4,1,1,2,-----------r,"1,1,1,1,1,1,1,1,1,1,1,1,2",2,850
8,4401,updating,test,5,1,0,4,-----------d,"0,0,0,0,0,0,0,0,0,0,0,0,4",4,1540
9,4401,updating,test,6,2,5,2,-----u-----r,"5,5,5,5,5,5,1,1,1,1,1,1,2",2,1640
10,4401,updating,test,7,2,13,8,-----l-----u,"13,13,13,13,13,13,12,12,12,12,12,12,8",8,1590
11,4401,updating,test,8,2,7,2,-----l-----u,"7,7,7,7,7,7,6,6,6,6,6,6,2",2,2011
12,4401,updating,test,9,3,6,15,---d---d---r,"6,6,6,6,10,10,10,10,14,14,14,14,15",15,3590
13,4401,updating,test,10,3,15,11,---l---r---u,"15,15,15,15,14,14,14,14,15,15,15,15,11",10,2810
14,4401,updating,test,11,3,10,6,---l---r---u,"10,10,10,10,9,9,9,9,10,10,10,10,6",7,1701
15,4401,updating,test,12,4,13,15,--u--d--r--r,"13,13,13,9,9,9,13,13,13,14,14,14,15",15,1690
16,4401,updating,test,13,4,3,6,--d--u--d--l,"3,3,3,7,7,7,3,3,3,7,7,7,6",6,3300
17,4401,updating,test,14,4,0,5,--d--u--d--r,"0,0,0,4,4,4,0,0,0,4,4,4,5",1,780
18,4401,updating,test,15,6,14,11,-r-u-d-u-u-d,"14,14,15,15,11,11,15,15,11,11,7,7,11",5,1420
19,4401,updating,test,16,6,0,10,-d-d-d-r-r-u,"0,0,4,4,8,8,12,12,13,13,14,14,10",6,4360
20,4401,updating,test,17,6,1,9,-d-d-d-r-u-l,"1,1,5,5,9,9,13,13,14,14,10,10,9",10,7651
0,4402,updating,prac,0,0,4,4,------------,"4,4,4,4,4,4,4,4,4,4,4,4,4",4,5190
1,4402,updating,prac,1,1,8,12,-----------d,"8,8,8,8,8,8,8,8,8,8,8,8,12",8,2150
2,4402,updating,prac,2,2,9,6,-----u-----r,"9,9,9,9,9,9,5,5,5,5,5,5,6",6,3821
3,4402,updating,test,0,0,13,13,------------,"13,13,13,13,13,13,13,13,13,13,13,13,13",10,7491
4,4402,updating,test,1,0,15,15,------------,"15,15,15,15,15,15,15,15,15,15,15,15,15",15,2470
5,4402,updating,test,2,0,13,13,------------,"13,13,13,13,13,13,13,13,13,13,13,13,13",13,950
6,4402,updating,test,3,1,3,2,-----------l,"3,3,3,3,3,3,3,3,3,3,3,3,2",5,1701
7,4402,updating,test,4,1,1,2,-----------r,"1,1,1,1,1,1,1,1,1,1,1,1,2",10,900
8,4402,updating,test,5,1,0,4,-----------d,"0,0,0,0,0,0,0,0,0,0,0,0,4",4,790
9,4402,updating,test,6,2,5,2,-----u-----r,"5,5,5,5,5,5,1,1,1,1,1,1,2",7,1860
10,4402,updating,test,7,2,13,8,-----l-----u,"13,13,13,13,13,13,12,12,12,12,12,12,8",9,2880
11,4402,updating,test,8,2,7,2,-----l-----u,"7,7,7,7,7,7,6,6,6,6,6,6,2",6,2041
0,4403,updating,prac,0,0,4,4,------------,"4,4,4,4,4,4,4,4,4,4,4,4,4",4,11591
1,4403,updating,prac,1,1,8,12,-----------d,"8,8,8,8,8,8,8,8,8,8,8,8,12",12,2221
2,4403,updating,prac,2,2,9,6,-----u-----r,"9,9,9,9,9,9,5,5,5,5,5,5,6",10,4050
3,4403,updating,test,0,0,13,13,------------,"13,13,13,13,13,13,13,13,13,13,13,13,13",12,22832
4,4403,updating,test,1,0,15,15,------------,"15,15,15,15,15,15,15,15,15,15,15,15,15",12,5970
5,4403,updating,test,2,0,13,13,------------,"13,13,13,13,13,13,13,13,13,13,13,13,13",15,3240
0,4404,updating,prac,0,0,4,4,------------,"4,4,4,4,4,4,4,4,4,4,4,4,4",4,2800
1,4404,updating,prac,1,1,8,12,-----------d,"8,8,8,8,8,8,8,8,8,8,8,8,12",8,1780
2,4404,updating,prac,2,2,9,6,-----u-----r,"9,9,9,9,9,9,5,5,5,5,5,5,6",9,2481
3,4404,updating,test,0,0,13,13,------------,"13,13,13,13,13,13,13,13,13,13,13,13,13",13,1960
4,4404,updating,test,1,0,15,15,------------,"15,15,15,15,15,15,15,15,15,15,15,15,15",15,1891
5,4404,updating,test,2,0,13,13,------------,"13,13,13,13,13,13,13,13,13,13,13,13,13",13,1800
6,4404,updating,test,3,1,3,2,-----------l,"3,3,3,3,3,3,3,3,3,3,3,3,2",2,1900
7,4404,updating,test,4,1,1,2,-----------r,"1,1,1,1,1,1,1,1,1,1,1,1,2",1,1860
8,4404,updating,test,5,1,0,4,-----------d,"0,0,0,0,0,0,0,0,0,0,0,0,4",0,1860
9,4404,updating,test,6,2,5,2,-----u-----r,"5,5,5,5,5,5,1,1,1,1,1,1,2",5,961
10,4404,updating,test,7,2,13,8,-----l-----u,"13,13,13,13,13,13,12,12,12,12,12,12,8",13,3000
11,4404,updating,test,8,2,7,2,-----l-----u,"7,7,7,7,7,7,6,6,6,6,6,6,2",7,1690
0,4409,updating,prac,0,0,4,4,------------,"4,4,4,4,4,4,4,4,4,4,4,4,4",4,3990
1,4409,updating,prac,1,1,8,12,-----------d,"8,8,8,8,8,8,8,8,8,8,8,8,12",8,2241
2,4409,updating,prac,2,2,9,6,-----u-----r,"9,9,9,9,9,9,5,5,5,5,5,5,6",6,6430
3,4409,updating,test,0,0,13,13,------------,"13,13,13,13,13,13,13,13,13,13,13,13,13",13,1761
4,4409,updating,test,1,0,15,15,------------,"15,15,15,15,15,15,15,15,15,15,15,15,15",15,1080
5,4409,updating,test,2,0,13,13,------------,"13,13,13,13,13,13,13,13,13,13,13,13,13",13,1390
6,4409,updating,test,3,1,3,2,-----------l,"3,3,3,3,3,3,3,3,3,3,3,3,2",2,1710
7,4409,updating,test,4,1,1,2,-----------r,"1,1,1,1,1,1,1,1,1,1,1,1,2",2,2190
8,4409,updating,test,5,1,0,4,-----------d,"0,0,0,0,0,0,0,0,0,0,0,0,4",4,1881
9,4409,updating,test,6,2,5,2,-----u-----r,"5,5,5,5,5,5,1,1,1,1,1,1,2",6,1400
10,4409,updating,test,7,2,13,8,-----l-----u,"13,13,13,13,13,13,12,12,12,12,12,12,8",9,1650
11,4409,updating,test,8,2,7,2,-----l-----u,"7,7,7,7,7,7,6,6,6,6,6,6,2",3,2440
0,4411,updating,prac,0,0,4,4,------------,"4,4,4,4,4,4,4,4,4,4,4,4,4",4,3890
1,4411,updating,prac,1,1,8,12,-----------d,"8,8,8,8,8,8,8,8,8,8,8,8,12",8,1050
2,4411,updating,prac,2,2,9,6,-----u-----r,"9,9,9,9,9,9,5,5,5,5,5,5,6",6,4430
3,4411,updating,test,0,0,13,13,------------,"13,13,13,13,13,13,13,13,13,13,13,13,13",13,1170
4,4411,updating,test,1,0,15,15,------------,"15,15,15,15,15,15,15,15,15,15,15,15,15",15,1330
5,4411,updating,test,2,0,13,13,------------,"13,13,13,13,13,13,13,13,13,13,13,13,13",13,1040
6,4411,updating,test,3,1,3,2,-----------l,"3,3,3,3,3,3,3,3,3,3,3,3,2",2,1391
7,4411,updating,test,4,1,1,2,-----------r,"1,1,1,1,1,1,1,1,1,1,1,1,2",2,940
8,4411,updating,test,5,1,0,4,-----------d,"0,0,0,0,0,0,0,0,0,0,0,0,4",4,1940
9,4411,updating,test,6,2,5,2,-----u-----r,"5,5,5,5,5,5,1,1,1,1,1,1,2",2,2780
10,4411,updating,test,7,2,13,8,-----l-----u,"13,13,13,13,13,13,12,12,12,12,12,12,8",8,1300
11,4411,updating,test,8,2,7,2,-----l-----u,"7,7,7,7,7,7,6,6,6,6,6,6,2",2,2151
12,4411,updating,test,9,3,6,15,---d---d---r,"6,6,6,6,10,10,10,10,14,14,14,14,15",15,3470
13,4411,updating,test,10,3,15,11,---l---r---u,"15,15,15,15,14,14,14,14,15,15,15,15,11",9,3380
14,4411,updating,test,11,3,10,6,---l---r---u,"10,10,10,10,9,9,9,9,10,10,10,10,6",6,5321
15,4411,updating,test,12,4,13,15,--u--d--r--r,"13,13,13,9,9,9,13,13,13,14,14,14,15",15,3891
16,4411,updating,test,13,4,3,6,--d--u--d--l,"3,3,3,7,7,7,3,3,3,7,7,7,6",14,3930
17,4411,updating,test,14,4,0,5,--d--u--d--r,"0,0,0,4,4,4,0,0,0,4,4,4,5",2,4600
18,4411,updating,test,15,6,14,11,-r-u-d-u-u-d,"14,14,15,15,11,11,15,15,11,11,7,7,11",14,6670
19,4411,updating,test,16,6,0,10,-d-d-d-r-r-u,"0,0,4,4,8,8,12,12,13,13,14,14,10",14,5321
20,4411,updating,test,17,6,1,9,-d-d-d-r-u-l,"1,1,5,5,9,9,13,13,14,14,10,10,9",12,4961
0,4412,updating,prac,0,0,4,4,------------,"4,4,4,4,4,4,4,4,4,4,4,4,4",4,2700
1,4412,updating,prac,1,1,8,12,-----------d,"8,8,8,8,8,8,8,8,8,8,8,8,12",8,2050
2,4412,updating,prac,2,2,9,6,-----u-----r,"9,9,9,9,9,9,5,5,5,5,5,5,6",9,2990
3,4412,updating,test,0,0,13,13,------------,"13,13,13,13,13,13,13,13,13,13,13,13,13",9,2230
4,4412,updating,test,1,0,15,15,------------,"15,15,15,15,15,15,15,15,15,15,15,15,15",11,1580
5,4412,updating,test,2,0,13,13,------------,"13,13,13,13,13,13,13,13,13,13,13,13,13",9,1660
0,4413,updating,prac,0,0,4,4,------------,"4,4,4,4,4,4,4,4,4,4,4,4,4",4,6530
1,4413,updating,prac,1,1,8,12,-----------d,"8,8,8,8,8,8,8,8,8,8,8,8,12",12,4150
2,4413,updating,prac,2,2,9,6,-----u-----r,"9,9,9,9,9,9,5,5,5,5,5,5,6",10,3960
3,4413,updating,test,0,0,13,13,------------,"13,13,13,13,13,13,13,13,13,13,13,13,13",5,24741
4,4413,updating,test,1,0,15,15,------------,"15,15,15,15,15,15,15,15,15,15,15,15,15",12,5040
5,4413,updating,test,2,0,13,13,------------,"13,13,13,13,13,13,13,13,13,13,13,13,13",13,4690
6,4413,updating,test,3,1,3,2,-----------l,"3,3,3,3,3,3,3,3,3,3,3,3,2",2,4770
7,4413,updating,test,4,1,1,2,-----------r,"1,1,1,1,1,1,1,1,1,1,1,1,2",2,6481
8,4413,updating,test,5,1,0,4,-----------d,"0,0,0,0,0,0,0,0,0,0,0,0,4",4,4940
9,4413,updating,test,6,2,5,2,-----u-----r,"5,5,5,5,5,5,1,1,1,1,1,1,2",6,4540
10,4413,updating,test,7,2,13,8,-----l-----u,"13,13,13,13,13,13,12,12,12,12,12,12,8",12,2800
11,4413,updating,test,8,2,7,2,-----l-----u,"7,7,7,7,7,7,6,6,6,6,6,6,2",2,9181
12,4413,updating,test,9,3,6,15,---d---d---r,"6,6,6,6,10,10,10,10,14,14,14,14,15",7,3551
13,4413,updating,test,10,3,15,11,---l---r---u,"15,15,15,15,14,14,14,14,15,15,15,15,11",6,8721
14,4413,updating,test,11,3,10,6,---l---r---u,"10,10,10,10,9,9,9,9,10,10,10,10,6",6,5631
15,4413,updating,test,12,4,13,15,--u--d--r--r,"13,13,13,9,9,9,13,13,13,14,14,14,15",14,3320
16,4413,updating,test,13,4,3,6,--d--u--d--l,"3,3,3,7,7,7,3,3,3,7,7,7,6",4,9710
17,4413,updating,test,14,4,0,5,--d--u--d--r,"0,0,0,4,4,4,0,0,0,4,4,4,5",1,11770
0,A109,updating,prac,0,0,4,4,------------,"4,4,4,4,4,4,4,4,4,4,4,4,4",4,3050
1,A109,updating,prac,1,1,8,12,-----------d,"8,8,8,8,8,8,8,8,8,8,8,8,12",12,1061
2,A109,updating,prac,2,2,9,6,-----u-----r,"9,9,9,9,9,9,5,5,5,5,5,5,6",6,1230
3,A109,updating,test,0,0,13,13,------------,"13,13,13,13,13,13,13,13,13,13,13,13,13",13,580
4,A109,updating,test,1,0,15,15,------------,"15,15,15,15,15,15,15,15,15,15,15,15,15",15,410
5,A109,updating,test,2,0,13,13,------------,"13,13,13,13,13,13,13,13,13,13,13,13,13",13,290
6,A109,updating,test,3,1,3,2,-----------l,"3,3,3,3,3,3,3,3,3,3,3,3,2",2,390
7,A109,updating,test,4,1,1,2,-----------r,"1,1,1,1,1,1,1,1,1,1,1,1,2",2,470
8,A109,updating,test,5,1,0,4,-----------d,"0,0,0,0,0,0,0,0,0,0,0,0,4",4,350
9,A109,updating,test,6,2,5,2,-----u-----r,"5,5,5,5,5,5,1,1,1,1,1,1,2",2,420
10,A109,updating,test,7,2,13,8,-----l-----u,"13,13,13,13,13,13,12,12,12,12,12,12,8",8,720
11,A109,updating,test,8,2,7,2,-----l-----u,"7,7,7,7,7,7,6,6,6,6,6,6,2",2,411
12,A109,updating,test,9,3,6,15,---d---d---r,"6,6,6,6,10,10,10,10,14,14,14,14,15",15,5820
13,A109,updating,test,10,3,15,11,---l---r---u,"15,15,15,15,14,14,14,14,15,15,15,15,11",11,1760
14,A109,updating,test,11,3,10,6,---l---r---u,"10,10,10,10,9,9,9,9,10,10,10,10,6",6,1530
15,A109,updating,test,12,4,13,15,--u--d--r--r,"13,13,13,9,9,9,13,13,13,14,14,14,15",15,2020
16,A109,updating,test,13,4,3,6,--d--u--d--l,"3,3,3,7,7,7,3,3,3,7,7,7,6",6,1950
17,A109,updating,test,14,4,0,5,--d--u--d--r,"0,0,0,4,4,4,0,0,0,4,4,4,5",5,1700
18,A109,updating,test,15,6,14,11,-r-u-d-u-u-d,"14,14,15,15,11,11,15,15,11,11,7,7,11",11,1470
19,A109,updating,test,16,6,0,10,-d-d-d-r-r-u,"0,0,4,4,8,8,12,12,13,13,14,14,10",10,1671
20,A109,updating,test,17,6,1,9,-d-d-d-r-u-l,"1,1,5,5,9,9,13,13,14,14,10,10,9",9,1860
21,A109,updating,test,18,8,10,7,-lu-lu-rr-dr,"10,10,9,5,5,4,0,0,1,2,2,6,7",11,1210
22,A109,updating,test,19,8,14,9,-rl-rl-ul-lr,"14,14,15,14,14,15,14,14,10,9,9,8,9",9,1860
23,A109,updating,test,20,8,3,1,-ld-rd-uu-ll,"3,3,2,6,6,7,11,11,7,3,3,2,1",1,1760
24,A109,updating,test,21,9,5,4,-udd-ldr-luu,"5,5,1,5,9,9,8,12,13,13,12,8,4",4,1740
25,A109,updating,test,22,9,3,0,-dll-rrl-llu,"3,3,7,6,5,5,6,7,6,6,5,4,0",0,2330
26,A109,updating,test,23,9,10,9,-dur-udl-dul,"10,10,14,10,11,11,7,11,10,10,14,10,9",9,1530
27,A109,updating,test,24,12,1,12,drududdldlrl,"1,5,6,2,6,2,6,10,9,13,12,13,12",12,1830
28,A109,updating,test,25,12,12,9,rluuurrlldrd,"12,13,12,8,4,0,1,2,1,0,4,5,9",9,530
29,A109,updating,test,26,12,11,6,llrruddudluu,"11,10,9,10,11,7,11,15,11,15,14,10,6",6,2061
0,C102,updating,prac,0,0,4,4,------------,"4,4,4,4,4,4,4,4,4,4,4,4,4",4,3531
1,C102,updating,prac,1,1,8,12,-----------d,"8,8,8,8,8,8,8,8,8,8,8,8,12",12,1880
2,C102,updating,prac,2,2,9,6,-----u-----r,"9,9,9,9,9,9,5,5,5,5,5,5,6",6,5290
3,C102,updating,test,0,0,13,13,------------,"13,13,13,13,13,13,13,13,13,13,13,13,13",13,1860
4,C102,updating,test,1,0,15,15,------------,"15,15,15,15,15,15,15,15,15,15,15,15,15",15,1400
5,C102,updating,test,2,0,13,13,------------,"13,13,13,13,13,13,13,13,13,13,13,13,13",13,1930
6,C102,updating,test,3,1,3,2,-----------l,"3,3,3,3,3,3,3,3,3,3,3,3,2",2,1910
7,C102,updating,test,4,1,1,2,-----------r,"1,1,1,1,1,1,1,1,1,1,1,1,2",2,1530
8,C102,updating,test,5,1,0,4,-----------d,"0,0,0,0,0,0,0,0,0,0,0,0,4",4,2110
9,C102,updating,test,6,2,5,2,-----u-----r,"5,5,5,5,5,5,1,1,1,1,1,1,2",2,2530
10,C102,updating,test,7,2,13,8,-----l-----u,"13,13,13,13,13,13,12,12,12,12,12,12,8",8,2430
11,C102,updating,test,8,2,7,2,-----l-----u,"7,7,7,7,7,7,6,6,6,6,6,6,2",2,2651
12,C102,updating,test,9,3,6,15,---d---d---r,"6,6,6,6,10,10,10,10,14,14,14,14,15",15,2830
13,C102,updating,test,10,3,15,11,---l---r---u,"15,15,15,15,14,14,14,14,15,15,15,15,11",11,2750
14,C102,updating,test,11,3,10,6,---l---r---u,"10,10,10,10,9,9,9,9,10,10,10,10,6",6,4630
15,C102,updating,test,12,4,13,15,--u--d--r--r,"13,13,13,9,9,9,13,13,13,14,14,14,15",15,2930
16,C102,updating,test,13,4,3,6,--d--u--d--l,"3,3,3,7,7,7,3,3,3,7,7,7,6",6,4151
17,C102,updating,test,14,4,0,5,--d--u--d--r,"0,0,0,4,4,4,0,0,0,4,4,4,5",5,3040
18,C102,updating,test,15,6,14,11,-r-u-d-u-u-d,"14,14,15,15,11,11,15,15,11,11,7,7,11",10,7300
19,C102,updating,test,16,6,0,10,-d-d-d-r-r-u,"0,0,4,4,8,8,12,12,13,13,14,14,10",10,4961
20,C102,updating,test,17,6,1,9,-d-d-d-r-u-l,"1,1,5,5,9,9,13,13,14,14,10,10,9",9,4130
21,C102,updating,test,18,8,10,7,-lu-lu-rr-dr,"10,10,9,5,5,4,0,0,1,2,2,6,7",10,14891
22,C102,updating,test,19,8,14,9,-rl-rl-ul-lr,"14,14,15,14,14,15,14,14,10,9,9,8,9",9,9160
23,C102,updating,test,20,8,3,1,-ld-rd-uu-ll,"3,3,2,6,6,7,11,11,7,3,3,2,1",10,7581
24,C102,updating,test,21,9,5,4,-udd-ldr-luu,"5,5,1,5,9,9,8,12,13,13,12,8,4",6,4330
25,C102,updating,test,22,9,3,0,-dll-rrl-llu,"3,3,7,6,5,5,6,7,6,6,5,4,0",1,6850
26,C102,updating,test,23,9,10,9,-dur-udl-dul,"10,10,14,10,11,11,7,11,10,10,14,10,9",0,10891
0,F104,updating,prac,0,0,4,4,------------,"4,4,4,4,4,4,4,4,4,4,4,4,4",4,2000
1,F104,updating,prac,1,1,8,12,-----------d,"8,8,8,8,8,8,8,8,8,8,8,8,12",12,1310
2,F104,updating,prac,2,2,9,6,-----u-----r,"9,9,9,9,9,9,5,5,5,5,5,5,6",6,1120
3,F104,updating,test,0,0,13,13,------------,"13,13,13,13,13,13,13,13,13,13,13,13,13",13,840
4,F104,updating,test,1,0,15,15,------------,"15,15,15,15,15,15,15,15,15,15,15,15,15",15,1110
5,F104,updating,test,2,0,13,13,------------,"13,13,13,13,13,13,13,13,13,13,13,13,13",13,1120
6,F104,updating,test,3,1,3,2,-----------l,"3,3,3,3,3,3,3,3,3,3,3,3,2",2,1370
7,F104,updating,test,4,1,1,2,-----------r,"1,1,1,1,1,1,1,1,1,1,1,1,2",2,1730
8,F104,updating,test,5,1,0,4,-----------d,"0,0,0,0,0,0,0,0,0,0,0,0,4",4,1760
9,F104,updating,test,6,2,5,2,-----u-----r,"5,5,5,5,5,5,1,1,1,1,1,1,2",2,721
10,F104,updating,test,7,2,13,8,-----l-----u,"13,13,13,13,13,13,12,12,12,12,12,12,8",8,1680
11,F104,updating,test,8,2,7,2,-----l-----u,"7,7,7,7,7,7,6,6,6,6,6,6,2",2,1080
12,F104,updating,test,9,3,6,15,---d---d---r,"6,6,6,6,10,10,10,10,14,14,14,14,15",15,3860
13,F104,updating,test,10,3,15,11,---l---r---u,"15,15,15,15,14,14,14,14,15,15,15,15,11",11,1310
14,F104,updating,test,11,3,10,6,---l---r---u,"10,10,10,10,9,9,9,9,10,10,10,10,6",6,940
15,F104,updating,test,12,4,13,15,--u--d--r--r,"13,13,13,9,9,9,13,13,13,14,14,14,15",15,1860
16,F104,updating,test,13,4,3,6,--d--u--d--l,"3,3,3,7,7,7,3,3,3,7,7,7,6",6,1200
17,F104,updating,test,14,4,0,5,--d--u--d--r,"0,0,0,4,4,4,0,0,0,4,4,4,5",5,930
18,F104,updating,test,15,6,14,11,-r-u-d-u-u-d,"14,14,15,15,11,11,15,15,11,11,7,7,11",11,1180
19,F104,updating,test,16,6,0,10,-d-d-d-r-r-u,"0,0,4,4,8,8,12,12,13,13,14,14,10",10,3031
20,F104,updating,test,17,6,1,9,-d-d-d-r-u-l,"1,1,5,5,9,9,13,13,14,14,10,10,9",4,3080
21,F104,updating,test,18,8,10,7,-lu-lu-rr-dr,"10,10,9,5,5,4,0,0,1,2,2,6,7",10,5970
22,F104,updating,test,19,8,14,9,-rl-rl-ul-lr,"14,14,15,14,14,15,14,14,10,9,9,8,9",9,2180
23,F104,updating,test,20,8,3,1,-ld-rd-uu-ll,"3,3,2,6,6,7,11,11,7,3,3,2,1",1,1290
24,F104,updating,test,21,9,5,4,-udd-ldr-luu,"5,5,1,5,9,9,8,12,13,13,12,8,4",5,1160
25,F104,updating,test,22,9,3,0,-dll-rrl-llu,"3,3,7,6,5,5,6,7,6,6,5,4,0",1,1650
26,F104,updating,test,23,9,10,9,-dur-udl-dul,"10,10,14,10,11,11,7,11,10,10,14,10,9",9,1951
27,F104,updating,test,24,12,1,12,drududdldlrl,"1,5,6,2,6,2,6,10,9,13,12,13,12",1,1110
28,F104,updating,test,25,12,12,9,rluuurrlldrd,"12,13,12,8,4,0,1,2,1,0,4,5,9",9,1870
29,F104,updating,test,26,12,11,6,llrruddudluu,"11,10,9,10,11,7,11,15,11,15,14,10,6",6,1260
0,J108,updating,prac,0,0,4,4,------------,"4,4,4,4,4,4,4,4,4,4,4,4,4",0,14573
1,J108,updating,prac,1,1,8,12,-----------d,"8,8,8,8,8,8,8,8,8,8,8,8,12",12,1770
2,J108,updating,prac,2,2,9,6,-----u-----r,"9,9,9,9,9,9,5,5,5,5,5,5,6",6,2520
3,J108,updating,test,0,0,13,13,------------,"13,13,13,13,13,13,13,13,13,13,13,13,13",13,4160
4,J108,updating,test,1,0,15,15,------------,"15,15,15,15,15,15,15,15,15,15,15,15,15",15,5520
5,J108,updating,test,2,0,13,13,------------,"13,13,13,13,13,13,13,13,13,13,13,13,13",13,1530
6,J108,updating,test,3,1,3,2,-----------l,"3,3,3,3,3,3,3,3,3,3,3,3,2",2,950
7,J108,updating,test,4,1,1,2,-----------r,"1,1,1,1,1,1,1,1,1,1,1,1,2",2,840
8,J108,updating,test,5,1,0,4,-----------d,"0,0,0,0,0,0,0,0,0,0,0,0,4",4,1180
9,J108,updating,test,6,2,5,2,-----u-----r,"5,5,5,5,5,5,1,1,1,1,1,1,2",2,1911
10,J108,updating,test,7,2,13,8,-----l-----u,"13,13,13,13,13,13,12,12,12,12,12,12,8",8,1200
11,J108,updating,test,8,2,7,2,-----l-----u,"7,7,7,7,7,7,6,6,6,6,6,6,2",2,1020
12,J108,updating,test,9,3,6,15,---d---d---r,"6,6,6,6,10,10,10,10,14,14,14,14,15",11,2530
13,J108,updating,test,10,3,15,11,---l---r---u,"15,15,15,15,14,14,14,14,15,15,15,15,11",11,870
14,J108,updating,test,11,3,10,6,---l---r---u,"10,10,10,10,9,9,9,9,10,10,10,10,6",6,2420
15,J108,updating,test,12,4,13,15,--u--d--r--r,"13,13,13,9,9,9,13,13,13,14,14,14,15",15,1460
16,J108,updating,test,13,4,3,6,--d--u--d--l,"3,3,3,7,7,7,3,3,3,7,7,7,6",6,1300
17,J108,updating,test,14,4,0,5,--d--u--d--r,"0,0,0,4,4,4,0,0,0,4,4,4,5",5,1310
18,J108,updating,test,15,6,14,11,-r-u-d-u-u-d,"14,14,15,15,11,11,15,15,11,11,7,7,11",11,900
19,J108,updating,test,16,6,0,10,-d-d-d-r-r-u,"0,0,4,4,8,8,12,12,13,13,14,14,10",9,5711
20,J108,updating,test,17,6,1,9,-d-d-d-r-u-l,"1,1,5,5,9,9,13,13,14,14,10,10,9",9,5090
21,J108,updating,test,18,8,10,7,-lu-lu-rr-dr,"10,10,9,5,5,4,0,0,1,2,2,6,7",11,2070
22,J108,updating,test,19,8,14,9,-rl-rl-ul-lr,"14,14,15,14,14,15,14,14,10,9,9,8,9",9,1110
23,J108,updating,test,20,8,3,1,-ld-rd-uu-ll,"3,3,2,6,6,7,11,11,7,3,3,2,1",1,1100
24,J108,updating,test,21,9,5,4,-udd-ldr-luu,"5,5,1,5,9,9,8,12,13,13,12,8,4",4,670
25,J108,updating,test,22,9,3,0,-dll-rrl-llu,"3,3,7,6,5,5,6,7,6,6,5,4,0",0,790
26,J108,updating,test,23,9,10,9,-dur-udl-dul,"10,10,14,10,11,11,7,11,10,10,14,10,9",9,2680
27,J108,updating,test,24,12,1,12,drududdldlrl,"1,5,6,2,6,2,6,10,9,13,12,13,12",8,701
28,J108,updating,test,25,12,12,9,rluuurrlldrd,"12,13,12,8,4,0,1,2,1,0,4,5,9",9,870
29,J108,updating,test,26,12,11,6,llrruddudluu,"11,10,9,10,11,7,11,15,11,15,14,10,6",6,550
0,K106,updating,prac,0,0,4,4,------------,"4,4,4,4,4,4,4,4,4,4,4,4,4",4,1330
1,K106,updating,prac,1,1,8,12,-----------d,"8,8,8,8,8,8,8,8,8,8,8,8,12",12,580
2,K106,updating,prac,2,2,9,6,-----u-----r,"9,9,9,9,9,9,5,5,5,5,5,5,6",6,1930
3,K106,updating,test,0,0,13,13,------------,"13,13,13,13,13,13,13,13,13,13,13,13,13",13,1380
4,K106,updating,test,1,0,15,15,------------,"15,15,15,15,15,15,15,15,15,15,15,15,15",15,1290
5,K106,updating,test,2,0,13,13,------------,"13,13,13,13,13,13,13,13,13,13,13,13,13",13,1950
6,K106,updating,test,3,1,3,2,-----------l,"3,3,3,3,3,3,3,3,3,3,3,3,2",2,1350
7,K106,updating,test,4,1,1,2,-----------r,"1,1,1,1,1,1,1,1,1,1,1,1,2",2,1680
8,K106,updating,test,5,1,0,4,-----------d,"0,0,0,0,0,0,0,0,0,0,0,0,4",4,1430
9,K106,updating,test,6,2,5,2,-----u-----r,"5,5,5,5,5,5,1,1,1,1,1,1,2",2,1150
10,K106,updating,test,7,2,13,8,-----l-----u,"13,13,13,13,13,13,12,12,12,12,12,12,8",8,970
11,K106,updating,test,8,2,7,2,-----l-----u,"7,7,7,7,7,7,6,6,6,6,6,6,2",2,1030
12,K106,updating,test,9,3,6,15,---d---d---r,"6,6,6,6,10,10,10,10,14,14,14,14,15",11,2120
13,K106,updating,test,10,3,15,11,---l---r---u,"15,15,15,15,14,14,14,14,15,15,15,15,11",11,810
14,K106,updating,test,11,3,10,6,---l---r---u,"10,10,10,10,9,9,9,9,10,10,10,10,6",10,2951
15,K106,updating,test,12,4,13,15,--u--d--r--r,"13,13,13,9,9,9,13,13,13,14,14,14,15",11,2010
16,K106,updating,test,13,4,3,6,--d--u--d--l,"3,3,3,7,7,7,3,3,3,7,7,7,6",6,1910
17,K106,updating,test,14,4,0,5,--d--u--d--r,"0,0,0,4,4,4,0,0,0,4,4,4,5",6,1350
18,K106,updating,test,15,6,14,11,-r-u-d-u-u-d,"14,14,15,15,11,11,15,15,11,11,7,7,11",7,1690
19,K106,updating,test,16,6,0,10,-d-d-d-r-r-u,"0,0,4,4,8,8,12,12,13,13,14,14,10",1,1790
20,K106,updating,test,17,6,1,9,-d-d-d-r-u-l,"1,1,5,5,9,9,13,13,14,14,10,10,9",10,2110
0,KK107,updating,prac,0,0,4,4,------------,"4,4,4,4,4,4,4,4,4,4,4,4,4",4,10860
1,KK107,updating,prac,1,1,8,12,-----------d,"8,8,8,8,8,8,8,8,8,8,8,8,12",12,1620
2,KK107,updating,prac,2,2,9,6,-----u-----r,"9,9,9,9,9,9,5,5,5,5,5,5,6",10,1400
3,KK107,updating,test,0,0,13,13,------------,"13,13,13,13,13,13,13,13,13,13,13,13,13",13,1250
4,KK107,updating,test,1,0,15,15,------------,"15,15,15,15,15,15,15,15,15,15,15,15,15",15,940
5,KK107,updating,test,2,0,13,13,------------,"13,13,13,13,13,13,13,13,13,13,13,13,13",13,730
6,KK107,updating,test,3,1,3,2,-----------l,"3,3,3,3,3,3,3,3,3,3,3,3,2",2,1050
7,KK107,updating,test,4,1,1,2,-----------r,"1,1,1,1,1,1,1,1,1,1,1,1,2",2,1410
8,KK107,updating,test,5,1,0,4,-----------d,"0,0,0,0,0,0,0,0,0,0,0,0,4",4,910
9,KK107,updating,test,6,2,5,2,-----u-----r,"5,5,5,5,5,5,1,1,1,1,1,1,2",2,1220
10,KK107,updating,test,7,2,13,8,-----l-----u,"13,13,13,13,13,13,12,12,12,12,12,12,8",8,941
11,KK107,updating,test,8,2,7,2,-----l-----u,"7,7,7,7,7,7,6,6,6,6,6,6,2",2,930
12,KK107,updating,test,9,3,6,15,---d---d---r,"6,6,6,6,10,10,10,10,14,14,14,14,15",15,1200
13,KK107,updating,test,10,3,15,11,---l---r---u,"15,15,15,15,14,14,14,14,15,15,15,15,11",11,610
14,KK107,updating,test,11,3,10,6,---l---r---u,"10,10,10,10,9,9,9,9,10,10,10,10,6",6,660
15,KK107,updating,test,12,4,13,15,--u--d--r--r,"13,13,13,9,9,9,13,13,13,14,14,14,15",15,1170
16,KK107,updating,test,13,4,3,6,--d--u--d--l,"3,3,3,7,7,7,3,3,3,7,7,7,6",6,730
17,KK107,updating,test,14,4,0,5,--d--u--d--r,"0,0,0,4,4,4,0,0,0,4,4,4,5",5,560
18,KK107,updating,test,15,6,14,11,-r-u-d-u-u-d,"14,14,15,15,11,11,15,15,11,11,7,7,11",11,630
19,KK107,updating,test,16,6,0,10,-d-d-d-r-r-u,"0,0,4,4,8,8,12,12,13,13,14,14,10",10,830
20,KK107,updating,test,17,6,1,9,-d-d-d-r-u-l,"1,1,5,5,9,9,13,13,14,14,10,10,9",9,930
21,KK107,updating,test,18,8,10,7,-lu-lu-rr-dr,"10,10,9,5,5,4,0,0,1,2,2,6,7",7,990
22,KK107,updating,test,19,8,14,9,-rl-rl-ul-lr,"14,14,15,14,14,15,14,14,10,9,9,8,9",9,620
23,KK107,updating,test,20,8,3,1,-ld-rd-uu-ll,"3,3,2,6,6,7,11,11,7,3,3,2,1",1,560
24,KK107,updating,test,21,9,5,4,-udd-ldr-luu,"5,5,1,5,9,9,8,12,13,13,12,8,4",4,1460
25,KK107,updating,test,22,9,3,0,-dll-rrl-llu,"3,3,7,6,5,5,6,7,6,6,5,4,0",0,850
26,KK107,updating,test,23,9,10,9,-dur-udl-dul,"10,10,14,10,11,11,7,11,10,10,14,10,9",9,620
27,KK107,updating,test,24,12,1,12,drududdldlrl,"1,5,6,2,6,2,6,10,9,13,12,13,12",12,790
28,KK107,updating,test,25,12,12,9,rluuurrlldrd,"12,13,12,8,4,0,1,2,1,0,4,5,9",9,440
29,KK107,updating,test,26,12,11,6,llrruddudluu,"11,10,9,10,11,7,11,15,11,15,14,10,6",6,630
0,L105,updating,prac,0,0,4,4,------------,"4,4,4,4,4,4,4,4,4,4,4,4,4",4,1720
1,L105,updating,prac,1,1,8,12,-----------d,"8,8,8,8,8,8,8,8,8,8,8,8,12",12,930
2,L105,updating,prac,2,2,9,6,-----u-----r,"9,9,9,9,9,9,5,5,5,5,5,5,6",6,880
3,L105,updating,test,0,0,13,13,------------,"13,13,13,13,13,13,13,13,13,13,13,13,13",13,660
4,L105,updating,test,1,0,15,15,------------,"15,15,15,15,15,15,15,15,15,15,15,15,15",15,830
5,L105,updating,test,2,0,13,13,------------,"13,13,13,13,13,13,13,13,13,13,13,13,13",13,1280
6,L105,updating,test,3,1,3,2,-----------l,"3,3,3,3,3,3,3,3,3,3,3,3,2",2,910
7,L105,updating,test,4,1,1,2,-----------r,"1,1,1,1,1,1,1,1,1,1,1,1,2",2,770
8,L105,updating,test,5,1,0,4,-----------d,"0,0,0,0,0,0,0,0,0,0,0,0,4",4,1410
9,L105,updating,test,6,2,5,2,-----u-----r,"5,5,5,5,5,5,1,1,1,1,1,1,2",2,920
10,L105,updating,test,7,2,13,8,-----l-----u,"13,13,13,13,13,13,12,12,12,12,12,12,8",8,1080
11,L105,updating,test,8,2,7,2,-----l-----u,"7,7,7,7,7,7,6,6,6,6,6,6,2",2,661
12,L105,updating,test,9,3,6,15,---d---d---r,"6,6,6,6,10,10,10,10,14,14,14,14,15",15,2330
13,L105,updating,test,10,3,15,11,---l---r---u,"15,15,15,15,14,14,14,14,15,15,15,15,11",11,840
14,L105,updating,test,11,3,10,6,---l---r---u,"10,10,10,10,9,9,9,9,10,10,10,10,6",6,2260
15,L105,updating,test,12,4,13,15,--u--d--r--r,"13,13,13,9,9,9,13,13,13,14,14,14,15",15,870
16,L105,updating,test,13,4,3,6,--d--u--d--l,"3,3,3,7,7,7,3,3,3,7,7,7,6",6,920
17,L105,updating,test,14,4,0,5,--d--u--d--r,"0,0,0,4,4,4,0,0,0,4,4,4,5",5,880
18,L105,updating,test,15,6,14,11,-r-u-d-u-u-d,"14,14,15,15,11,11,15,15,11,11,7,7,11",11,880
19,L105,updating,test,16,6,0,10,-d-d-d-r-r-u,"0,0,4,4,8,8,12,12,13,13,14,14,10",10,1470
20,L105,updating,test,17,6,1,9,-d-d-d-r-u-l,"1,1,5,5,9,9,13,13,14,14,10,10,9",9,1140
21,L105,updating,test,18,8,10,7,-lu-lu-rr-dr,"10,10,9,5,5,4,0,0,1,2,2,6,7",7,730
22,L105,updating,test,19,8,14,9,-rl-rl-ul-lr,"14,14,15,14,14,15,14,14,10,9,9,8,9",9,730
23,L105,updating,test,20,8,3,1,-ld-rd-uu-ll,"3,3,2,6,6,7,11,11,7,3,3,2,1",1,740
24,L105,updating,test,21,9,5,4,-udd-ldr-luu,"5,5,1,5,9,9,8,12,13,13,12,8,4",5,800
25,L105,updating,test,22,9,3,0,-dll-rrl-llu,"3,3,7,6,5,5,6,7,6,6,5,4,0",0,860
26,L105,updating,test,23,9,10,9,-dur-udl-dul,"10,10,14,10,11,11,7,11,10,10,14,10,9",9,1271
27,L105,updating,test,24,12,1,12,drududdldlrl,"1,5,6,2,6,2,6,10,9,13,12,13,12",9,510
28,L105,updating,test,25,12,12,9,rluuurrlldrd,"12,13,12,8,4,0,1,2,1,0,4,5,9",9,840
29,L105,updating,test,26,12,11,6,llrruddudluu,"11,10,9,10,11,7,11,15,11,15,14,10,6",6,1050
0,S103,updating,prac,0,0,4,4,------------,"4,4,4,4,4,4,4,4,4,4,4,4,4",4,1490
1,S103,updating,prac,1,1,8,12,-----------d,"8,8,8,8,8,8,8,8,8,8,8,8,12",8,930
2,S103,updating,prac,2,2,9,6,-----u-----r,"9,9,9,9,9,9,5,5,5,5,5,5,6",6,1580
3,S103,updating,test,0,0,13,13,------------,"13,13,13,13,13,13,13,13,13,13,13,13,13",13,870
4,S103,updating,test,1,0,15,15,------------,"15,15,15,15,15,15,15,15,15,15,15,15,15",15,1110
5,S103,updating,test,2,0,13,13,------------,"13,13,13,13,13,13,13,13,13,13,13,13,13",13,1191
6,S103,updating,test,3,1,3,2,-----------l,"3,3,3,3,3,3,3,3,3,3,3,3,2",2,1130
7,S103,updating,test,4,1,1,2,-----------r,"1,1,1,1,1,1,1,1,1,1,1,1,2",2,880
8,S103,updating,test,5,1,0,4,-----------d,"0,0,0,0,0,0,0,0,0,0,0,0,4",4,1050
9,S103,updating,test,6,2,5,2,-----u-----r,"5,5,5,5,5,5,1,1,1,1,1,1,2",2,2330
10,S103,updating,test,7,2,13,8,-----l-----u,"13,13,13,13,13,13,12,12,12,12,12,12,8",8,2320
11,S103,updating,test,8,2,7,2,-----l-----u,"7,7,7,7,7,7,6,6,6,6,6,6,2",2,2100
12,S103,updating,test,9,3,6,15,---d---d---r,"6,6,6,6,10,10,10,10,14,14,14,14,15",15,3220
13,S103,updating,test,10,3,15,11,---l---r---u,"15,15,15,15,14,14,14,14,15,15,15,15,11",11,2230
14,S103,updating,test,11,3,10,6,---l---r---u,"10,10,10,10,9,9,9,9,10,10,10,10,6",7,1961
15,S103,updating,test,12,4,13,15,--u--d--r--r,"13,13,13,9,9,9,13,13,13,14,14,14,15",15,1960
16,S103,updating,test,13,4,3,6,--d--u--d--l,"3,3,3,7,7,7,3,3,3,7,7,7,6",2,3720
17,S103,updating,test,14,4,0,5,--d--u--d--r,"0,0,0,4,4,4,0,0,0,4,4,4,5",5,1910
18,S103,updating,test,15,6,14,11,-r-u-d-u-u-d,"14,14,15,15,11,11,15,15,11,11,7,7,11",11,1900
19,S103,updating,test,16,6,0,10,-d-d-d-r-r-u,"0,0,4,4,8,8,12,12,13,13,14,14,10",9,2800
20,S103,updating,test,17,6,1,9,-d-d-d-r-u-l,"1,1,5,5,9,9,13,13,14,14,10,10,9",9,4231
21,S103,updating,test,18,8,10,7,-lu-lu-rr-dr,"10,10,9,5,5,4,0,0,1,2,2,6,7",6,7730
22,S103,updating,test,19,8,14,9,-rl-rl-ul-lr,"14,14,15,14,14,15,14,14,10,9,9,8,9",9,3760
23,S103,updating,test,20,8,3,1,-ld-rd-uu-ll,"3,3,2,6,6,7,11,11,7,3,3,2,1",3,7341
24,S103,updating,test,21,9,5,4,-udd-ldr-luu,"5,5,1,5,9,9,8,12,13,13,12,8,4",2,2250
25,S103,updating,test,22,9,3,0,-dll-rrl-llu,"3,3,7,6,5,5,6,7,6,6,5,4,0",0,2070
26,S103,updating,test,23,9,10,9,-dur-udl-dul,"10,10,14,10,11,11,7,11,10,10,14,10,9",9,1920
27,S103,updating,test,24,12,1,12,drududdldlrl,"1,5,6,2,6,2,6,10,9,13,12,13,12",14,4750
28,S103,updating,test,25,12,12,9,rluuurrlldrd,"12,13,12,8,4,0,1,2,1,0,4,5,9",8,4801
29,S103,updating,test,26,12,11,6,llrruddudluu,"11,10,9,10,11,7,11,15,11,15,14,10,6",6,3110
